[2025-05-01T18:47:51.622278+00:00] main.INFO: Source table payment_services_order_status_data_production_submitted_hash does not exist. Skipping data migration... [] []
[2025-05-01T18:48:05.690449+00:00] main.DEBUG: cache_invalidate:  {"method":"GET","url":"http:/","invalidateInfo":{"tags":["CONFIG"],"mode":"matchingTag"}} []
[2025-05-01T18:48:05.706136+00:00] main.DEBUG: cache_invalidate:  {"method":"GET","url":"http:/","invalidateInfo":{"tags":["LAYOUT_GENERAL_CACHE_TAG"],"mode":"matchingTag"}} []
[2025-05-01T18:48:05.706968+00:00] main.DEBUG: cache_invalidate:  {"method":"GET","url":"http:/","invalidateInfo":{"tags":["BLOCK_HTML"],"mode":"matchingTag"}} []
[2025-05-01T18:48:05.707717+00:00] main.DEBUG: cache_invalidate:  {"method":"GET","url":"http:/","invalidateInfo":{"tags":["COLLECTION_DATA"],"mode":"matchingTag"}} []
[2025-05-01T18:48:05.708527+00:00] main.DEBUG: cache_invalidate:  {"method":"GET","url":"http:/","invalidateInfo":{"tags":["REFLECTION"],"mode":"matchingTag"}} []
[2025-05-01T18:48:05.709236+00:00] main.DEBUG: cache_invalidate:  {"method":"GET","url":"http:/","invalidateInfo":{"tags":["DB_DDL"],"mode":"matchingTag"}} []
[2025-05-01T18:48:05.709940+00:00] main.DEBUG: cache_invalidate:  {"method":"GET","url":"http:/","invalidateInfo":{"tags":["COMPILED_CONFIG"],"mode":"matchingTag"}} []
[2025-05-01T18:48:05.710640+00:00] main.DEBUG: cache_invalidate:  {"method":"GET","url":"http:/","invalidateInfo":{"tags":["EAV"],"mode":"matchingTag"}} []
[2025-05-01T18:48:05.711494+00:00] main.DEBUG: cache_invalidate:  {"method":"GET","url":"http:/","invalidateInfo":{"tags":["CUSTOMER_NOTIFICATION"],"mode":"matchingTag"}} []
[2025-05-01T18:48:05.712301+00:00] main.DEBUG: cache_invalidate:  {"method":"GET","url":"http:/","invalidateInfo":{"tags":["INTEGRATION"],"mode":"matchingTag"}} []
[2025-05-01T18:48:05.713017+00:00] main.DEBUG: cache_invalidate:  {"method":"GET","url":"http:/","invalidateInfo":{"tags":["INTEGRATION_API_CONFIG"],"mode":"matchingTag"}} []
[2025-05-01T18:48:05.713718+00:00] main.DEBUG: cache_invalidate:  {"method":"GET","url":"http:/","invalidateInfo":{"tags":["GRAPHQL_QUERY_RESOLVER_RESULT"],"mode":"matchingTag"}} []
[2025-05-01T18:48:05.714951+00:00] main.DEBUG: cache_invalidate:  {"method":"GET","url":"http:/","invalidateInfo":{"tags":["FPC"],"mode":"matchingTag"}} []
[2025-05-01T18:48:05.715664+00:00] main.DEBUG: cache_invalidate:  {"method":"GET","url":"http:/","invalidateInfo":{"tags":["WEBSERVICE"],"mode":"matchingTag"}} []
[2025-05-01T18:48:05.716373+00:00] main.DEBUG: cache_invalidate:  {"method":"GET","url":"http:/","invalidateInfo":{"tags":["TRANSLATE"],"mode":"matchingTag"}} []
[2025-05-01T18:48:06.514548+00:00] main.ERROR: Unable to apply data patch Magento\Theme\Setup\Patch\Data\RegisterThemes for module Magento_Theme. Original exception message: Wrong file
#0 C:\xampp8\htdocs\projeto_essentia_magento\magento-loja5\setup\src\Magento\Setup\Model\Installer.php(1148): Magento\Framework\Setup\Patch\PatchApplier->applyDataPatch('Magento_Theme')
#1 C:\xampp8\htdocs\projeto_essentia_magento\magento-loja5\setup\src\Magento\Setup\Model\Installer.php(1020): Magento\Setup\Model\Installer->handleDBSchemaData(Object(Magento\Setup\Module\DataSetup), 'data', Array)
#2 [internal function]: Magento\Setup\Model\Installer->installDataFixtures(Array)
#3 C:\xampp8\htdocs\projeto_essentia_magento\magento-loja5\setup\src\Magento\Setup\Model\Installer.php(422): call_user_func_array(Array, Array)
#4 C:\xampp8\htdocs\projeto_essentia_magento\magento-loja5\setup\src\Magento\Setup\Console\Command\InstallCommand.php(239): Magento\Setup\Model\Installer->install(Array)
#5 C:\xampp8\htdocs\projeto_essentia_magento\magento-loja5\vendor\symfony\console\Command\Command.php(326): Magento\Setup\Console\Command\InstallCommand->execute(Object(Symfony\Component\Console\Input\ArgvInput), Object(Symfony\Component\Console\Output\ConsoleOutput))
#6 C:\xampp8\htdocs\projeto_essentia_magento\magento-loja5\vendor\symfony\console\Application.php(1078): Symfony\Component\Console\Command\Command->run(Object(Symfony\Component\Console\Input\ArgvInput), Object(Symfony\Component\Console\Output\ConsoleOutput))
#7 C:\xampp8\htdocs\projeto_essentia_magento\magento-loja5\vendor\symfony\console\Application.php(324): Symfony\Component\Console\Application->doRunCommand(Object(Magento\Setup\Console\Command\InstallCommand), Object(Symfony\Component\Console\Input\ArgvInput), Object(Symfony\Component\Console\Output\ConsoleOutput))
#8 C:\xampp8\htdocs\projeto_essentia_magento\magento-loja5\vendor\magento\framework\Console\Cli.php(122): Symfony\Component\Console\Application->doRun(Object(Symfony\Component\Console\Input\ArgvInput), Object(Symfony\Component\Console\Output\ConsoleOutput))
#9 C:\xampp8\htdocs\projeto_essentia_magento\magento-loja5\vendor\symfony\console\Application.php(175): Magento\Framework\Console\Cli->doRun(Object(Symfony\Component\Console\Input\ArgvInput), Object(Symfony\Component\Console\Output\ConsoleOutput))
#10 C:\xampp8\htdocs\projeto_essentia_magento\magento-loja5\bin\magento(23): Symfony\Component\Console\Application->run()
#11 {main} [] []
[2025-05-01T19:15:30.881024+00:00] main.DEBUG: cache_invalidate:  {"method":"GET","url":"http:/","invalidateInfo":{"tags":["CONFIG"],"mode":"matchingTag"}} []
[2025-05-01T19:15:30.898058+00:00] main.DEBUG: cache_invalidate:  {"method":"GET","url":"http:/","invalidateInfo":{"tags":["LAYOUT_GENERAL_CACHE_TAG"],"mode":"matchingTag"}} []
[2025-05-01T19:15:30.898878+00:00] main.DEBUG: cache_invalidate:  {"method":"GET","url":"http:/","invalidateInfo":{"tags":["BLOCK_HTML"],"mode":"matchingTag"}} []
[2025-05-01T19:15:30.899673+00:00] main.DEBUG: cache_invalidate:  {"method":"GET","url":"http:/","invalidateInfo":{"tags":["COLLECTION_DATA"],"mode":"matchingTag"}} []
[2025-05-01T19:15:30.900423+00:00] main.DEBUG: cache_invalidate:  {"method":"GET","url":"http:/","invalidateInfo":{"tags":["REFLECTION"],"mode":"matchingTag"}} []
[2025-05-01T19:15:30.901144+00:00] main.DEBUG: cache_invalidate:  {"method":"GET","url":"http:/","invalidateInfo":{"tags":["DB_DDL"],"mode":"matchingTag"}} []
[2025-05-01T19:15:30.902633+00:00] main.DEBUG: cache_invalidate:  {"method":"GET","url":"http:/","invalidateInfo":{"tags":["COMPILED_CONFIG"],"mode":"matchingTag"}} []
[2025-05-01T19:15:30.903717+00:00] main.DEBUG: cache_invalidate:  {"method":"GET","url":"http:/","invalidateInfo":{"tags":["EAV"],"mode":"matchingTag"}} []
[2025-05-01T19:15:30.904560+00:00] main.DEBUG: cache_invalidate:  {"method":"GET","url":"http:/","invalidateInfo":{"tags":["CUSTOMER_NOTIFICATION"],"mode":"matchingTag"}} []
[2025-05-01T19:15:30.905472+00:00] main.DEBUG: cache_invalidate:  {"method":"GET","url":"http:/","invalidateInfo":{"tags":["INTEGRATION"],"mode":"matchingTag"}} []
[2025-05-01T19:15:30.906273+00:00] main.DEBUG: cache_invalidate:  {"method":"GET","url":"http:/","invalidateInfo":{"tags":["INTEGRATION_API_CONFIG"],"mode":"matchingTag"}} []
[2025-05-01T19:15:30.906984+00:00] main.DEBUG: cache_invalidate:  {"method":"GET","url":"http:/","invalidateInfo":{"tags":["GRAPHQL_QUERY_RESOLVER_RESULT"],"mode":"matchingTag"}} []
[2025-05-01T19:15:30.910405+00:00] main.DEBUG: cache_invalidate:  {"method":"GET","url":"http:/","invalidateInfo":{"tags":["FPC"],"mode":"matchingTag"}} []
[2025-05-01T19:15:30.911127+00:00] main.DEBUG: cache_invalidate:  {"method":"GET","url":"http:/","invalidateInfo":{"tags":["WEBSERVICE"],"mode":"matchingTag"}} []
[2025-05-01T19:15:30.911841+00:00] main.DEBUG: cache_invalidate:  {"method":"GET","url":"http:/","invalidateInfo":{"tags":["TRANSLATE"],"mode":"matchingTag"}} []
[2025-05-01T19:15:42.876952+00:00] main.DEBUG: cache_invalidate:  {"method":"GET","url":"http:/","invalidateInfo":{"tags":["CONFIG"],"mode":"matchingTag"}} []
[2025-05-01T19:15:54.014728+00:00] main.DEBUG: cache_invalidate:  {"method":"GET","url":"http:/","invalidateInfo":{"identifier":"DB_PDO_MYSQL_DDL_sales_order_status_data_exporter_cl_1"}} []
[2025-05-01T19:15:54.016312+00:00] main.DEBUG: cache_invalidate:  {"method":"GET","url":"http:/","invalidateInfo":{"identifier":"DB_PDO_MYSQL_DDL_sales_order_status_data_exporter_cl_2"}} []
[2025-05-01T19:15:54.016569+00:00] main.DEBUG: cache_invalidate:  {"method":"GET","url":"http:/","invalidateInfo":{"identifier":"DB_PDO_MYSQL_DDL_sales_order_status_data_exporter_cl_3"}} []
[2025-05-01T19:15:54.016779+00:00] main.DEBUG: cache_invalidate:  {"method":"GET","url":"http:/","invalidateInfo":{"identifier":"DB_PDO_MYSQL_DDL_sales_order_status_data_exporter_cl_4"}} []
[2025-05-01T19:15:54.018139+00:00] main.DEBUG: cache_invalidate:  {"method":"GET","url":"http:/","invalidateInfo":{"identifier":"DB_PDO_MYSQL_DDL_sales_order_status_data_exporter_cl_5"}} []
[2025-05-01T19:15:55.085860+00:00] main.DEBUG: cache_invalidate:  {"method":"GET","url":"http:/","invalidateInfo":{"tags":["CONFIG"],"mode":"matchingTag"}} []
[2025-05-01T19:15:55.100028+00:00] main.DEBUG: cache_invalidate:  {"method":"GET","url":"http:/","invalidateInfo":{"tags":["LAYOUT_GENERAL_CACHE_TAG"],"mode":"matchingTag"}} []
[2025-05-01T19:15:55.100821+00:00] main.DEBUG: cache_invalidate:  {"method":"GET","url":"http:/","invalidateInfo":{"tags":["BLOCK_HTML"],"mode":"matchingTag"}} []
[2025-05-01T19:15:55.101546+00:00] main.DEBUG: cache_invalidate:  {"method":"GET","url":"http:/","invalidateInfo":{"tags":["COLLECTION_DATA"],"mode":"matchingTag"}} []
[2025-05-01T19:15:55.214499+00:00] main.DEBUG: cache_invalidate:  {"method":"GET","url":"http:/","invalidateInfo":{"tags":["REFLECTION"],"mode":"matchingTag"}} []
[2025-05-01T19:15:55.263828+00:00] main.DEBUG: cache_invalidate:  {"method":"GET","url":"http:/","invalidateInfo":{"tags":["DB_DDL"],"mode":"matchingTag"}} []
[2025-05-01T19:15:55.266081+00:00] main.DEBUG: cache_invalidate:  {"method":"GET","url":"http:/","invalidateInfo":{"tags":["COMPILED_CONFIG"],"mode":"matchingTag"}} []
[2025-05-01T19:15:55.267167+00:00] main.DEBUG: cache_invalidate:  {"method":"GET","url":"http:/","invalidateInfo":{"tags":["EAV"],"mode":"matchingTag"}} []
[2025-05-01T19:15:55.267858+00:00] main.DEBUG: cache_invalidate:  {"method":"GET","url":"http:/","invalidateInfo":{"tags":["CUSTOMER_NOTIFICATION"],"mode":"matchingTag"}} []
[2025-05-01T19:15:55.268556+00:00] main.DEBUG: cache_invalidate:  {"method":"GET","url":"http:/","invalidateInfo":{"tags":["INTEGRATION"],"mode":"matchingTag"}} []
[2025-05-01T19:15:55.269247+00:00] main.DEBUG: cache_invalidate:  {"method":"GET","url":"http:/","invalidateInfo":{"tags":["INTEGRATION_API_CONFIG"],"mode":"matchingTag"}} []
[2025-05-01T19:15:55.269950+00:00] main.DEBUG: cache_invalidate:  {"method":"GET","url":"http:/","invalidateInfo":{"tags":["GRAPHQL_QUERY_RESOLVER_RESULT"],"mode":"matchingTag"}} []
[2025-05-01T19:15:55.270804+00:00] main.DEBUG: cache_invalidate:  {"method":"GET","url":"http:/","invalidateInfo":{"tags":["FPC"],"mode":"matchingTag"}} []
[2025-05-01T19:15:55.272605+00:00] main.DEBUG: cache_invalidate:  {"method":"GET","url":"http:/","invalidateInfo":{"tags":["WEBSERVICE"],"mode":"matchingTag"}} []
[2025-05-01T19:15:55.273710+00:00] main.DEBUG: cache_invalidate:  {"method":"GET","url":"http:/","invalidateInfo":{"tags":["TRANSLATE"],"mode":"matchingTag"}} []
[2025-05-01T19:15:55.556766+00:00] main.DEBUG: cache_invalidate:  {"method":"GET","url":"http:/","invalidateInfo":{"tags":["BACKEND_MAINMENU"],"mode":"matchingTag"}} []
[2025-05-01T19:15:55.557101+00:00] main.DEBUG: cache_invalidate:  {"method":"GET","url":"http:/","invalidateInfo":{"tags":["user_assigned_role"],"mode":"matchingAnyTag"}} []
[2025-05-01T19:15:55.634848+00:00] main.DEBUG: cache_invalidate:  {"method":"GET","url":"http:/","invalidateInfo":{"tags":["EAV"],"mode":"matchingAnyTag"}} []
[2025-05-01T19:15:55.639010+00:00] main.DEBUG: cache_invalidate:  {"method":"GET","url":"http:/","invalidateInfo":{"tags":["EAV","EAV_ATTRIBUTE"],"mode":"matchingAnyTag"}} []
[2025-05-01T19:15:55.758436+00:00] main.DEBUG: cache_invalidate:  {"method":"GET","url":"http:/","invalidateInfo":{"tags":["EAV","EAV_ATTRIBUTE"],"mode":"matchingAnyTag"}} []
[2025-05-01T19:15:55.835182+00:00] main.DEBUG: cache_invalidate:  {"method":"GET","url":"http:/","invalidateInfo":{"tags":["EAV","EAV_ATTRIBUTE"],"mode":"matchingAnyTag"}} []
[2025-05-01T19:15:55.842725+00:00] main.DEBUG: cache_invalidate:  {"method":"GET","url":"http:/","invalidateInfo":{"tags":["EAV","EAV_ATTRIBUTE"],"mode":"matchingAnyTag"}} []
[2025-05-01T19:15:55.843195+00:00] main.DEBUG: cache_invalidate:  {"method":"GET","url":"http:/","invalidateInfo":{"tags":["EAV","EAV_ATTRIBUTE"],"mode":"matchingAnyTag"}} []
[2025-05-01T19:15:55.843499+00:00] main.DEBUG: cache_invalidate:  {"method":"GET","url":"http:/","invalidateInfo":{"tags":["EAV_ATTRIBUTE"],"mode":"matchingAnyTag"}} []
[2025-05-01T19:15:55.845915+00:00] main.DEBUG: cache_invalidate:  {"method":"GET","url":"http:/","invalidateInfo":{"tags":["EAV_ATTRIBUTE_21","FPC"],"mode":"matchingTag"}} []
[2025-05-01T19:15:55.846108+00:00] main.DEBUG: cache_invalidate:  {"method":"GET","url":"http:/","invalidateInfo":{"tags":["EAV_ENTITY_TYPES_CUSTOMER_ENTITY","FPC"],"mode":"matchingTag"}} []
[2025-05-01T19:15:55.846287+00:00] main.DEBUG: cache_invalidate:  {"method":"GET","url":"http:/","invalidateInfo":{"tags":["EAV_FORM_adminhtml_customer_FORM","FPC"],"mode":"matchingTag"}} []
[2025-05-01T19:15:55.846459+00:00] main.DEBUG: cache_invalidate:  {"method":"GET","url":"http:/","invalidateInfo":{"tags":["EAV_ATTRIBUTE_customer_disable_auto_group_change","FPC"],"mode":"matchingTag"}} []
[2025-05-01T19:15:55.879201+00:00] main.DEBUG: cache_invalidate:  {"method":"GET","url":"http:/","invalidateInfo":{"tags":["EAV","EAV_ATTRIBUTE"],"mode":"matchingAnyTag"}} []
[2025-05-01T19:15:55.880068+00:00] main.DEBUG: cache_invalidate:  {"method":"GET","url":"http:/","invalidateInfo":{"tags":["EAV","EAV_ATTRIBUTE"],"mode":"matchingAnyTag"}} []
[2025-05-01T19:15:55.880419+00:00] main.DEBUG: cache_invalidate:  {"method":"GET","url":"http:/","invalidateInfo":{"tags":["EAV","EAV_ATTRIBUTE"],"mode":"matchingAnyTag"}} []
[2025-05-01T19:15:55.880712+00:00] main.DEBUG: cache_invalidate:  {"method":"GET","url":"http:/","invalidateInfo":{"tags":["EAV_ATTRIBUTE"],"mode":"matchingAnyTag"}} []
[2025-05-01T19:15:55.882370+00:00] main.DEBUG: cache_invalidate:  {"method":"GET","url":"http:/","invalidateInfo":{"tags":["EAV_ATTRIBUTE_36","FPC"],"mode":"matchingTag"}} []
[2025-05-01T19:15:55.882566+00:00] main.DEBUG: cache_invalidate:  {"method":"GET","url":"http:/","invalidateInfo":{"tags":["EAV_ENTITY_TYPES_CUSTOMER_ADDRESS_ENTITY","FPC"],"mode":"matchingTag"}} []
[2025-05-01T19:15:55.882745+00:00] main.DEBUG: cache_invalidate:  {"method":"GET","url":"http:/","invalidateInfo":{"tags":["EAV_FORM_adminhtml_customer_address_FORM","FPC"],"mode":"matchingTag"}} []
[2025-05-01T19:15:55.882917+00:00] main.DEBUG: cache_invalidate:  {"method":"GET","url":"http:/","invalidateInfo":{"tags":["EAV_FORM_customer_address_edit_FORM","FPC"],"mode":"matchingTag"}} []
[2025-05-01T19:15:55.883086+00:00] main.DEBUG: cache_invalidate:  {"method":"GET","url":"http:/","invalidateInfo":{"tags":["EAV_FORM_customer_register_address_FORM","FPC"],"mode":"matchingTag"}} []
[2025-05-01T19:15:55.883254+00:00] main.DEBUG: cache_invalidate:  {"method":"GET","url":"http:/","invalidateInfo":{"tags":["EAV_ATTRIBUTE_customer_address_vat_id","FPC"],"mode":"matchingTag"}} []
[2025-05-01T19:15:55.885431+00:00] main.DEBUG: cache_invalidate:  {"method":"GET","url":"http:/","invalidateInfo":{"tags":["EAV","EAV_ATTRIBUTE"],"mode":"matchingAnyTag"}} []
[2025-05-01T19:15:55.886664+00:00] main.DEBUG: cache_invalidate:  {"method":"GET","url":"http:/","invalidateInfo":{"tags":["EAV","EAV_ATTRIBUTE"],"mode":"matchingAnyTag"}} []
[2025-05-01T19:15:55.895425+00:00] main.DEBUG: cache_invalidate:  {"method":"GET","url":"http:/","invalidateInfo":{"tags":["EAV_ATTRIBUTE_21","FPC"],"mode":"matchingTag"}} []
[2025-05-01T19:15:55.895639+00:00] main.DEBUG: cache_invalidate:  {"method":"GET","url":"http:/","invalidateInfo":{"tags":["EAV_ATTRIBUTE_customer_disable_auto_group_change","FPC"],"mode":"matchingTag"}} []
[2025-05-01T19:15:55.896165+00:00] main.DEBUG: cache_invalidate:  {"method":"GET","url":"http:/","invalidateInfo":{"tags":["EAV_ATTRIBUTE_36","FPC"],"mode":"matchingTag"}} []
[2025-05-01T19:15:55.896353+00:00] main.DEBUG: cache_invalidate:  {"method":"GET","url":"http:/","invalidateInfo":{"tags":["EAV_ATTRIBUTE_customer_address_vat_id","FPC"],"mode":"matchingTag"}} []
[2025-05-01T19:15:55.910196+00:00] main.DEBUG: cache_invalidate:  {"method":"GET","url":"http:/","invalidateInfo":{"tags":["EAV","EAV_ATTRIBUTE"],"mode":"matchingAnyTag"}} []
[2025-05-01T19:15:55.911001+00:00] main.DEBUG: cache_invalidate:  {"method":"GET","url":"http:/","invalidateInfo":{"tags":["EAV","EAV_ATTRIBUTE"],"mode":"matchingAnyTag"}} []
[2025-05-01T19:15:55.911349+00:00] main.DEBUG: cache_invalidate:  {"method":"GET","url":"http:/","invalidateInfo":{"tags":["EAV","EAV_ATTRIBUTE"],"mode":"matchingAnyTag"}} []
[2025-05-01T19:15:55.911635+00:00] main.DEBUG: cache_invalidate:  {"method":"GET","url":"http:/","invalidateInfo":{"tags":["EAV_ATTRIBUTE"],"mode":"matchingAnyTag"}} []
[2025-05-01T19:15:55.913546+00:00] main.DEBUG: cache_invalidate:  {"method":"GET","url":"http:/","invalidateInfo":{"tags":["EAV_ATTRIBUTE_1","FPC"],"mode":"matchingTag"}} []
[2025-05-01T19:15:55.913738+00:00] main.DEBUG: cache_invalidate:  {"method":"GET","url":"http:/","invalidateInfo":{"tags":["EAV_ENTITY_TYPES_CUSTOMER_ENTITY","FPC"],"mode":"matchingTag"}} []
[2025-05-01T19:15:55.913915+00:00] main.DEBUG: cache_invalidate:  {"method":"GET","url":"http:/","invalidateInfo":{"tags":["EAV_FORM_adminhtml_customer_FORM","FPC"],"mode":"matchingTag"}} []
[2025-05-01T19:15:55.914085+00:00] main.DEBUG: cache_invalidate:  {"method":"GET","url":"http:/","invalidateInfo":{"tags":["EAV_ATTRIBUTE_customer_website_id","FPC"],"mode":"matchingTag"}} []
[2025-05-01T19:15:55.919225+00:00] main.DEBUG: cache_invalidate:  {"method":"GET","url":"http:/","invalidateInfo":{"tags":["EAV","EAV_ATTRIBUTE"],"mode":"matchingAnyTag"}} []
[2025-05-01T19:15:55.919929+00:00] main.DEBUG: cache_invalidate:  {"method":"GET","url":"http:/","invalidateInfo":{"tags":["EAV","EAV_ATTRIBUTE"],"mode":"matchingAnyTag"}} []
[2025-05-01T19:15:55.920269+00:00] main.DEBUG: cache_invalidate:  {"method":"GET","url":"http:/","invalidateInfo":{"tags":["EAV","EAV_ATTRIBUTE"],"mode":"matchingAnyTag"}} []
[2025-05-01T19:15:55.920552+00:00] main.DEBUG: cache_invalidate:  {"method":"GET","url":"http:/","invalidateInfo":{"tags":["EAV_ATTRIBUTE"],"mode":"matchingAnyTag"}} []
[2025-05-01T19:15:55.922550+00:00] main.DEBUG: cache_invalidate:  {"method":"GET","url":"http:/","invalidateInfo":{"tags":["EAV_ATTRIBUTE_3","FPC"],"mode":"matchingTag"}} []
[2025-05-01T19:15:55.922767+00:00] main.DEBUG: cache_invalidate:  {"method":"GET","url":"http:/","invalidateInfo":{"tags":["EAV_ENTITY_TYPES_CUSTOMER_ENTITY","FPC"],"mode":"matchingTag"}} []
[2025-05-01T19:15:55.922946+00:00] main.DEBUG: cache_invalidate:  {"method":"GET","url":"http:/","invalidateInfo":{"tags":["EAV_FORM_adminhtml_customer_FORM","FPC"],"mode":"matchingTag"}} []
[2025-05-01T19:15:55.923117+00:00] main.DEBUG: cache_invalidate:  {"method":"GET","url":"http:/","invalidateInfo":{"tags":["EAV_ATTRIBUTE_customer_created_in","FPC"],"mode":"matchingTag"}} []
[2025-05-01T19:15:55.928371+00:00] main.DEBUG: cache_invalidate:  {"method":"GET","url":"http:/","invalidateInfo":{"tags":["EAV","EAV_ATTRIBUTE"],"mode":"matchingAnyTag"}} []
[2025-05-01T19:15:55.929156+00:00] main.DEBUG: cache_invalidate:  {"method":"GET","url":"http:/","invalidateInfo":{"tags":["EAV","EAV_ATTRIBUTE"],"mode":"matchingAnyTag"}} []
[2025-05-01T19:15:55.929503+00:00] main.DEBUG: cache_invalidate:  {"method":"GET","url":"http:/","invalidateInfo":{"tags":["EAV","EAV_ATTRIBUTE"],"mode":"matchingAnyTag"}} []
[2025-05-01T19:15:55.929794+00:00] main.DEBUG: cache_invalidate:  {"method":"GET","url":"http:/","invalidateInfo":{"tags":["EAV_ATTRIBUTE"],"mode":"matchingAnyTag"}} []
[2025-05-01T19:15:55.931973+00:00] main.DEBUG: cache_invalidate:  {"method":"GET","url":"http:/","invalidateInfo":{"tags":["EAV_ATTRIBUTE_9","FPC"],"mode":"matchingTag"}} []
[2025-05-01T19:15:55.932203+00:00] main.DEBUG: cache_invalidate:  {"method":"GET","url":"http:/","invalidateInfo":{"tags":["EAV_ENTITY_TYPES_CUSTOMER_ENTITY","FPC"],"mode":"matchingTag"}} []
[2025-05-01T19:15:55.932382+00:00] main.DEBUG: cache_invalidate:  {"method":"GET","url":"http:/","invalidateInfo":{"tags":["EAV_FORM_adminhtml_checkout_FORM","FPC"],"mode":"matchingTag"}} []
[2025-05-01T19:15:55.932556+00:00] main.DEBUG: cache_invalidate:  {"method":"GET","url":"http:/","invalidateInfo":{"tags":["EAV_FORM_adminhtml_customer_FORM","FPC"],"mode":"matchingTag"}} []
[2025-05-01T19:15:55.932727+00:00] main.DEBUG: cache_invalidate:  {"method":"GET","url":"http:/","invalidateInfo":{"tags":["EAV_FORM_checkout_register_FORM","FPC"],"mode":"matchingTag"}} []
[2025-05-01T19:15:55.932894+00:00] main.DEBUG: cache_invalidate:  {"method":"GET","url":"http:/","invalidateInfo":{"tags":["EAV_FORM_customer_account_create_FORM","FPC"],"mode":"matchingTag"}} []
[2025-05-01T19:15:55.933059+00:00] main.DEBUG: cache_invalidate:  {"method":"GET","url":"http:/","invalidateInfo":{"tags":["EAV_FORM_customer_account_edit_FORM","FPC"],"mode":"matchingTag"}} []
[2025-05-01T19:15:55.933223+00:00] main.DEBUG: cache_invalidate:  {"method":"GET","url":"http:/","invalidateInfo":{"tags":["EAV_ATTRIBUTE_customer_email","FPC"],"mode":"matchingTag"}} []
[2025-05-01T19:15:55.938440+00:00] main.DEBUG: cache_invalidate:  {"method":"GET","url":"http:/","invalidateInfo":{"tags":["EAV","EAV_ATTRIBUTE"],"mode":"matchingAnyTag"}} []
[2025-05-01T19:15:55.939297+00:00] main.DEBUG: cache_invalidate:  {"method":"GET","url":"http:/","invalidateInfo":{"tags":["EAV","EAV_ATTRIBUTE"],"mode":"matchingAnyTag"}} []
[2025-05-01T19:15:55.939656+00:00] main.DEBUG: cache_invalidate:  {"method":"GET","url":"http:/","invalidateInfo":{"tags":["EAV","EAV_ATTRIBUTE"],"mode":"matchingAnyTag"}} []
[2025-05-01T19:15:55.939948+00:00] main.DEBUG: cache_invalidate:  {"method":"GET","url":"http:/","invalidateInfo":{"tags":["EAV_ATTRIBUTE"],"mode":"matchingAnyTag"}} []
[2025-05-01T19:15:55.941800+00:00] main.DEBUG: cache_invalidate:  {"method":"GET","url":"http:/","invalidateInfo":{"tags":["EAV_ATTRIBUTE_10","FPC"],"mode":"matchingTag"}} []
[2025-05-01T19:15:55.941992+00:00] main.DEBUG: cache_invalidate:  {"method":"GET","url":"http:/","invalidateInfo":{"tags":["EAV_ENTITY_TYPES_CUSTOMER_ENTITY","FPC"],"mode":"matchingTag"}} []
[2025-05-01T19:15:55.942167+00:00] main.DEBUG: cache_invalidate:  {"method":"GET","url":"http:/","invalidateInfo":{"tags":["EAV_FORM_adminhtml_checkout_FORM","FPC"],"mode":"matchingTag"}} []
[2025-05-01T19:15:55.942338+00:00] main.DEBUG: cache_invalidate:  {"method":"GET","url":"http:/","invalidateInfo":{"tags":["EAV_FORM_adminhtml_customer_FORM","FPC"],"mode":"matchingTag"}} []
[2025-05-01T19:15:55.942505+00:00] main.DEBUG: cache_invalidate:  {"method":"GET","url":"http:/","invalidateInfo":{"tags":["EAV_ATTRIBUTE_customer_group_id","FPC"],"mode":"matchingTag"}} []
[2025-05-01T19:15:55.947731+00:00] main.DEBUG: cache_invalidate:  {"method":"GET","url":"http:/","invalidateInfo":{"tags":["EAV","EAV_ATTRIBUTE"],"mode":"matchingAnyTag"}} []
[2025-05-01T19:15:55.948543+00:00] main.DEBUG: cache_invalidate:  {"method":"GET","url":"http:/","invalidateInfo":{"tags":["EAV","EAV_ATTRIBUTE"],"mode":"matchingAnyTag"}} []
[2025-05-01T19:15:55.948888+00:00] main.DEBUG: cache_invalidate:  {"method":"GET","url":"http:/","invalidateInfo":{"tags":["EAV","EAV_ATTRIBUTE"],"mode":"matchingAnyTag"}} []
[2025-05-01T19:15:55.949175+00:00] main.DEBUG: cache_invalidate:  {"method":"GET","url":"http:/","invalidateInfo":{"tags":["EAV_ATTRIBUTE"],"mode":"matchingAnyTag"}} []
[2025-05-01T19:15:55.950975+00:00] main.DEBUG: cache_invalidate:  {"method":"GET","url":"http:/","invalidateInfo":{"tags":["EAV_ATTRIBUTE_11","FPC"],"mode":"matchingTag"}} []
[2025-05-01T19:15:55.951178+00:00] main.DEBUG: cache_invalidate:  {"method":"GET","url":"http:/","invalidateInfo":{"tags":["EAV_ENTITY_TYPES_CUSTOMER_ENTITY","FPC"],"mode":"matchingTag"}} []
[2025-05-01T19:15:55.951356+00:00] main.DEBUG: cache_invalidate:  {"method":"GET","url":"http:/","invalidateInfo":{"tags":["EAV_FORM_adminhtml_checkout_FORM","FPC"],"mode":"matchingTag"}} []
[2025-05-01T19:15:55.951526+00:00] main.DEBUG: cache_invalidate:  {"method":"GET","url":"http:/","invalidateInfo":{"tags":["EAV_FORM_adminhtml_customer_FORM","FPC"],"mode":"matchingTag"}} []
[2025-05-01T19:15:55.951725+00:00] main.DEBUG: cache_invalidate:  {"method":"GET","url":"http:/","invalidateInfo":{"tags":["EAV_FORM_checkout_register_FORM","FPC"],"mode":"matchingTag"}} []
[2025-05-01T19:15:55.951896+00:00] main.DEBUG: cache_invalidate:  {"method":"GET","url":"http:/","invalidateInfo":{"tags":["EAV_FORM_customer_account_create_FORM","FPC"],"mode":"matchingTag"}} []
[2025-05-01T19:15:55.952060+00:00] main.DEBUG: cache_invalidate:  {"method":"GET","url":"http:/","invalidateInfo":{"tags":["EAV_FORM_customer_account_edit_FORM","FPC"],"mode":"matchingTag"}} []
[2025-05-01T19:15:55.952224+00:00] main.DEBUG: cache_invalidate:  {"method":"GET","url":"http:/","invalidateInfo":{"tags":["EAV_ATTRIBUTE_customer_dob","FPC"],"mode":"matchingTag"}} []
[2025-05-01T19:15:55.957786+00:00] main.DEBUG: cache_invalidate:  {"method":"GET","url":"http:/","invalidateInfo":{"tags":["EAV","EAV_ATTRIBUTE"],"mode":"matchingAnyTag"}} []
[2025-05-01T19:15:55.958537+00:00] main.DEBUG: cache_invalidate:  {"method":"GET","url":"http:/","invalidateInfo":{"tags":["EAV","EAV_ATTRIBUTE"],"mode":"matchingAnyTag"}} []
[2025-05-01T19:15:55.958883+00:00] main.DEBUG: cache_invalidate:  {"method":"GET","url":"http:/","invalidateInfo":{"tags":["EAV","EAV_ATTRIBUTE"],"mode":"matchingAnyTag"}} []
[2025-05-01T19:15:55.959173+00:00] main.DEBUG: cache_invalidate:  {"method":"GET","url":"http:/","invalidateInfo":{"tags":["EAV_ATTRIBUTE"],"mode":"matchingAnyTag"}} []
[2025-05-01T19:15:55.960975+00:00] main.DEBUG: cache_invalidate:  {"method":"GET","url":"http:/","invalidateInfo":{"tags":["EAV_ATTRIBUTE_17","FPC"],"mode":"matchingTag"}} []
[2025-05-01T19:15:55.961175+00:00] main.DEBUG: cache_invalidate:  {"method":"GET","url":"http:/","invalidateInfo":{"tags":["EAV_ENTITY_TYPES_CUSTOMER_ENTITY","FPC"],"mode":"matchingTag"}} []
[2025-05-01T19:15:55.961353+00:00] main.DEBUG: cache_invalidate:  {"method":"GET","url":"http:/","invalidateInfo":{"tags":["EAV_FORM_adminhtml_checkout_FORM","FPC"],"mode":"matchingTag"}} []
[2025-05-01T19:15:55.961523+00:00] main.DEBUG: cache_invalidate:  {"method":"GET","url":"http:/","invalidateInfo":{"tags":["EAV_FORM_adminhtml_customer_FORM","FPC"],"mode":"matchingTag"}} []
[2025-05-01T19:15:55.961688+00:00] main.DEBUG: cache_invalidate:  {"method":"GET","url":"http:/","invalidateInfo":{"tags":["EAV_FORM_checkout_register_FORM","FPC"],"mode":"matchingTag"}} []
[2025-05-01T19:15:55.961855+00:00] main.DEBUG: cache_invalidate:  {"method":"GET","url":"http:/","invalidateInfo":{"tags":["EAV_FORM_customer_account_create_FORM","FPC"],"mode":"matchingTag"}} []
[2025-05-01T19:15:55.962019+00:00] main.DEBUG: cache_invalidate:  {"method":"GET","url":"http:/","invalidateInfo":{"tags":["EAV_FORM_customer_account_edit_FORM","FPC"],"mode":"matchingTag"}} []
[2025-05-01T19:15:55.962183+00:00] main.DEBUG: cache_invalidate:  {"method":"GET","url":"http:/","invalidateInfo":{"tags":["EAV_ATTRIBUTE_customer_taxvat","FPC"],"mode":"matchingTag"}} []
[2025-05-01T19:15:55.967404+00:00] main.DEBUG: cache_invalidate:  {"method":"GET","url":"http:/","invalidateInfo":{"tags":["EAV","EAV_ATTRIBUTE"],"mode":"matchingAnyTag"}} []
[2025-05-01T19:15:55.968106+00:00] main.DEBUG: cache_invalidate:  {"method":"GET","url":"http:/","invalidateInfo":{"tags":["EAV","EAV_ATTRIBUTE"],"mode":"matchingAnyTag"}} []
[2025-05-01T19:15:55.968449+00:00] main.DEBUG: cache_invalidate:  {"method":"GET","url":"http:/","invalidateInfo":{"tags":["EAV","EAV_ATTRIBUTE"],"mode":"matchingAnyTag"}} []
[2025-05-01T19:15:55.968736+00:00] main.DEBUG: cache_invalidate:  {"method":"GET","url":"http:/","invalidateInfo":{"tags":["EAV_ATTRIBUTE"],"mode":"matchingAnyTag"}} []
[2025-05-01T19:15:55.970484+00:00] main.DEBUG: cache_invalidate:  {"method":"GET","url":"http:/","invalidateInfo":{"tags":["EAV_ATTRIBUTE_18","FPC"],"mode":"matchingTag"}} []
[2025-05-01T19:15:55.970675+00:00] main.DEBUG: cache_invalidate:  {"method":"GET","url":"http:/","invalidateInfo":{"tags":["EAV_ENTITY_TYPES_CUSTOMER_ENTITY","FPC"],"mode":"matchingTag"}} []
[2025-05-01T19:15:55.970886+00:00] main.DEBUG: cache_invalidate:  {"method":"GET","url":"http:/","invalidateInfo":{"tags":["EAV_ATTRIBUTE_customer_confirmation","FPC"],"mode":"matchingTag"}} []
[2025-05-01T19:15:55.977269+00:00] main.DEBUG: cache_invalidate:  {"method":"GET","url":"http:/","invalidateInfo":{"tags":["EAV","EAV_ATTRIBUTE"],"mode":"matchingAnyTag"}} []
[2025-05-01T19:15:55.978149+00:00] main.DEBUG: cache_invalidate:  {"method":"GET","url":"http:/","invalidateInfo":{"tags":["EAV","EAV_ATTRIBUTE"],"mode":"matchingAnyTag"}} []
[2025-05-01T19:15:55.978505+00:00] main.DEBUG: cache_invalidate:  {"method":"GET","url":"http:/","invalidateInfo":{"tags":["EAV","EAV_ATTRIBUTE"],"mode":"matchingAnyTag"}} []
[2025-05-01T19:15:55.978801+00:00] main.DEBUG: cache_invalidate:  {"method":"GET","url":"http:/","invalidateInfo":{"tags":["EAV_ATTRIBUTE"],"mode":"matchingAnyTag"}} []
[2025-05-01T19:15:55.980734+00:00] main.DEBUG: cache_invalidate:  {"method":"GET","url":"http:/","invalidateInfo":{"tags":["EAV_ATTRIBUTE_19","FPC"],"mode":"matchingTag"}} []
[2025-05-01T19:15:55.980933+00:00] main.DEBUG: cache_invalidate:  {"method":"GET","url":"http:/","invalidateInfo":{"tags":["EAV_ENTITY_TYPES_CUSTOMER_ENTITY","FPC"],"mode":"matchingTag"}} []
[2025-05-01T19:15:55.981110+00:00] main.DEBUG: cache_invalidate:  {"method":"GET","url":"http:/","invalidateInfo":{"tags":["EAV_FORM_adminhtml_customer_FORM","FPC"],"mode":"matchingTag"}} []
[2025-05-01T19:15:55.981283+00:00] main.DEBUG: cache_invalidate:  {"method":"GET","url":"http:/","invalidateInfo":{"tags":["EAV_FORM_checkout_register_FORM","FPC"],"mode":"matchingTag"}} []
[2025-05-01T19:15:55.981452+00:00] main.DEBUG: cache_invalidate:  {"method":"GET","url":"http:/","invalidateInfo":{"tags":["EAV_FORM_customer_account_create_FORM","FPC"],"mode":"matchingTag"}} []
[2025-05-01T19:15:55.981619+00:00] main.DEBUG: cache_invalidate:  {"method":"GET","url":"http:/","invalidateInfo":{"tags":["EAV_FORM_customer_account_edit_FORM","FPC"],"mode":"matchingTag"}} []
[2025-05-01T19:15:55.981785+00:00] main.DEBUG: cache_invalidate:  {"method":"GET","url":"http:/","invalidateInfo":{"tags":["EAV_ATTRIBUTE_customer_created_at","FPC"],"mode":"matchingTag"}} []
[2025-05-01T19:15:55.987025+00:00] main.DEBUG: cache_invalidate:  {"method":"GET","url":"http:/","invalidateInfo":{"tags":["EAV","EAV_ATTRIBUTE"],"mode":"matchingAnyTag"}} []
[2025-05-01T19:15:55.987773+00:00] main.DEBUG: cache_invalidate:  {"method":"GET","url":"http:/","invalidateInfo":{"tags":["EAV","EAV_ATTRIBUTE"],"mode":"matchingAnyTag"}} []
[2025-05-01T19:15:55.988119+00:00] main.DEBUG: cache_invalidate:  {"method":"GET","url":"http:/","invalidateInfo":{"tags":["EAV","EAV_ATTRIBUTE"],"mode":"matchingAnyTag"}} []
[2025-05-01T19:15:55.988415+00:00] main.DEBUG: cache_invalidate:  {"method":"GET","url":"http:/","invalidateInfo":{"tags":["EAV_ATTRIBUTE"],"mode":"matchingAnyTag"}} []
[2025-05-01T19:15:55.990424+00:00] main.DEBUG: cache_invalidate:  {"method":"GET","url":"http:/","invalidateInfo":{"tags":["EAV_ATTRIBUTE_20","FPC"],"mode":"matchingTag"}} []
[2025-05-01T19:15:55.990632+00:00] main.DEBUG: cache_invalidate:  {"method":"GET","url":"http:/","invalidateInfo":{"tags":["EAV_ENTITY_TYPES_CUSTOMER_ENTITY","FPC"],"mode":"matchingTag"}} []
[2025-05-01T19:15:55.990811+00:00] main.DEBUG: cache_invalidate:  {"method":"GET","url":"http:/","invalidateInfo":{"tags":["EAV_FORM_adminhtml_checkout_FORM","FPC"],"mode":"matchingTag"}} []
[2025-05-01T19:15:55.990982+00:00] main.DEBUG: cache_invalidate:  {"method":"GET","url":"http:/","invalidateInfo":{"tags":["EAV_FORM_adminhtml_customer_FORM","FPC"],"mode":"matchingTag"}} []
[2025-05-01T19:15:55.991149+00:00] main.DEBUG: cache_invalidate:  {"method":"GET","url":"http:/","invalidateInfo":{"tags":["EAV_FORM_checkout_register_FORM","FPC"],"mode":"matchingTag"}} []
[2025-05-01T19:15:55.991317+00:00] main.DEBUG: cache_invalidate:  {"method":"GET","url":"http:/","invalidateInfo":{"tags":["EAV_FORM_customer_account_create_FORM","FPC"],"mode":"matchingTag"}} []
[2025-05-01T19:15:55.991481+00:00] main.DEBUG: cache_invalidate:  {"method":"GET","url":"http:/","invalidateInfo":{"tags":["EAV_FORM_customer_account_edit_FORM","FPC"],"mode":"matchingTag"}} []
[2025-05-01T19:15:55.991649+00:00] main.DEBUG: cache_invalidate:  {"method":"GET","url":"http:/","invalidateInfo":{"tags":["EAV_ATTRIBUTE_customer_gender","FPC"],"mode":"matchingTag"}} []
[2025-05-01T19:15:56.007035+00:00] main.DEBUG: cache_invalidate:  {"method":"GET","url":"http:/","invalidateInfo":{"tags":["EAV","EAV_ATTRIBUTE"],"mode":"matchingAnyTag"}} []
[2025-05-01T19:15:56.007927+00:00] main.DEBUG: cache_invalidate:  {"method":"GET","url":"http:/","invalidateInfo":{"tags":["EAV","EAV_ATTRIBUTE"],"mode":"matchingAnyTag"}} []
[2025-05-01T19:15:56.008297+00:00] main.DEBUG: cache_invalidate:  {"method":"GET","url":"http:/","invalidateInfo":{"tags":["EAV","EAV_ATTRIBUTE"],"mode":"matchingAnyTag"}} []
[2025-05-01T19:15:56.008598+00:00] main.DEBUG: cache_invalidate:  {"method":"GET","url":"http:/","invalidateInfo":{"tags":["EAV_ATTRIBUTE"],"mode":"matchingAnyTag"}} []
[2025-05-01T19:15:56.011766+00:00] main.DEBUG: cache_invalidate:  {"method":"GET","url":"http:/","invalidateInfo":{"tags":["EAV_ATTRIBUTE_27","FPC"],"mode":"matchingTag"}} []
[2025-05-01T19:15:56.011990+00:00] main.DEBUG: cache_invalidate:  {"method":"GET","url":"http:/","invalidateInfo":{"tags":["EAV_ENTITY_TYPES_CUSTOMER_ADDRESS_ENTITY","FPC"],"mode":"matchingTag"}} []
[2025-05-01T19:15:56.012174+00:00] main.DEBUG: cache_invalidate:  {"method":"GET","url":"http:/","invalidateInfo":{"tags":["EAV_FORM_adminhtml_customer_address_FORM","FPC"],"mode":"matchingTag"}} []
[2025-05-01T19:15:56.012349+00:00] main.DEBUG: cache_invalidate:  {"method":"GET","url":"http:/","invalidateInfo":{"tags":["EAV_FORM_customer_address_edit_FORM","FPC"],"mode":"matchingTag"}} []
[2025-05-01T19:15:56.012522+00:00] main.DEBUG: cache_invalidate:  {"method":"GET","url":"http:/","invalidateInfo":{"tags":["EAV_FORM_customer_register_address_FORM","FPC"],"mode":"matchingTag"}} []
[2025-05-01T19:15:56.012690+00:00] main.DEBUG: cache_invalidate:  {"method":"GET","url":"http:/","invalidateInfo":{"tags":["EAV_ATTRIBUTE_customer_address_company","FPC"],"mode":"matchingTag"}} []
[2025-05-01T19:15:56.018197+00:00] main.DEBUG: cache_invalidate:  {"method":"GET","url":"http:/","invalidateInfo":{"tags":["EAV","EAV_ATTRIBUTE"],"mode":"matchingAnyTag"}} []
[2025-05-01T19:15:56.018995+00:00] main.DEBUG: cache_invalidate:  {"method":"GET","url":"http:/","invalidateInfo":{"tags":["EAV","EAV_ATTRIBUTE"],"mode":"matchingAnyTag"}} []
[2025-05-01T19:15:56.019348+00:00] main.DEBUG: cache_invalidate:  {"method":"GET","url":"http:/","invalidateInfo":{"tags":["EAV","EAV_ATTRIBUTE"],"mode":"matchingAnyTag"}} []
[2025-05-01T19:15:56.019641+00:00] main.DEBUG: cache_invalidate:  {"method":"GET","url":"http:/","invalidateInfo":{"tags":["EAV_ATTRIBUTE"],"mode":"matchingAnyTag"}} []
[2025-05-01T19:15:56.021449+00:00] main.DEBUG: cache_invalidate:  {"method":"GET","url":"http:/","invalidateInfo":{"tags":["EAV_ATTRIBUTE_28","FPC"],"mode":"matchingTag"}} []
[2025-05-01T19:15:56.021668+00:00] main.DEBUG: cache_invalidate:  {"method":"GET","url":"http:/","invalidateInfo":{"tags":["EAV_ENTITY_TYPES_CUSTOMER_ADDRESS_ENTITY","FPC"],"mode":"matchingTag"}} []
[2025-05-01T19:15:56.021858+00:00] main.DEBUG: cache_invalidate:  {"method":"GET","url":"http:/","invalidateInfo":{"tags":["EAV_FORM_adminhtml_customer_address_FORM","FPC"],"mode":"matchingTag"}} []
[2025-05-01T19:15:56.022037+00:00] main.DEBUG: cache_invalidate:  {"method":"GET","url":"http:/","invalidateInfo":{"tags":["EAV_FORM_customer_address_edit_FORM","FPC"],"mode":"matchingTag"}} []
[2025-05-01T19:15:56.022210+00:00] main.DEBUG: cache_invalidate:  {"method":"GET","url":"http:/","invalidateInfo":{"tags":["EAV_FORM_customer_register_address_FORM","FPC"],"mode":"matchingTag"}} []
[2025-05-01T19:15:56.022377+00:00] main.DEBUG: cache_invalidate:  {"method":"GET","url":"http:/","invalidateInfo":{"tags":["EAV_ATTRIBUTE_customer_address_street","FPC"],"mode":"matchingTag"}} []
[2025-05-01T19:15:56.027939+00:00] main.DEBUG: cache_invalidate:  {"method":"GET","url":"http:/","invalidateInfo":{"tags":["EAV","EAV_ATTRIBUTE"],"mode":"matchingAnyTag"}} []
[2025-05-01T19:15:56.028660+00:00] main.DEBUG: cache_invalidate:  {"method":"GET","url":"http:/","invalidateInfo":{"tags":["EAV","EAV_ATTRIBUTE"],"mode":"matchingAnyTag"}} []
[2025-05-01T19:15:56.029008+00:00] main.DEBUG: cache_invalidate:  {"method":"GET","url":"http:/","invalidateInfo":{"tags":["EAV","EAV_ATTRIBUTE"],"mode":"matchingAnyTag"}} []
[2025-05-01T19:15:56.029302+00:00] main.DEBUG: cache_invalidate:  {"method":"GET","url":"http:/","invalidateInfo":{"tags":["EAV_ATTRIBUTE"],"mode":"matchingAnyTag"}} []
[2025-05-01T19:15:56.031038+00:00] main.DEBUG: cache_invalidate:  {"method":"GET","url":"http:/","invalidateInfo":{"tags":["EAV_ATTRIBUTE_29","FPC"],"mode":"matchingTag"}} []
[2025-05-01T19:15:56.031236+00:00] main.DEBUG: cache_invalidate:  {"method":"GET","url":"http:/","invalidateInfo":{"tags":["EAV_ENTITY_TYPES_CUSTOMER_ADDRESS_ENTITY","FPC"],"mode":"matchingTag"}} []
[2025-05-01T19:15:56.031414+00:00] main.DEBUG: cache_invalidate:  {"method":"GET","url":"http:/","invalidateInfo":{"tags":["EAV_FORM_adminhtml_customer_address_FORM","FPC"],"mode":"matchingTag"}} []
[2025-05-01T19:15:56.031584+00:00] main.DEBUG: cache_invalidate:  {"method":"GET","url":"http:/","invalidateInfo":{"tags":["EAV_FORM_customer_address_edit_FORM","FPC"],"mode":"matchingTag"}} []
[2025-05-01T19:15:56.031752+00:00] main.DEBUG: cache_invalidate:  {"method":"GET","url":"http:/","invalidateInfo":{"tags":["EAV_FORM_customer_register_address_FORM","FPC"],"mode":"matchingTag"}} []
[2025-05-01T19:15:56.031918+00:00] main.DEBUG: cache_invalidate:  {"method":"GET","url":"http:/","invalidateInfo":{"tags":["EAV_ATTRIBUTE_customer_address_city","FPC"],"mode":"matchingTag"}} []
[2025-05-01T19:15:56.037181+00:00] main.DEBUG: cache_invalidate:  {"method":"GET","url":"http:/","invalidateInfo":{"tags":["EAV","EAV_ATTRIBUTE"],"mode":"matchingAnyTag"}} []
[2025-05-01T19:15:56.037949+00:00] main.DEBUG: cache_invalidate:  {"method":"GET","url":"http:/","invalidateInfo":{"tags":["EAV","EAV_ATTRIBUTE"],"mode":"matchingAnyTag"}} []
[2025-05-01T19:15:56.038301+00:00] main.DEBUG: cache_invalidate:  {"method":"GET","url":"http:/","invalidateInfo":{"tags":["EAV","EAV_ATTRIBUTE"],"mode":"matchingAnyTag"}} []
[2025-05-01T19:15:56.038601+00:00] main.DEBUG: cache_invalidate:  {"method":"GET","url":"http:/","invalidateInfo":{"tags":["EAV_ATTRIBUTE"],"mode":"matchingAnyTag"}} []
[2025-05-01T19:15:56.040589+00:00] main.DEBUG: cache_invalidate:  {"method":"GET","url":"http:/","invalidateInfo":{"tags":["EAV_ATTRIBUTE_30","FPC"],"mode":"matchingTag"}} []
[2025-05-01T19:15:56.040792+00:00] main.DEBUG: cache_invalidate:  {"method":"GET","url":"http:/","invalidateInfo":{"tags":["EAV_ENTITY_TYPES_CUSTOMER_ADDRESS_ENTITY","FPC"],"mode":"matchingTag"}} []
[2025-05-01T19:15:56.040968+00:00] main.DEBUG: cache_invalidate:  {"method":"GET","url":"http:/","invalidateInfo":{"tags":["EAV_FORM_adminhtml_customer_address_FORM","FPC"],"mode":"matchingTag"}} []
[2025-05-01T19:15:56.041139+00:00] main.DEBUG: cache_invalidate:  {"method":"GET","url":"http:/","invalidateInfo":{"tags":["EAV_FORM_customer_address_edit_FORM","FPC"],"mode":"matchingTag"}} []
[2025-05-01T19:15:56.041307+00:00] main.DEBUG: cache_invalidate:  {"method":"GET","url":"http:/","invalidateInfo":{"tags":["EAV_FORM_customer_register_address_FORM","FPC"],"mode":"matchingTag"}} []
[2025-05-01T19:15:56.041473+00:00] main.DEBUG: cache_invalidate:  {"method":"GET","url":"http:/","invalidateInfo":{"tags":["EAV_ATTRIBUTE_customer_address_country_id","FPC"],"mode":"matchingTag"}} []
[2025-05-01T19:15:56.046651+00:00] main.DEBUG: cache_invalidate:  {"method":"GET","url":"http:/","invalidateInfo":{"tags":["EAV","EAV_ATTRIBUTE"],"mode":"matchingAnyTag"}} []
[2025-05-01T19:15:56.047400+00:00] main.DEBUG: cache_invalidate:  {"method":"GET","url":"http:/","invalidateInfo":{"tags":["EAV","EAV_ATTRIBUTE"],"mode":"matchingAnyTag"}} []
[2025-05-01T19:15:56.047752+00:00] main.DEBUG: cache_invalidate:  {"method":"GET","url":"http:/","invalidateInfo":{"tags":["EAV","EAV_ATTRIBUTE"],"mode":"matchingAnyTag"}} []
[2025-05-01T19:15:56.048049+00:00] main.DEBUG: cache_invalidate:  {"method":"GET","url":"http:/","invalidateInfo":{"tags":["EAV_ATTRIBUTE"],"mode":"matchingAnyTag"}} []
[2025-05-01T19:15:56.049894+00:00] main.DEBUG: cache_invalidate:  {"method":"GET","url":"http:/","invalidateInfo":{"tags":["EAV_ATTRIBUTE_31","FPC"],"mode":"matchingTag"}} []
[2025-05-01T19:15:56.050093+00:00] main.DEBUG: cache_invalidate:  {"method":"GET","url":"http:/","invalidateInfo":{"tags":["EAV_ENTITY_TYPES_CUSTOMER_ADDRESS_ENTITY","FPC"],"mode":"matchingTag"}} []
[2025-05-01T19:15:56.050271+00:00] main.DEBUG: cache_invalidate:  {"method":"GET","url":"http:/","invalidateInfo":{"tags":["EAV_FORM_adminhtml_customer_address_FORM","FPC"],"mode":"matchingTag"}} []
[2025-05-01T19:15:56.050442+00:00] main.DEBUG: cache_invalidate:  {"method":"GET","url":"http:/","invalidateInfo":{"tags":["EAV_FORM_customer_address_edit_FORM","FPC"],"mode":"matchingTag"}} []
[2025-05-01T19:15:56.050609+00:00] main.DEBUG: cache_invalidate:  {"method":"GET","url":"http:/","invalidateInfo":{"tags":["EAV_FORM_customer_register_address_FORM","FPC"],"mode":"matchingTag"}} []
[2025-05-01T19:15:56.050775+00:00] main.DEBUG: cache_invalidate:  {"method":"GET","url":"http:/","invalidateInfo":{"tags":["EAV_ATTRIBUTE_customer_address_region","FPC"],"mode":"matchingTag"}} []
[2025-05-01T19:15:56.055997+00:00] main.DEBUG: cache_invalidate:  {"method":"GET","url":"http:/","invalidateInfo":{"tags":["EAV","EAV_ATTRIBUTE"],"mode":"matchingAnyTag"}} []
[2025-05-01T19:15:56.056891+00:00] main.DEBUG: cache_invalidate:  {"method":"GET","url":"http:/","invalidateInfo":{"tags":["EAV","EAV_ATTRIBUTE"],"mode":"matchingAnyTag"}} []
[2025-05-01T19:15:56.057246+00:00] main.DEBUG: cache_invalidate:  {"method":"GET","url":"http:/","invalidateInfo":{"tags":["EAV","EAV_ATTRIBUTE"],"mode":"matchingAnyTag"}} []
[2025-05-01T19:15:56.057540+00:00] main.DEBUG: cache_invalidate:  {"method":"GET","url":"http:/","invalidateInfo":{"tags":["EAV_ATTRIBUTE"],"mode":"matchingAnyTag"}} []
[2025-05-01T19:15:56.059347+00:00] main.DEBUG: cache_invalidate:  {"method":"GET","url":"http:/","invalidateInfo":{"tags":["EAV_ATTRIBUTE_32","FPC"],"mode":"matchingTag"}} []
[2025-05-01T19:15:56.059541+00:00] main.DEBUG: cache_invalidate:  {"method":"GET","url":"http:/","invalidateInfo":{"tags":["EAV_ENTITY_TYPES_CUSTOMER_ADDRESS_ENTITY","FPC"],"mode":"matchingTag"}} []
[2025-05-01T19:15:56.059719+00:00] main.DEBUG: cache_invalidate:  {"method":"GET","url":"http:/","invalidateInfo":{"tags":["EAV_FORM_adminhtml_customer_address_FORM","FPC"],"mode":"matchingTag"}} []
[2025-05-01T19:15:56.059890+00:00] main.DEBUG: cache_invalidate:  {"method":"GET","url":"http:/","invalidateInfo":{"tags":["EAV_FORM_customer_address_edit_FORM","FPC"],"mode":"matchingTag"}} []
[2025-05-01T19:15:56.060059+00:00] main.DEBUG: cache_invalidate:  {"method":"GET","url":"http:/","invalidateInfo":{"tags":["EAV_FORM_customer_register_address_FORM","FPC"],"mode":"matchingTag"}} []
[2025-05-01T19:15:56.060224+00:00] main.DEBUG: cache_invalidate:  {"method":"GET","url":"http:/","invalidateInfo":{"tags":["EAV_ATTRIBUTE_customer_address_region_id","FPC"],"mode":"matchingTag"}} []
[2025-05-01T19:15:56.065317+00:00] main.DEBUG: cache_invalidate:  {"method":"GET","url":"http:/","invalidateInfo":{"tags":["EAV","EAV_ATTRIBUTE"],"mode":"matchingAnyTag"}} []
[2025-05-01T19:15:56.066023+00:00] main.DEBUG: cache_invalidate:  {"method":"GET","url":"http:/","invalidateInfo":{"tags":["EAV","EAV_ATTRIBUTE"],"mode":"matchingAnyTag"}} []
[2025-05-01T19:15:56.066369+00:00] main.DEBUG: cache_invalidate:  {"method":"GET","url":"http:/","invalidateInfo":{"tags":["EAV","EAV_ATTRIBUTE"],"mode":"matchingAnyTag"}} []
[2025-05-01T19:15:56.066660+00:00] main.DEBUG: cache_invalidate:  {"method":"GET","url":"http:/","invalidateInfo":{"tags":["EAV_ATTRIBUTE"],"mode":"matchingAnyTag"}} []
[2025-05-01T19:15:56.068328+00:00] main.DEBUG: cache_invalidate:  {"method":"GET","url":"http:/","invalidateInfo":{"tags":["EAV_ATTRIBUTE_33","FPC"],"mode":"matchingTag"}} []
[2025-05-01T19:15:56.068523+00:00] main.DEBUG: cache_invalidate:  {"method":"GET","url":"http:/","invalidateInfo":{"tags":["EAV_ENTITY_TYPES_CUSTOMER_ADDRESS_ENTITY","FPC"],"mode":"matchingTag"}} []
[2025-05-01T19:15:56.068701+00:00] main.DEBUG: cache_invalidate:  {"method":"GET","url":"http:/","invalidateInfo":{"tags":["EAV_FORM_adminhtml_customer_address_FORM","FPC"],"mode":"matchingTag"}} []
[2025-05-01T19:15:56.068871+00:00] main.DEBUG: cache_invalidate:  {"method":"GET","url":"http:/","invalidateInfo":{"tags":["EAV_FORM_customer_address_edit_FORM","FPC"],"mode":"matchingTag"}} []
[2025-05-01T19:15:56.069040+00:00] main.DEBUG: cache_invalidate:  {"method":"GET","url":"http:/","invalidateInfo":{"tags":["EAV_FORM_customer_register_address_FORM","FPC"],"mode":"matchingTag"}} []
[2025-05-01T19:15:56.069206+00:00] main.DEBUG: cache_invalidate:  {"method":"GET","url":"http:/","invalidateInfo":{"tags":["EAV_ATTRIBUTE_customer_address_postcode","FPC"],"mode":"matchingTag"}} []
[2025-05-01T19:15:56.074666+00:00] main.DEBUG: cache_invalidate:  {"method":"GET","url":"http:/","invalidateInfo":{"tags":["EAV","EAV_ATTRIBUTE"],"mode":"matchingAnyTag"}} []
[2025-05-01T19:15:56.075418+00:00] main.DEBUG: cache_invalidate:  {"method":"GET","url":"http:/","invalidateInfo":{"tags":["EAV","EAV_ATTRIBUTE"],"mode":"matchingAnyTag"}} []
[2025-05-01T19:15:56.075766+00:00] main.DEBUG: cache_invalidate:  {"method":"GET","url":"http:/","invalidateInfo":{"tags":["EAV","EAV_ATTRIBUTE"],"mode":"matchingAnyTag"}} []
[2025-05-01T19:15:56.076074+00:00] main.DEBUG: cache_invalidate:  {"method":"GET","url":"http:/","invalidateInfo":{"tags":["EAV_ATTRIBUTE"],"mode":"matchingAnyTag"}} []
[2025-05-01T19:15:56.077964+00:00] main.DEBUG: cache_invalidate:  {"method":"GET","url":"http:/","invalidateInfo":{"tags":["EAV_ATTRIBUTE_34","FPC"],"mode":"matchingTag"}} []
[2025-05-01T19:15:56.078157+00:00] main.DEBUG: cache_invalidate:  {"method":"GET","url":"http:/","invalidateInfo":{"tags":["EAV_ENTITY_TYPES_CUSTOMER_ADDRESS_ENTITY","FPC"],"mode":"matchingTag"}} []
[2025-05-01T19:15:56.078333+00:00] main.DEBUG: cache_invalidate:  {"method":"GET","url":"http:/","invalidateInfo":{"tags":["EAV_FORM_adminhtml_customer_address_FORM","FPC"],"mode":"matchingTag"}} []
[2025-05-01T19:15:56.078502+00:00] main.DEBUG: cache_invalidate:  {"method":"GET","url":"http:/","invalidateInfo":{"tags":["EAV_FORM_customer_address_edit_FORM","FPC"],"mode":"matchingTag"}} []
[2025-05-01T19:15:56.078670+00:00] main.DEBUG: cache_invalidate:  {"method":"GET","url":"http:/","invalidateInfo":{"tags":["EAV_FORM_customer_register_address_FORM","FPC"],"mode":"matchingTag"}} []
[2025-05-01T19:15:56.078836+00:00] main.DEBUG: cache_invalidate:  {"method":"GET","url":"http:/","invalidateInfo":{"tags":["EAV_ATTRIBUTE_customer_address_telephone","FPC"],"mode":"matchingTag"}} []
[2025-05-01T19:15:56.083956+00:00] main.DEBUG: cache_invalidate:  {"method":"GET","url":"http:/","invalidateInfo":{"tags":["EAV","EAV_ATTRIBUTE"],"mode":"matchingAnyTag"}} []
[2025-05-01T19:15:56.084661+00:00] main.DEBUG: cache_invalidate:  {"method":"GET","url":"http:/","invalidateInfo":{"tags":["EAV","EAV_ATTRIBUTE"],"mode":"matchingAnyTag"}} []
[2025-05-01T19:15:56.085008+00:00] main.DEBUG: cache_invalidate:  {"method":"GET","url":"http:/","invalidateInfo":{"tags":["EAV","EAV_ATTRIBUTE"],"mode":"matchingAnyTag"}} []
[2025-05-01T19:15:56.085300+00:00] main.DEBUG: cache_invalidate:  {"method":"GET","url":"http:/","invalidateInfo":{"tags":["EAV_ATTRIBUTE"],"mode":"matchingAnyTag"}} []
[2025-05-01T19:15:56.086955+00:00] main.DEBUG: cache_invalidate:  {"method":"GET","url":"http:/","invalidateInfo":{"tags":["EAV_ATTRIBUTE_35","FPC"],"mode":"matchingTag"}} []
[2025-05-01T19:15:56.087147+00:00] main.DEBUG: cache_invalidate:  {"method":"GET","url":"http:/","invalidateInfo":{"tags":["EAV_ENTITY_TYPES_CUSTOMER_ADDRESS_ENTITY","FPC"],"mode":"matchingTag"}} []
[2025-05-01T19:15:56.087323+00:00] main.DEBUG: cache_invalidate:  {"method":"GET","url":"http:/","invalidateInfo":{"tags":["EAV_FORM_adminhtml_customer_address_FORM","FPC"],"mode":"matchingTag"}} []
[2025-05-01T19:15:56.087496+00:00] main.DEBUG: cache_invalidate:  {"method":"GET","url":"http:/","invalidateInfo":{"tags":["EAV_FORM_customer_address_edit_FORM","FPC"],"mode":"matchingTag"}} []
[2025-05-01T19:15:56.087675+00:00] main.DEBUG: cache_invalidate:  {"method":"GET","url":"http:/","invalidateInfo":{"tags":["EAV_FORM_customer_register_address_FORM","FPC"],"mode":"matchingTag"}} []
[2025-05-01T19:15:56.087842+00:00] main.DEBUG: cache_invalidate:  {"method":"GET","url":"http:/","invalidateInfo":{"tags":["EAV_ATTRIBUTE_customer_address_fax","FPC"],"mode":"matchingTag"}} []
[2025-05-01T19:15:56.092878+00:00] main.DEBUG: cache_invalidate:  {"method":"GET","url":"http:/","invalidateInfo":{"tags":["EAV_ATTRIBUTE_1","FPC"],"mode":"matchingTag"}} []
[2025-05-01T19:15:56.093105+00:00] main.DEBUG: cache_invalidate:  {"method":"GET","url":"http:/","invalidateInfo":{"tags":["EAV_ATTRIBUTE_customer_website_id","FPC"],"mode":"matchingTag"}} []
[2025-05-01T19:15:56.093603+00:00] main.DEBUG: cache_invalidate:  {"method":"GET","url":"http:/","invalidateInfo":{"tags":["EAV_ATTRIBUTE_3","FPC"],"mode":"matchingTag"}} []
[2025-05-01T19:15:56.093790+00:00] main.DEBUG: cache_invalidate:  {"method":"GET","url":"http:/","invalidateInfo":{"tags":["EAV_ATTRIBUTE_customer_created_in","FPC"],"mode":"matchingTag"}} []
[2025-05-01T19:15:56.094279+00:00] main.DEBUG: cache_invalidate:  {"method":"GET","url":"http:/","invalidateInfo":{"tags":["EAV_ATTRIBUTE_9","FPC"],"mode":"matchingTag"}} []
[2025-05-01T19:15:56.094467+00:00] main.DEBUG: cache_invalidate:  {"method":"GET","url":"http:/","invalidateInfo":{"tags":["EAV_ATTRIBUTE_customer_email","FPC"],"mode":"matchingTag"}} []
[2025-05-01T19:15:56.094949+00:00] main.DEBUG: cache_invalidate:  {"method":"GET","url":"http:/","invalidateInfo":{"tags":["EAV_ATTRIBUTE_10","FPC"],"mode":"matchingTag"}} []
[2025-05-01T19:15:56.095137+00:00] main.DEBUG: cache_invalidate:  {"method":"GET","url":"http:/","invalidateInfo":{"tags":["EAV_ATTRIBUTE_customer_group_id","FPC"],"mode":"matchingTag"}} []
[2025-05-01T19:15:56.095619+00:00] main.DEBUG: cache_invalidate:  {"method":"GET","url":"http:/","invalidateInfo":{"tags":["EAV_ATTRIBUTE_11","FPC"],"mode":"matchingTag"}} []
[2025-05-01T19:15:56.095803+00:00] main.DEBUG: cache_invalidate:  {"method":"GET","url":"http:/","invalidateInfo":{"tags":["EAV_ATTRIBUTE_customer_dob","FPC"],"mode":"matchingTag"}} []
[2025-05-01T19:15:56.096285+00:00] main.DEBUG: cache_invalidate:  {"method":"GET","url":"http:/","invalidateInfo":{"tags":["EAV_ATTRIBUTE_17","FPC"],"mode":"matchingTag"}} []
[2025-05-01T19:15:56.096470+00:00] main.DEBUG: cache_invalidate:  {"method":"GET","url":"http:/","invalidateInfo":{"tags":["EAV_ATTRIBUTE_customer_taxvat","FPC"],"mode":"matchingTag"}} []
[2025-05-01T19:15:56.096958+00:00] main.DEBUG: cache_invalidate:  {"method":"GET","url":"http:/","invalidateInfo":{"tags":["EAV_ATTRIBUTE_18","FPC"],"mode":"matchingTag"}} []
[2025-05-01T19:15:56.097145+00:00] main.DEBUG: cache_invalidate:  {"method":"GET","url":"http:/","invalidateInfo":{"tags":["EAV_ATTRIBUTE_customer_confirmation","FPC"],"mode":"matchingTag"}} []
[2025-05-01T19:15:56.097625+00:00] main.DEBUG: cache_invalidate:  {"method":"GET","url":"http:/","invalidateInfo":{"tags":["EAV_ATTRIBUTE_19","FPC"],"mode":"matchingTag"}} []
[2025-05-01T19:15:56.097812+00:00] main.DEBUG: cache_invalidate:  {"method":"GET","url":"http:/","invalidateInfo":{"tags":["EAV_ATTRIBUTE_customer_created_at","FPC"],"mode":"matchingTag"}} []
[2025-05-01T19:15:56.098293+00:00] main.DEBUG: cache_invalidate:  {"method":"GET","url":"http:/","invalidateInfo":{"tags":["EAV_ATTRIBUTE_20","FPC"],"mode":"matchingTag"}} []
[2025-05-01T19:15:56.098479+00:00] main.DEBUG: cache_invalidate:  {"method":"GET","url":"http:/","invalidateInfo":{"tags":["EAV_ATTRIBUTE_customer_gender","FPC"],"mode":"matchingTag"}} []
[2025-05-01T19:15:56.098956+00:00] main.DEBUG: cache_invalidate:  {"method":"GET","url":"http:/","invalidateInfo":{"tags":["EAV_ATTRIBUTE_27","FPC"],"mode":"matchingTag"}} []
[2025-05-01T19:15:56.099148+00:00] main.DEBUG: cache_invalidate:  {"method":"GET","url":"http:/","invalidateInfo":{"tags":["EAV_ATTRIBUTE_customer_address_company","FPC"],"mode":"matchingTag"}} []
[2025-05-01T19:15:56.099631+00:00] main.DEBUG: cache_invalidate:  {"method":"GET","url":"http:/","invalidateInfo":{"tags":["EAV_ATTRIBUTE_28","FPC"],"mode":"matchingTag"}} []
[2025-05-01T19:15:56.099816+00:00] main.DEBUG: cache_invalidate:  {"method":"GET","url":"http:/","invalidateInfo":{"tags":["EAV_ATTRIBUTE_customer_address_street","FPC"],"mode":"matchingTag"}} []
[2025-05-01T19:15:56.100257+00:00] main.DEBUG: cache_invalidate:  {"method":"GET","url":"http:/","invalidateInfo":{"tags":["EAV_ATTRIBUTE_29","FPC"],"mode":"matchingTag"}} []
[2025-05-01T19:15:56.100442+00:00] main.DEBUG: cache_invalidate:  {"method":"GET","url":"http:/","invalidateInfo":{"tags":["EAV_ATTRIBUTE_customer_address_city","FPC"],"mode":"matchingTag"}} []
[2025-05-01T19:15:56.100928+00:00] main.DEBUG: cache_invalidate:  {"method":"GET","url":"http:/","invalidateInfo":{"tags":["EAV_ATTRIBUTE_30","FPC"],"mode":"matchingTag"}} []
[2025-05-01T19:15:56.101115+00:00] main.DEBUG: cache_invalidate:  {"method":"GET","url":"http:/","invalidateInfo":{"tags":["EAV_ATTRIBUTE_customer_address_country_id","FPC"],"mode":"matchingTag"}} []
[2025-05-01T19:15:56.101593+00:00] main.DEBUG: cache_invalidate:  {"method":"GET","url":"http:/","invalidateInfo":{"tags":["EAV_ATTRIBUTE_31","FPC"],"mode":"matchingTag"}} []
[2025-05-01T19:15:56.101779+00:00] main.DEBUG: cache_invalidate:  {"method":"GET","url":"http:/","invalidateInfo":{"tags":["EAV_ATTRIBUTE_customer_address_region","FPC"],"mode":"matchingTag"}} []
[2025-05-01T19:15:56.102258+00:00] main.DEBUG: cache_invalidate:  {"method":"GET","url":"http:/","invalidateInfo":{"tags":["EAV_ATTRIBUTE_32","FPC"],"mode":"matchingTag"}} []
[2025-05-01T19:15:56.102443+00:00] main.DEBUG: cache_invalidate:  {"method":"GET","url":"http:/","invalidateInfo":{"tags":["EAV_ATTRIBUTE_customer_address_region_id","FPC"],"mode":"matchingTag"}} []
[2025-05-01T19:15:56.102925+00:00] main.DEBUG: cache_invalidate:  {"method":"GET","url":"http:/","invalidateInfo":{"tags":["EAV_ATTRIBUTE_33","FPC"],"mode":"matchingTag"}} []
[2025-05-01T19:15:56.103120+00:00] main.DEBUG: cache_invalidate:  {"method":"GET","url":"http:/","invalidateInfo":{"tags":["EAV_ATTRIBUTE_customer_address_postcode","FPC"],"mode":"matchingTag"}} []
[2025-05-01T19:15:56.103616+00:00] main.DEBUG: cache_invalidate:  {"method":"GET","url":"http:/","invalidateInfo":{"tags":["EAV_ATTRIBUTE_34","FPC"],"mode":"matchingTag"}} []
[2025-05-01T19:15:56.103804+00:00] main.DEBUG: cache_invalidate:  {"method":"GET","url":"http:/","invalidateInfo":{"tags":["EAV_ATTRIBUTE_customer_address_telephone","FPC"],"mode":"matchingTag"}} []
[2025-05-01T19:15:56.104296+00:00] main.DEBUG: cache_invalidate:  {"method":"GET","url":"http:/","invalidateInfo":{"tags":["EAV_ATTRIBUTE_35","FPC"],"mode":"matchingTag"}} []
[2025-05-01T19:15:56.104484+00:00] main.DEBUG: cache_invalidate:  {"method":"GET","url":"http:/","invalidateInfo":{"tags":["EAV_ATTRIBUTE_customer_address_fax","FPC"],"mode":"matchingTag"}} []
[2025-05-01T19:15:56.115645+00:00] main.DEBUG: cache_invalidate:  {"method":"GET","url":"http:/","invalidateInfo":{"tags":["EAV","EAV_ATTRIBUTE"],"mode":"matchingAnyTag"}} []
[2025-05-01T19:15:56.116443+00:00] main.DEBUG: cache_invalidate:  {"method":"GET","url":"http:/","invalidateInfo":{"tags":["EAV","EAV_ATTRIBUTE"],"mode":"matchingAnyTag"}} []
[2025-05-01T19:15:56.116798+00:00] main.DEBUG: cache_invalidate:  {"method":"GET","url":"http:/","invalidateInfo":{"tags":["EAV","EAV_ATTRIBUTE"],"mode":"matchingAnyTag"}} []
[2025-05-01T19:15:56.117095+00:00] main.DEBUG: cache_invalidate:  {"method":"GET","url":"http:/","invalidateInfo":{"tags":["EAV_ATTRIBUTE"],"mode":"matchingAnyTag"}} []
[2025-05-01T19:15:56.118926+00:00] main.DEBUG: cache_invalidate:  {"method":"GET","url":"http:/","invalidateInfo":{"tags":["EAV_ATTRIBUTE_32","FPC"],"mode":"matchingTag"}} []
[2025-05-01T19:15:56.119124+00:00] main.DEBUG: cache_invalidate:  {"method":"GET","url":"http:/","invalidateInfo":{"tags":["EAV_ENTITY_TYPES_CUSTOMER_ADDRESS_ENTITY","FPC"],"mode":"matchingTag"}} []
[2025-05-01T19:15:56.119304+00:00] main.DEBUG: cache_invalidate:  {"method":"GET","url":"http:/","invalidateInfo":{"tags":["EAV_FORM_adminhtml_customer_address_FORM","FPC"],"mode":"matchingTag"}} []
[2025-05-01T19:15:56.119478+00:00] main.DEBUG: cache_invalidate:  {"method":"GET","url":"http:/","invalidateInfo":{"tags":["EAV_FORM_customer_address_edit_FORM","FPC"],"mode":"matchingTag"}} []
[2025-05-01T19:15:56.119647+00:00] main.DEBUG: cache_invalidate:  {"method":"GET","url":"http:/","invalidateInfo":{"tags":["EAV_FORM_customer_register_address_FORM","FPC"],"mode":"matchingTag"}} []
[2025-05-01T19:15:56.119814+00:00] main.DEBUG: cache_invalidate:  {"method":"GET","url":"http:/","invalidateInfo":{"tags":["EAV_ATTRIBUTE_customer_address_region_id","FPC"],"mode":"matchingTag"}} []
[2025-05-01T19:15:56.125519+00:00] main.DEBUG: cache_invalidate:  {"method":"GET","url":"http:/","invalidateInfo":{"tags":["EAV","EAV_ATTRIBUTE"],"mode":"matchingAnyTag"}} []
[2025-05-01T19:15:56.126279+00:00] main.DEBUG: cache_invalidate:  {"method":"GET","url":"http:/","invalidateInfo":{"tags":["EAV","EAV_ATTRIBUTE"],"mode":"matchingAnyTag"}} []
[2025-05-01T19:15:56.126628+00:00] main.DEBUG: cache_invalidate:  {"method":"GET","url":"http:/","invalidateInfo":{"tags":["EAV","EAV_ATTRIBUTE"],"mode":"matchingAnyTag"}} []
[2025-05-01T19:15:56.126924+00:00] main.DEBUG: cache_invalidate:  {"method":"GET","url":"http:/","invalidateInfo":{"tags":["EAV_ATTRIBUTE"],"mode":"matchingAnyTag"}} []
[2025-05-01T19:15:56.128715+00:00] main.DEBUG: cache_invalidate:  {"method":"GET","url":"http:/","invalidateInfo":{"tags":["EAV_ATTRIBUTE_23","FPC"],"mode":"matchingTag"}} []
[2025-05-01T19:15:56.128907+00:00] main.DEBUG: cache_invalidate:  {"method":"GET","url":"http:/","invalidateInfo":{"tags":["EAV_ENTITY_TYPES_CUSTOMER_ADDRESS_ENTITY","FPC"],"mode":"matchingTag"}} []
[2025-05-01T19:15:56.129083+00:00] main.DEBUG: cache_invalidate:  {"method":"GET","url":"http:/","invalidateInfo":{"tags":["EAV_FORM_adminhtml_customer_address_FORM","FPC"],"mode":"matchingTag"}} []
[2025-05-01T19:15:56.129253+00:00] main.DEBUG: cache_invalidate:  {"method":"GET","url":"http:/","invalidateInfo":{"tags":["EAV_FORM_customer_address_edit_FORM","FPC"],"mode":"matchingTag"}} []
[2025-05-01T19:15:56.129420+00:00] main.DEBUG: cache_invalidate:  {"method":"GET","url":"http:/","invalidateInfo":{"tags":["EAV_FORM_customer_register_address_FORM","FPC"],"mode":"matchingTag"}} []
[2025-05-01T19:15:56.129586+00:00] main.DEBUG: cache_invalidate:  {"method":"GET","url":"http:/","invalidateInfo":{"tags":["EAV_ATTRIBUTE_customer_address_firstname","FPC"],"mode":"matchingTag"}} []
[2025-05-01T19:15:56.135014+00:00] main.DEBUG: cache_invalidate:  {"method":"GET","url":"http:/","invalidateInfo":{"tags":["EAV","EAV_ATTRIBUTE"],"mode":"matchingAnyTag"}} []
[2025-05-01T19:15:56.135793+00:00] main.DEBUG: cache_invalidate:  {"method":"GET","url":"http:/","invalidateInfo":{"tags":["EAV","EAV_ATTRIBUTE"],"mode":"matchingAnyTag"}} []
[2025-05-01T19:15:56.136152+00:00] main.DEBUG: cache_invalidate:  {"method":"GET","url":"http:/","invalidateInfo":{"tags":["EAV","EAV_ATTRIBUTE"],"mode":"matchingAnyTag"}} []
[2025-05-01T19:15:56.136450+00:00] main.DEBUG: cache_invalidate:  {"method":"GET","url":"http:/","invalidateInfo":{"tags":["EAV_ATTRIBUTE"],"mode":"matchingAnyTag"}} []
[2025-05-01T19:15:56.138307+00:00] main.DEBUG: cache_invalidate:  {"method":"GET","url":"http:/","invalidateInfo":{"tags":["EAV_ATTRIBUTE_25","FPC"],"mode":"matchingTag"}} []
[2025-05-01T19:15:56.138510+00:00] main.DEBUG: cache_invalidate:  {"method":"GET","url":"http:/","invalidateInfo":{"tags":["EAV_ENTITY_TYPES_CUSTOMER_ADDRESS_ENTITY","FPC"],"mode":"matchingTag"}} []
[2025-05-01T19:15:56.138694+00:00] main.DEBUG: cache_invalidate:  {"method":"GET","url":"http:/","invalidateInfo":{"tags":["EAV_FORM_adminhtml_customer_address_FORM","FPC"],"mode":"matchingTag"}} []
[2025-05-01T19:15:56.138870+00:00] main.DEBUG: cache_invalidate:  {"method":"GET","url":"http:/","invalidateInfo":{"tags":["EAV_FORM_customer_address_edit_FORM","FPC"],"mode":"matchingTag"}} []
[2025-05-01T19:15:56.139045+00:00] main.DEBUG: cache_invalidate:  {"method":"GET","url":"http:/","invalidateInfo":{"tags":["EAV_FORM_customer_register_address_FORM","FPC"],"mode":"matchingTag"}} []
[2025-05-01T19:15:56.139216+00:00] main.DEBUG: cache_invalidate:  {"method":"GET","url":"http:/","invalidateInfo":{"tags":["EAV_ATTRIBUTE_customer_address_lastname","FPC"],"mode":"matchingTag"}} []
[2025-05-01T19:15:56.143636+00:00] main.DEBUG: cache_invalidate:  {"method":"GET","url":"http:/","invalidateInfo":{"tags":["EAV_ATTRIBUTE_32","FPC"],"mode":"matchingTag"}} []
[2025-05-01T19:15:56.143834+00:00] main.DEBUG: cache_invalidate:  {"method":"GET","url":"http:/","invalidateInfo":{"tags":["EAV_ATTRIBUTE_customer_address_region_id","FPC"],"mode":"matchingTag"}} []
[2025-05-01T19:15:56.144292+00:00] main.DEBUG: cache_invalidate:  {"method":"GET","url":"http:/","invalidateInfo":{"tags":["EAV_ATTRIBUTE_23","FPC"],"mode":"matchingTag"}} []
[2025-05-01T19:15:56.144483+00:00] main.DEBUG: cache_invalidate:  {"method":"GET","url":"http:/","invalidateInfo":{"tags":["EAV_ATTRIBUTE_customer_address_firstname","FPC"],"mode":"matchingTag"}} []
[2025-05-01T19:15:56.144889+00:00] main.DEBUG: cache_invalidate:  {"method":"GET","url":"http:/","invalidateInfo":{"tags":["EAV_ATTRIBUTE_25","FPC"],"mode":"matchingTag"}} []
[2025-05-01T19:15:56.145075+00:00] main.DEBUG: cache_invalidate:  {"method":"GET","url":"http:/","invalidateInfo":{"tags":["EAV_ATTRIBUTE_customer_address_lastname","FPC"],"mode":"matchingTag"}} []
[2025-05-01T19:15:56.157487+00:00] main.DEBUG: cache_invalidate:  {"method":"GET","url":"http:/","invalidateInfo":{"tags":["EAV","EAV_ATTRIBUTE"],"mode":"matchingAnyTag"}} []
[2025-05-01T19:15:56.158329+00:00] main.DEBUG: cache_invalidate:  {"method":"GET","url":"http:/","invalidateInfo":{"tags":["EAV","EAV_ATTRIBUTE"],"mode":"matchingAnyTag"}} []
[2025-05-01T19:15:56.158680+00:00] main.DEBUG: cache_invalidate:  {"method":"GET","url":"http:/","invalidateInfo":{"tags":["EAV","EAV_ATTRIBUTE"],"mode":"matchingAnyTag"}} []
[2025-05-01T19:15:56.158977+00:00] main.DEBUG: cache_invalidate:  {"method":"GET","url":"http:/","invalidateInfo":{"tags":["EAV_ATTRIBUTE"],"mode":"matchingAnyTag"}} []
[2025-05-01T19:15:56.160851+00:00] main.DEBUG: cache_invalidate:  {"method":"GET","url":"http:/","invalidateInfo":{"tags":["EAV_ATTRIBUTE_35","FPC"],"mode":"matchingTag"}} []
[2025-05-01T19:15:56.161042+00:00] main.DEBUG: cache_invalidate:  {"method":"GET","url":"http:/","invalidateInfo":{"tags":["EAV_ENTITY_TYPES_CUSTOMER_ADDRESS_ENTITY","FPC"],"mode":"matchingTag"}} []
[2025-05-01T19:15:56.161216+00:00] main.DEBUG: cache_invalidate:  {"method":"GET","url":"http:/","invalidateInfo":{"tags":["EAV_FORM_adminhtml_customer_address_FORM","FPC"],"mode":"matchingTag"}} []
[2025-05-01T19:15:56.161388+00:00] main.DEBUG: cache_invalidate:  {"method":"GET","url":"http:/","invalidateInfo":{"tags":["EAV_FORM_customer_address_edit_FORM","FPC"],"mode":"matchingTag"}} []
[2025-05-01T19:15:56.161556+00:00] main.DEBUG: cache_invalidate:  {"method":"GET","url":"http:/","invalidateInfo":{"tags":["EAV_FORM_customer_register_address_FORM","FPC"],"mode":"matchingTag"}} []
[2025-05-01T19:15:56.161724+00:00] main.DEBUG: cache_invalidate:  {"method":"GET","url":"http:/","invalidateInfo":{"tags":["EAV_ATTRIBUTE_customer_address_fax","FPC"],"mode":"matchingTag"}} []
[2025-05-01T19:15:56.166195+00:00] main.DEBUG: cache_invalidate:  {"method":"GET","url":"http:/","invalidateInfo":{"tags":["EAV_ATTRIBUTE_35","FPC"],"mode":"matchingTag"}} []
[2025-05-01T19:15:56.166385+00:00] main.DEBUG: cache_invalidate:  {"method":"GET","url":"http:/","invalidateInfo":{"tags":["EAV_ATTRIBUTE_customer_address_fax","FPC"],"mode":"matchingTag"}} []
[2025-05-01T19:15:56.208415+00:00] main.DEBUG: cache_invalidate:  {"method":"GET","url":"http:/","invalidateInfo":{"tags":["EAV","EAV_ATTRIBUTE"],"mode":"matchingAnyTag"}} []
[2025-05-01T19:15:56.209382+00:00] main.DEBUG: cache_invalidate:  {"method":"GET","url":"http:/","invalidateInfo":{"tags":["EAV","EAV_ATTRIBUTE"],"mode":"matchingAnyTag"}} []
[2025-05-01T19:15:56.209780+00:00] main.DEBUG: cache_invalidate:  {"method":"GET","url":"http:/","invalidateInfo":{"tags":["EAV","EAV_ATTRIBUTE"],"mode":"matchingAnyTag"}} []
[2025-05-01T19:15:56.210086+00:00] main.DEBUG: cache_invalidate:  {"method":"GET","url":"http:/","invalidateInfo":{"tags":["EAV_ATTRIBUTE"],"mode":"matchingAnyTag"}} []
[2025-05-01T19:15:56.212068+00:00] main.DEBUG: cache_invalidate:  {"method":"GET","url":"http:/","invalidateInfo":{"tags":["EAV_ATTRIBUTE_30","FPC"],"mode":"matchingTag"}} []
[2025-05-01T19:15:56.212278+00:00] main.DEBUG: cache_invalidate:  {"method":"GET","url":"http:/","invalidateInfo":{"tags":["EAV_ENTITY_TYPES_CUSTOMER_ADDRESS_ENTITY","FPC"],"mode":"matchingTag"}} []
[2025-05-01T19:15:56.212456+00:00] main.DEBUG: cache_invalidate:  {"method":"GET","url":"http:/","invalidateInfo":{"tags":["EAV_FORM_adminhtml_customer_address_FORM","FPC"],"mode":"matchingTag"}} []
[2025-05-01T19:15:56.212627+00:00] main.DEBUG: cache_invalidate:  {"method":"GET","url":"http:/","invalidateInfo":{"tags":["EAV_FORM_customer_address_edit_FORM","FPC"],"mode":"matchingTag"}} []
[2025-05-01T19:15:56.212796+00:00] main.DEBUG: cache_invalidate:  {"method":"GET","url":"http:/","invalidateInfo":{"tags":["EAV_FORM_customer_register_address_FORM","FPC"],"mode":"matchingTag"}} []
[2025-05-01T19:15:56.212961+00:00] main.DEBUG: cache_invalidate:  {"method":"GET","url":"http:/","invalidateInfo":{"tags":["EAV_ATTRIBUTE_customer_address_country_id","FPC"],"mode":"matchingTag"}} []
[2025-05-01T19:15:56.218341+00:00] main.DEBUG: cache_invalidate:  {"method":"GET","url":"http:/","invalidateInfo":{"tags":["EAV","EAV_ATTRIBUTE"],"mode":"matchingAnyTag"}} []
[2025-05-01T19:15:56.219114+00:00] main.DEBUG: cache_invalidate:  {"method":"GET","url":"http:/","invalidateInfo":{"tags":["EAV","EAV_ATTRIBUTE"],"mode":"matchingAnyTag"}} []
[2025-05-01T19:15:56.219465+00:00] main.DEBUG: cache_invalidate:  {"method":"GET","url":"http:/","invalidateInfo":{"tags":["EAV","EAV_ATTRIBUTE"],"mode":"matchingAnyTag"}} []
[2025-05-01T19:15:56.219760+00:00] main.DEBUG: cache_invalidate:  {"method":"GET","url":"http:/","invalidateInfo":{"tags":["EAV_ATTRIBUTE"],"mode":"matchingAnyTag"}} []
[2025-05-01T19:15:56.221763+00:00] main.DEBUG: cache_invalidate:  {"method":"GET","url":"http:/","invalidateInfo":{"tags":["EAV_ATTRIBUTE_31","FPC"],"mode":"matchingTag"}} []
[2025-05-01T19:15:56.221981+00:00] main.DEBUG: cache_invalidate:  {"method":"GET","url":"http:/","invalidateInfo":{"tags":["EAV_ENTITY_TYPES_CUSTOMER_ADDRESS_ENTITY","FPC"],"mode":"matchingTag"}} []
[2025-05-01T19:15:56.222165+00:00] main.DEBUG: cache_invalidate:  {"method":"GET","url":"http:/","invalidateInfo":{"tags":["EAV_FORM_adminhtml_customer_address_FORM","FPC"],"mode":"matchingTag"}} []
[2025-05-01T19:15:56.222341+00:00] main.DEBUG: cache_invalidate:  {"method":"GET","url":"http:/","invalidateInfo":{"tags":["EAV_FORM_customer_address_edit_FORM","FPC"],"mode":"matchingTag"}} []
[2025-05-01T19:15:56.222512+00:00] main.DEBUG: cache_invalidate:  {"method":"GET","url":"http:/","invalidateInfo":{"tags":["EAV_FORM_customer_register_address_FORM","FPC"],"mode":"matchingTag"}} []
[2025-05-01T19:15:56.222680+00:00] main.DEBUG: cache_invalidate:  {"method":"GET","url":"http:/","invalidateInfo":{"tags":["EAV_ATTRIBUTE_customer_address_region","FPC"],"mode":"matchingTag"}} []
[2025-05-01T19:15:56.228512+00:00] main.DEBUG: cache_invalidate:  {"method":"GET","url":"http:/","invalidateInfo":{"tags":["EAV","EAV_ATTRIBUTE"],"mode":"matchingAnyTag"}} []
[2025-05-01T19:15:56.229351+00:00] main.DEBUG: cache_invalidate:  {"method":"GET","url":"http:/","invalidateInfo":{"tags":["EAV","EAV_ATTRIBUTE"],"mode":"matchingAnyTag"}} []
[2025-05-01T19:15:56.229709+00:00] main.DEBUG: cache_invalidate:  {"method":"GET","url":"http:/","invalidateInfo":{"tags":["EAV","EAV_ATTRIBUTE"],"mode":"matchingAnyTag"}} []
[2025-05-01T19:15:56.230009+00:00] main.DEBUG: cache_invalidate:  {"method":"GET","url":"http:/","invalidateInfo":{"tags":["EAV_ATTRIBUTE"],"mode":"matchingAnyTag"}} []
[2025-05-01T19:15:56.231856+00:00] main.DEBUG: cache_invalidate:  {"method":"GET","url":"http:/","invalidateInfo":{"tags":["EAV_ATTRIBUTE_32","FPC"],"mode":"matchingTag"}} []
[2025-05-01T19:15:56.232056+00:00] main.DEBUG: cache_invalidate:  {"method":"GET","url":"http:/","invalidateInfo":{"tags":["EAV_ENTITY_TYPES_CUSTOMER_ADDRESS_ENTITY","FPC"],"mode":"matchingTag"}} []
[2025-05-01T19:15:56.232237+00:00] main.DEBUG: cache_invalidate:  {"method":"GET","url":"http:/","invalidateInfo":{"tags":["EAV_FORM_adminhtml_customer_address_FORM","FPC"],"mode":"matchingTag"}} []
[2025-05-01T19:15:56.232410+00:00] main.DEBUG: cache_invalidate:  {"method":"GET","url":"http:/","invalidateInfo":{"tags":["EAV_FORM_customer_address_edit_FORM","FPC"],"mode":"matchingTag"}} []
[2025-05-01T19:15:56.232582+00:00] main.DEBUG: cache_invalidate:  {"method":"GET","url":"http:/","invalidateInfo":{"tags":["EAV_FORM_customer_register_address_FORM","FPC"],"mode":"matchingTag"}} []
[2025-05-01T19:15:56.232750+00:00] main.DEBUG: cache_invalidate:  {"method":"GET","url":"http:/","invalidateInfo":{"tags":["EAV_ATTRIBUTE_customer_address_region_id","FPC"],"mode":"matchingTag"}} []
[2025-05-01T19:15:56.238281+00:00] main.DEBUG: cache_invalidate:  {"method":"GET","url":"http:/","invalidateInfo":{"tags":["EAV","EAV_ATTRIBUTE"],"mode":"matchingAnyTag"}} []
[2025-05-01T19:15:56.239347+00:00] main.DEBUG: cache_invalidate:  {"method":"GET","url":"http:/","invalidateInfo":{"tags":["EAV","EAV_ATTRIBUTE"],"mode":"matchingAnyTag"}} []
[2025-05-01T19:15:56.239743+00:00] main.DEBUG: cache_invalidate:  {"method":"GET","url":"http:/","invalidateInfo":{"tags":["EAV","EAV_ATTRIBUTE"],"mode":"matchingAnyTag"}} []
[2025-05-01T19:15:56.240053+00:00] main.DEBUG: cache_invalidate:  {"method":"GET","url":"http:/","invalidateInfo":{"tags":["EAV_ATTRIBUTE"],"mode":"matchingAnyTag"}} []
[2025-05-01T19:15:56.242108+00:00] main.DEBUG: cache_invalidate:  {"method":"GET","url":"http:/","invalidateInfo":{"tags":["EAV_ATTRIBUTE_29","FPC"],"mode":"matchingTag"}} []
[2025-05-01T19:15:56.242314+00:00] main.DEBUG: cache_invalidate:  {"method":"GET","url":"http:/","invalidateInfo":{"tags":["EAV_ENTITY_TYPES_CUSTOMER_ADDRESS_ENTITY","FPC"],"mode":"matchingTag"}} []
[2025-05-01T19:15:56.242494+00:00] main.DEBUG: cache_invalidate:  {"method":"GET","url":"http:/","invalidateInfo":{"tags":["EAV_FORM_adminhtml_customer_address_FORM","FPC"],"mode":"matchingTag"}} []
[2025-05-01T19:15:56.242667+00:00] main.DEBUG: cache_invalidate:  {"method":"GET","url":"http:/","invalidateInfo":{"tags":["EAV_FORM_customer_address_edit_FORM","FPC"],"mode":"matchingTag"}} []
[2025-05-01T19:15:56.242840+00:00] main.DEBUG: cache_invalidate:  {"method":"GET","url":"http:/","invalidateInfo":{"tags":["EAV_FORM_customer_register_address_FORM","FPC"],"mode":"matchingTag"}} []
[2025-05-01T19:15:56.243010+00:00] main.DEBUG: cache_invalidate:  {"method":"GET","url":"http:/","invalidateInfo":{"tags":["EAV_ATTRIBUTE_customer_address_city","FPC"],"mode":"matchingTag"}} []
[2025-05-01T19:15:56.247624+00:00] main.DEBUG: cache_invalidate:  {"method":"GET","url":"http:/","invalidateInfo":{"tags":["EAV_ATTRIBUTE_30","FPC"],"mode":"matchingTag"}} []
[2025-05-01T19:15:56.247827+00:00] main.DEBUG: cache_invalidate:  {"method":"GET","url":"http:/","invalidateInfo":{"tags":["EAV_ATTRIBUTE_customer_address_country_id","FPC"],"mode":"matchingTag"}} []
[2025-05-01T19:15:56.248244+00:00] main.DEBUG: cache_invalidate:  {"method":"GET","url":"http:/","invalidateInfo":{"tags":["EAV_ATTRIBUTE_31","FPC"],"mode":"matchingTag"}} []
[2025-05-01T19:15:56.248435+00:00] main.DEBUG: cache_invalidate:  {"method":"GET","url":"http:/","invalidateInfo":{"tags":["EAV_ATTRIBUTE_customer_address_region","FPC"],"mode":"matchingTag"}} []
[2025-05-01T19:15:56.248847+00:00] main.DEBUG: cache_invalidate:  {"method":"GET","url":"http:/","invalidateInfo":{"tags":["EAV_ATTRIBUTE_32","FPC"],"mode":"matchingTag"}} []
[2025-05-01T19:15:56.249034+00:00] main.DEBUG: cache_invalidate:  {"method":"GET","url":"http:/","invalidateInfo":{"tags":["EAV_ATTRIBUTE_customer_address_region_id","FPC"],"mode":"matchingTag"}} []
[2025-05-01T19:15:56.249449+00:00] main.DEBUG: cache_invalidate:  {"method":"GET","url":"http:/","invalidateInfo":{"tags":["EAV_ATTRIBUTE_29","FPC"],"mode":"matchingTag"}} []
[2025-05-01T19:15:56.249637+00:00] main.DEBUG: cache_invalidate:  {"method":"GET","url":"http:/","invalidateInfo":{"tags":["EAV_ATTRIBUTE_customer_address_city","FPC"],"mode":"matchingTag"}} []
[2025-05-01T19:15:56.260298+00:00] main.DEBUG: cache_invalidate:  {"method":"GET","url":"http:/","invalidateInfo":{"tags":["EAV","EAV_ATTRIBUTE"],"mode":"matchingAnyTag"}} []
[2025-05-01T19:15:56.261064+00:00] main.DEBUG: cache_invalidate:  {"method":"GET","url":"http:/","invalidateInfo":{"tags":["EAV","EAV_ATTRIBUTE"],"mode":"matchingAnyTag"}} []
[2025-05-01T19:15:56.261422+00:00] main.DEBUG: cache_invalidate:  {"method":"GET","url":"http:/","invalidateInfo":{"tags":["EAV","EAV_ATTRIBUTE"],"mode":"matchingAnyTag"}} []
[2025-05-01T19:15:56.261722+00:00] main.DEBUG: cache_invalidate:  {"method":"GET","url":"http:/","invalidateInfo":{"tags":["EAV_ATTRIBUTE"],"mode":"matchingAnyTag"}} []
[2025-05-01T19:15:56.263563+00:00] main.DEBUG: cache_invalidate:  {"method":"GET","url":"http:/","invalidateInfo":{"tags":["EAV_ATTRIBUTE_23","FPC"],"mode":"matchingTag"}} []
[2025-05-01T19:15:56.263758+00:00] main.DEBUG: cache_invalidate:  {"method":"GET","url":"http:/","invalidateInfo":{"tags":["EAV_ENTITY_TYPES_CUSTOMER_ADDRESS_ENTITY","FPC"],"mode":"matchingTag"}} []
[2025-05-01T19:15:56.263935+00:00] main.DEBUG: cache_invalidate:  {"method":"GET","url":"http:/","invalidateInfo":{"tags":["EAV_FORM_adminhtml_customer_address_FORM","FPC"],"mode":"matchingTag"}} []
[2025-05-01T19:15:56.264107+00:00] main.DEBUG: cache_invalidate:  {"method":"GET","url":"http:/","invalidateInfo":{"tags":["EAV_FORM_customer_address_edit_FORM","FPC"],"mode":"matchingTag"}} []
[2025-05-01T19:15:56.264276+00:00] main.DEBUG: cache_invalidate:  {"method":"GET","url":"http:/","invalidateInfo":{"tags":["EAV_FORM_customer_register_address_FORM","FPC"],"mode":"matchingTag"}} []
[2025-05-01T19:15:56.264443+00:00] main.DEBUG: cache_invalidate:  {"method":"GET","url":"http:/","invalidateInfo":{"tags":["EAV_ATTRIBUTE_customer_address_firstname","FPC"],"mode":"matchingTag"}} []
[2025-05-01T19:15:56.269282+00:00] main.DEBUG: cache_invalidate:  {"method":"GET","url":"http:/","invalidateInfo":{"tags":["EAV","EAV_ATTRIBUTE"],"mode":"matchingAnyTag"}} []
[2025-05-01T19:15:56.269993+00:00] main.DEBUG: cache_invalidate:  {"method":"GET","url":"http:/","invalidateInfo":{"tags":["EAV","EAV_ATTRIBUTE"],"mode":"matchingAnyTag"}} []
[2025-05-01T19:15:56.270344+00:00] main.DEBUG: cache_invalidate:  {"method":"GET","url":"http:/","invalidateInfo":{"tags":["EAV","EAV_ATTRIBUTE"],"mode":"matchingAnyTag"}} []
[2025-05-01T19:15:56.270640+00:00] main.DEBUG: cache_invalidate:  {"method":"GET","url":"http:/","invalidateInfo":{"tags":["EAV_ATTRIBUTE"],"mode":"matchingAnyTag"}} []
[2025-05-01T19:15:56.272482+00:00] main.DEBUG: cache_invalidate:  {"method":"GET","url":"http:/","invalidateInfo":{"tags":["EAV_ATTRIBUTE_25","FPC"],"mode":"matchingTag"}} []
[2025-05-01T19:15:56.272701+00:00] main.DEBUG: cache_invalidate:  {"method":"GET","url":"http:/","invalidateInfo":{"tags":["EAV_ENTITY_TYPES_CUSTOMER_ADDRESS_ENTITY","FPC"],"mode":"matchingTag"}} []
[2025-05-01T19:15:56.272884+00:00] main.DEBUG: cache_invalidate:  {"method":"GET","url":"http:/","invalidateInfo":{"tags":["EAV_FORM_adminhtml_customer_address_FORM","FPC"],"mode":"matchingTag"}} []
[2025-05-01T19:15:56.273056+00:00] main.DEBUG: cache_invalidate:  {"method":"GET","url":"http:/","invalidateInfo":{"tags":["EAV_FORM_customer_address_edit_FORM","FPC"],"mode":"matchingTag"}} []
[2025-05-01T19:15:56.273225+00:00] main.DEBUG: cache_invalidate:  {"method":"GET","url":"http:/","invalidateInfo":{"tags":["EAV_FORM_customer_register_address_FORM","FPC"],"mode":"matchingTag"}} []
[2025-05-01T19:15:56.273392+00:00] main.DEBUG: cache_invalidate:  {"method":"GET","url":"http:/","invalidateInfo":{"tags":["EAV_ATTRIBUTE_customer_address_lastname","FPC"],"mode":"matchingTag"}} []
[2025-05-01T19:15:56.279032+00:00] main.DEBUG: cache_invalidate:  {"method":"GET","url":"http:/","invalidateInfo":{"tags":["EAV","EAV_ATTRIBUTE"],"mode":"matchingAnyTag"}} []
[2025-05-01T19:15:56.279779+00:00] main.DEBUG: cache_invalidate:  {"method":"GET","url":"http:/","invalidateInfo":{"tags":["EAV","EAV_ATTRIBUTE"],"mode":"matchingAnyTag"}} []
[2025-05-01T19:15:56.280134+00:00] main.DEBUG: cache_invalidate:  {"method":"GET","url":"http:/","invalidateInfo":{"tags":["EAV","EAV_ATTRIBUTE"],"mode":"matchingAnyTag"}} []
[2025-05-01T19:15:56.280434+00:00] main.DEBUG: cache_invalidate:  {"method":"GET","url":"http:/","invalidateInfo":{"tags":["EAV_ATTRIBUTE"],"mode":"matchingAnyTag"}} []
[2025-05-01T19:15:56.282209+00:00] main.DEBUG: cache_invalidate:  {"method":"GET","url":"http:/","invalidateInfo":{"tags":["EAV_ATTRIBUTE_24","FPC"],"mode":"matchingTag"}} []
[2025-05-01T19:15:56.282403+00:00] main.DEBUG: cache_invalidate:  {"method":"GET","url":"http:/","invalidateInfo":{"tags":["EAV_ENTITY_TYPES_CUSTOMER_ADDRESS_ENTITY","FPC"],"mode":"matchingTag"}} []
[2025-05-01T19:15:56.282580+00:00] main.DEBUG: cache_invalidate:  {"method":"GET","url":"http:/","invalidateInfo":{"tags":["EAV_FORM_adminhtml_customer_address_FORM","FPC"],"mode":"matchingTag"}} []
[2025-05-01T19:15:56.282751+00:00] main.DEBUG: cache_invalidate:  {"method":"GET","url":"http:/","invalidateInfo":{"tags":["EAV_FORM_customer_address_edit_FORM","FPC"],"mode":"matchingTag"}} []
[2025-05-01T19:15:56.282919+00:00] main.DEBUG: cache_invalidate:  {"method":"GET","url":"http:/","invalidateInfo":{"tags":["EAV_FORM_customer_register_address_FORM","FPC"],"mode":"matchingTag"}} []
[2025-05-01T19:15:56.283087+00:00] main.DEBUG: cache_invalidate:  {"method":"GET","url":"http:/","invalidateInfo":{"tags":["EAV_ATTRIBUTE_customer_address_middlename","FPC"],"mode":"matchingTag"}} []
[2025-05-01T19:15:56.288383+00:00] main.DEBUG: cache_invalidate:  {"method":"GET","url":"http:/","invalidateInfo":{"tags":["EAV","EAV_ATTRIBUTE"],"mode":"matchingAnyTag"}} []
[2025-05-01T19:15:56.289250+00:00] main.DEBUG: cache_invalidate:  {"method":"GET","url":"http:/","invalidateInfo":{"tags":["EAV","EAV_ATTRIBUTE"],"mode":"matchingAnyTag"}} []
[2025-05-01T19:15:56.289625+00:00] main.DEBUG: cache_invalidate:  {"method":"GET","url":"http:/","invalidateInfo":{"tags":["EAV","EAV_ATTRIBUTE"],"mode":"matchingAnyTag"}} []
[2025-05-01T19:15:56.289930+00:00] main.DEBUG: cache_invalidate:  {"method":"GET","url":"http:/","invalidateInfo":{"tags":["EAV_ATTRIBUTE"],"mode":"matchingAnyTag"}} []
[2025-05-01T19:15:56.291867+00:00] main.DEBUG: cache_invalidate:  {"method":"GET","url":"http:/","invalidateInfo":{"tags":["EAV_ATTRIBUTE_5","FPC"],"mode":"matchingTag"}} []
[2025-05-01T19:15:56.292065+00:00] main.DEBUG: cache_invalidate:  {"method":"GET","url":"http:/","invalidateInfo":{"tags":["EAV_ENTITY_TYPES_CUSTOMER_ENTITY","FPC"],"mode":"matchingTag"}} []
[2025-05-01T19:15:56.292242+00:00] main.DEBUG: cache_invalidate:  {"method":"GET","url":"http:/","invalidateInfo":{"tags":["EAV_FORM_adminhtml_customer_FORM","FPC"],"mode":"matchingTag"}} []
[2025-05-01T19:15:56.292415+00:00] main.DEBUG: cache_invalidate:  {"method":"GET","url":"http:/","invalidateInfo":{"tags":["EAV_FORM_customer_account_create_FORM","FPC"],"mode":"matchingTag"}} []
[2025-05-01T19:15:56.292585+00:00] main.DEBUG: cache_invalidate:  {"method":"GET","url":"http:/","invalidateInfo":{"tags":["EAV_FORM_customer_account_edit_FORM","FPC"],"mode":"matchingTag"}} []
[2025-05-01T19:15:56.292752+00:00] main.DEBUG: cache_invalidate:  {"method":"GET","url":"http:/","invalidateInfo":{"tags":["EAV_ATTRIBUTE_customer_firstname","FPC"],"mode":"matchingTag"}} []
[2025-05-01T19:15:56.298226+00:00] main.DEBUG: cache_invalidate:  {"method":"GET","url":"http:/","invalidateInfo":{"tags":["EAV","EAV_ATTRIBUTE"],"mode":"matchingAnyTag"}} []
[2025-05-01T19:15:56.298994+00:00] main.DEBUG: cache_invalidate:  {"method":"GET","url":"http:/","invalidateInfo":{"tags":["EAV","EAV_ATTRIBUTE"],"mode":"matchingAnyTag"}} []
[2025-05-01T19:15:56.299356+00:00] main.DEBUG: cache_invalidate:  {"method":"GET","url":"http:/","invalidateInfo":{"tags":["EAV","EAV_ATTRIBUTE"],"mode":"matchingAnyTag"}} []
[2025-05-01T19:15:56.299661+00:00] main.DEBUG: cache_invalidate:  {"method":"GET","url":"http:/","invalidateInfo":{"tags":["EAV_ATTRIBUTE"],"mode":"matchingAnyTag"}} []
[2025-05-01T19:15:56.301469+00:00] main.DEBUG: cache_invalidate:  {"method":"GET","url":"http:/","invalidateInfo":{"tags":["EAV_ATTRIBUTE_7","FPC"],"mode":"matchingTag"}} []
[2025-05-01T19:15:56.301664+00:00] main.DEBUG: cache_invalidate:  {"method":"GET","url":"http:/","invalidateInfo":{"tags":["EAV_ENTITY_TYPES_CUSTOMER_ENTITY","FPC"],"mode":"matchingTag"}} []
[2025-05-01T19:15:56.301840+00:00] main.DEBUG: cache_invalidate:  {"method":"GET","url":"http:/","invalidateInfo":{"tags":["EAV_FORM_adminhtml_customer_FORM","FPC"],"mode":"matchingTag"}} []
[2025-05-01T19:15:56.302012+00:00] main.DEBUG: cache_invalidate:  {"method":"GET","url":"http:/","invalidateInfo":{"tags":["EAV_FORM_customer_account_create_FORM","FPC"],"mode":"matchingTag"}} []
[2025-05-01T19:15:56.302180+00:00] main.DEBUG: cache_invalidate:  {"method":"GET","url":"http:/","invalidateInfo":{"tags":["EAV_FORM_customer_account_edit_FORM","FPC"],"mode":"matchingTag"}} []
[2025-05-01T19:15:56.302348+00:00] main.DEBUG: cache_invalidate:  {"method":"GET","url":"http:/","invalidateInfo":{"tags":["EAV_ATTRIBUTE_customer_lastname","FPC"],"mode":"matchingTag"}} []
[2025-05-01T19:15:56.307910+00:00] main.DEBUG: cache_invalidate:  {"method":"GET","url":"http:/","invalidateInfo":{"tags":["EAV","EAV_ATTRIBUTE"],"mode":"matchingAnyTag"}} []
[2025-05-01T19:15:56.308741+00:00] main.DEBUG: cache_invalidate:  {"method":"GET","url":"http:/","invalidateInfo":{"tags":["EAV","EAV_ATTRIBUTE"],"mode":"matchingAnyTag"}} []
[2025-05-01T19:15:56.309104+00:00] main.DEBUG: cache_invalidate:  {"method":"GET","url":"http:/","invalidateInfo":{"tags":["EAV","EAV_ATTRIBUTE"],"mode":"matchingAnyTag"}} []
[2025-05-01T19:15:56.309407+00:00] main.DEBUG: cache_invalidate:  {"method":"GET","url":"http:/","invalidateInfo":{"tags":["EAV_ATTRIBUTE"],"mode":"matchingAnyTag"}} []
[2025-05-01T19:15:56.311213+00:00] main.DEBUG: cache_invalidate:  {"method":"GET","url":"http:/","invalidateInfo":{"tags":["EAV_ATTRIBUTE_6","FPC"],"mode":"matchingTag"}} []
[2025-05-01T19:15:56.311406+00:00] main.DEBUG: cache_invalidate:  {"method":"GET","url":"http:/","invalidateInfo":{"tags":["EAV_ENTITY_TYPES_CUSTOMER_ENTITY","FPC"],"mode":"matchingTag"}} []
[2025-05-01T19:15:56.311581+00:00] main.DEBUG: cache_invalidate:  {"method":"GET","url":"http:/","invalidateInfo":{"tags":["EAV_FORM_adminhtml_customer_FORM","FPC"],"mode":"matchingTag"}} []
[2025-05-01T19:15:56.311752+00:00] main.DEBUG: cache_invalidate:  {"method":"GET","url":"http:/","invalidateInfo":{"tags":["EAV_FORM_customer_account_create_FORM","FPC"],"mode":"matchingTag"}} []
[2025-05-01T19:15:56.311921+00:00] main.DEBUG: cache_invalidate:  {"method":"GET","url":"http:/","invalidateInfo":{"tags":["EAV_FORM_customer_account_edit_FORM","FPC"],"mode":"matchingTag"}} []
[2025-05-01T19:15:56.312088+00:00] main.DEBUG: cache_invalidate:  {"method":"GET","url":"http:/","invalidateInfo":{"tags":["EAV_ATTRIBUTE_customer_middlename","FPC"],"mode":"matchingTag"}} []
[2025-05-01T19:15:56.316873+00:00] main.DEBUG: cache_invalidate:  {"method":"GET","url":"http:/","invalidateInfo":{"tags":["EAV_ATTRIBUTE_23","FPC"],"mode":"matchingTag"}} []
[2025-05-01T19:15:56.317063+00:00] main.DEBUG: cache_invalidate:  {"method":"GET","url":"http:/","invalidateInfo":{"tags":["EAV_ATTRIBUTE_customer_address_firstname","FPC"],"mode":"matchingTag"}} []
[2025-05-01T19:15:56.317523+00:00] main.DEBUG: cache_invalidate:  {"method":"GET","url":"http:/","invalidateInfo":{"tags":["EAV_ATTRIBUTE_25","FPC"],"mode":"matchingTag"}} []
[2025-05-01T19:15:56.317711+00:00] main.DEBUG: cache_invalidate:  {"method":"GET","url":"http:/","invalidateInfo":{"tags":["EAV_ATTRIBUTE_customer_address_lastname","FPC"],"mode":"matchingTag"}} []
[2025-05-01T19:15:56.318196+00:00] main.DEBUG: cache_invalidate:  {"method":"GET","url":"http:/","invalidateInfo":{"tags":["EAV_ATTRIBUTE_24","FPC"],"mode":"matchingTag"}} []
[2025-05-01T19:15:56.318382+00:00] main.DEBUG: cache_invalidate:  {"method":"GET","url":"http:/","invalidateInfo":{"tags":["EAV_ATTRIBUTE_customer_address_middlename","FPC"],"mode":"matchingTag"}} []
[2025-05-01T19:15:56.318866+00:00] main.DEBUG: cache_invalidate:  {"method":"GET","url":"http:/","invalidateInfo":{"tags":["EAV_ATTRIBUTE_5","FPC"],"mode":"matchingTag"}} []
[2025-05-01T19:15:56.319054+00:00] main.DEBUG: cache_invalidate:  {"method":"GET","url":"http:/","invalidateInfo":{"tags":["EAV_ATTRIBUTE_customer_firstname","FPC"],"mode":"matchingTag"}} []
[2025-05-01T19:15:56.319497+00:00] main.DEBUG: cache_invalidate:  {"method":"GET","url":"http:/","invalidateInfo":{"tags":["EAV_ATTRIBUTE_7","FPC"],"mode":"matchingTag"}} []
[2025-05-01T19:15:56.319683+00:00] main.DEBUG: cache_invalidate:  {"method":"GET","url":"http:/","invalidateInfo":{"tags":["EAV_ATTRIBUTE_customer_lastname","FPC"],"mode":"matchingTag"}} []
[2025-05-01T19:15:56.320166+00:00] main.DEBUG: cache_invalidate:  {"method":"GET","url":"http:/","invalidateInfo":{"tags":["EAV_ATTRIBUTE_6","FPC"],"mode":"matchingTag"}} []
[2025-05-01T19:15:56.320352+00:00] main.DEBUG: cache_invalidate:  {"method":"GET","url":"http:/","invalidateInfo":{"tags":["EAV_ATTRIBUTE_customer_middlename","FPC"],"mode":"matchingTag"}} []
[2025-05-01T19:15:56.426953+00:00] main.DEBUG: cache_invalidate:  {"method":"GET","url":"http:/","invalidateInfo":{"tags":["cms_p"],"mode":"matchingAnyTag"}} []
[2025-05-01T19:15:56.427354+00:00] main.DEBUG: cache_invalidate:  {"method":"GET","url":"http:/","invalidateInfo":{"tags":["cms_p_1","GRAPHQL_QUERY_RESOLVER_RESULT"],"mode":"matchingTag"}} []
[2025-05-01T19:15:56.427589+00:00] main.DEBUG: cache_invalidate:  {"method":"GET","url":"http:/","invalidateInfo":{"tags":["cms_p_1","FPC"],"mode":"matchingTag"}} []
[2025-05-01T19:15:56.475446+00:00] main.DEBUG: cache_invalidate:  {"method":"GET","url":"http:/","invalidateInfo":{"tags":["cms_p"],"mode":"matchingAnyTag"}} []
[2025-05-01T19:15:56.475830+00:00] main.DEBUG: cache_invalidate:  {"method":"GET","url":"http:/","invalidateInfo":{"tags":["cms_p_2","GRAPHQL_QUERY_RESOLVER_RESULT"],"mode":"matchingTag"}} []
[2025-05-01T19:15:56.476071+00:00] main.DEBUG: cache_invalidate:  {"method":"GET","url":"http:/","invalidateInfo":{"tags":["cms_p_2","FPC"],"mode":"matchingTag"}} []
[2025-05-01T19:15:56.487119+00:00] main.DEBUG: cache_invalidate:  {"method":"GET","url":"http:/","invalidateInfo":{"tags":["cms_p"],"mode":"matchingAnyTag"}} []
[2025-05-01T19:15:56.487407+00:00] main.DEBUG: cache_invalidate:  {"method":"GET","url":"http:/","invalidateInfo":{"tags":["cms_p_3","GRAPHQL_QUERY_RESOLVER_RESULT"],"mode":"matchingTag"}} []
[2025-05-01T19:15:56.487637+00:00] main.DEBUG: cache_invalidate:  {"method":"GET","url":"http:/","invalidateInfo":{"tags":["cms_p_3","FPC"],"mode":"matchingTag"}} []
[2025-05-01T19:15:56.495966+00:00] main.DEBUG: cache_invalidate:  {"method":"GET","url":"http:/","invalidateInfo":{"tags":["cms_p"],"mode":"matchingAnyTag"}} []
[2025-05-01T19:15:56.496266+00:00] main.DEBUG: cache_invalidate:  {"method":"GET","url":"http:/","invalidateInfo":{"tags":["cms_p_4","GRAPHQL_QUERY_RESOLVER_RESULT"],"mode":"matchingTag"}} []
[2025-05-01T19:15:56.496492+00:00] main.DEBUG: cache_invalidate:  {"method":"GET","url":"http:/","invalidateInfo":{"tags":["cms_p_4","FPC"],"mode":"matchingTag"}} []
[2025-05-01T19:15:56.504914+00:00] main.DEBUG: cache_invalidate:  {"method":"GET","url":"http:/","invalidateInfo":{"tags":["cms_p_1","FPC"],"mode":"matchingTag"}} []
[2025-05-01T19:15:56.505168+00:00] main.DEBUG: cache_invalidate:  {"method":"GET","url":"http:/","invalidateInfo":{"tags":["cms_p_2","FPC"],"mode":"matchingTag"}} []
[2025-05-01T19:15:56.505421+00:00] main.DEBUG: cache_invalidate:  {"method":"GET","url":"http:/","invalidateInfo":{"tags":["cms_p_3","FPC"],"mode":"matchingTag"}} []
[2025-05-01T19:15:56.505654+00:00] main.DEBUG: cache_invalidate:  {"method":"GET","url":"http:/","invalidateInfo":{"tags":["cms_p_4","FPC"],"mode":"matchingTag"}} []
[2025-05-01T19:15:56.518227+00:00] main.DEBUG: cache_invalidate:  {"method":"GET","url":"http:/","invalidateInfo":{"tags":["cms_p"],"mode":"matchingAnyTag"}} []
[2025-05-01T19:15:56.518637+00:00] main.DEBUG: cache_invalidate:  {"method":"GET","url":"http:/","invalidateInfo":{"tags":["cms_p_4","GRAPHQL_QUERY_RESOLVER_RESULT"],"mode":"matchingTag"}} []
[2025-05-01T19:15:56.518860+00:00] main.DEBUG: cache_invalidate:  {"method":"GET","url":"http:/","invalidateInfo":{"tags":["cms_p_4","FPC"],"mode":"matchingTag"}} []
[2025-05-01T19:15:56.528253+00:00] main.DEBUG: cache_invalidate:  {"method":"GET","url":"http:/","invalidateInfo":{"tags":["cms_p_4","FPC"],"mode":"matchingTag"}} []
[2025-05-01T19:15:56.604452+00:00] main.DEBUG: cache_invalidate:  {"method":"GET","url":"http:/","invalidateInfo":{"tags":["EAV"],"mode":"matchingAnyTag"}} []
[2025-05-01T19:15:56.616322+00:00] main.DEBUG: cache_invalidate:  {"method":"GET","url":"http:/","invalidateInfo":{"tags":["EAV","EAV_ATTRIBUTE"],"mode":"matchingAnyTag"}} []
[2025-05-01T19:15:56.785849+00:00] main.DEBUG: cache_invalidate:  {"method":"GET","url":"http:/","invalidateInfo":{"tags":["EAV","EAV_ATTRIBUTE"],"mode":"matchingAnyTag"}} []
[2025-05-01T19:15:57.132886+00:00] main.DEBUG: cache_invalidate:  {"method":"GET","url":"http:/","invalidateInfo":{"tags":["cat_c_1","cat_c_p_1","cat_c"],"mode":"matchingAnyTag"}} []
[2025-05-01T19:15:57.133284+00:00] main.DEBUG: cache_invalidate:  {"method":"GET","url":"http:/","invalidateInfo":{"tags":["cat_c_1","FPC"],"mode":"matchingTag"}} []
[2025-05-01T19:15:57.133470+00:00] main.DEBUG: cache_invalidate:  {"method":"GET","url":"http:/","invalidateInfo":{"tags":["cat_c_p_1","FPC"],"mode":"matchingTag"}} []
[2025-05-01T19:15:57.133643+00:00] main.DEBUG: cache_invalidate:  {"method":"GET","url":"http:/","invalidateInfo":{"tags":["cat_c","FPC"],"mode":"matchingTag"}} []
[2025-05-01T19:15:57.146961+00:00] main.DEBUG: cache_invalidate:  {"method":"GET","url":"http:/","invalidateInfo":{"tags":["cat_c_1","cat_c","cat_c_p_1"],"mode":"matchingAnyTag"}} []
[2025-05-01T19:15:57.147307+00:00] main.DEBUG: cache_invalidate:  {"method":"GET","url":"http:/","invalidateInfo":{"tags":["cat_c_1","cat_c","cat_c_p_1"],"mode":"matchingAnyTag"}} []
[2025-05-01T19:15:57.169885+00:00] main.DEBUG: cache_invalidate:  {"method":"GET","url":"http:/","invalidateInfo":{"tags":{"0":"cat_c_2","1":"cat_c_p_2","2":"cat_c_p_1","4":"cat_c"},"mode":"matchingAnyTag"}} []
[2025-05-01T19:15:57.170233+00:00] main.DEBUG: cache_invalidate:  {"method":"GET","url":"http:/","invalidateInfo":{"tags":["cat_c_2","FPC"],"mode":"matchingTag"}} []
[2025-05-01T19:15:57.170423+00:00] main.DEBUG: cache_invalidate:  {"method":"GET","url":"http:/","invalidateInfo":{"tags":["cat_c_p_2","FPC"],"mode":"matchingTag"}} []
[2025-05-01T19:15:57.170595+00:00] main.DEBUG: cache_invalidate:  {"method":"GET","url":"http:/","invalidateInfo":{"tags":["cat_c_p_1","FPC"],"mode":"matchingTag"}} []
[2025-05-01T19:15:57.170763+00:00] main.DEBUG: cache_invalidate:  {"method":"GET","url":"http:/","invalidateInfo":{"tags":["cat_c","FPC"],"mode":"matchingTag"}} []
[2025-05-01T19:15:57.171226+00:00] main.DEBUG: cache_invalidate:  {"method":"GET","url":"http:/","invalidateInfo":{"tags":["cat_c_2","cat_c_p_1","cat_c_p_2","cat_c"],"mode":"matchingAnyTag"}} []
[2025-05-01T19:15:57.171509+00:00] main.DEBUG: cache_invalidate:  {"method":"GET","url":"http:/","invalidateInfo":{"tags":["cat_c_2","cat_c_p_1","cat_c_p_2","cat_c"],"mode":"matchingAnyTag"}} []
[2025-05-01T19:15:57.201031+00:00] main.DEBUG: cache_invalidate:  {"method":"GET","url":"http:/","invalidateInfo":{"tags":["cat_c_1","FPC"],"mode":"matchingTag"}} []
[2025-05-01T19:15:57.201285+00:00] main.DEBUG: cache_invalidate:  {"method":"GET","url":"http:/","invalidateInfo":{"tags":["cat_c","FPC"],"mode":"matchingTag"}} []
[2025-05-01T19:15:57.201466+00:00] main.DEBUG: cache_invalidate:  {"method":"GET","url":"http:/","invalidateInfo":{"tags":["cat_c_p_1","FPC"],"mode":"matchingTag"}} []
[2025-05-01T19:15:57.202718+00:00] main.DEBUG: cache_invalidate:  {"method":"GET","url":"http:/","invalidateInfo":{"tags":["cat_c_2","FPC"],"mode":"matchingTag"}} []
[2025-05-01T19:15:57.202929+00:00] main.DEBUG: cache_invalidate:  {"method":"GET","url":"http:/","invalidateInfo":{"tags":["cat_c_p_1","FPC"],"mode":"matchingTag"}} []
[2025-05-01T19:15:57.203111+00:00] main.DEBUG: cache_invalidate:  {"method":"GET","url":"http:/","invalidateInfo":{"tags":["cat_c_p_2","FPC"],"mode":"matchingTag"}} []
[2025-05-01T19:15:57.203285+00:00] main.DEBUG: cache_invalidate:  {"method":"GET","url":"http:/","invalidateInfo":{"tags":["cat_c","FPC"],"mode":"matchingTag"}} []
[2025-05-01T19:15:57.574256+00:00] main.DEBUG: cache_invalidate:  {"method":"GET","url":"http:/","invalidateInfo":{"tags":["EAV","EAV_ATTRIBUTE"],"mode":"matchingAnyTag"}} []
[2025-05-01T19:15:57.575794+00:00] main.DEBUG: cache_invalidate:  {"method":"GET","url":"http:/","invalidateInfo":{"tags":["EAV","EAV_ATTRIBUTE"],"mode":"matchingAnyTag"}} []
[2025-05-01T19:15:57.576188+00:00] main.DEBUG: cache_invalidate:  {"method":"GET","url":"http:/","invalidateInfo":{"tags":["EAV_ATTRIBUTE"],"mode":"matchingAnyTag"}} []
[2025-05-01T19:15:57.577929+00:00] main.DEBUG: cache_invalidate:  {"method":"GET","url":"http:/","invalidateInfo":{"tags":["EAV_ATTRIBUTE_74","FPC"],"mode":"matchingTag"}} []
[2025-05-01T19:15:57.578127+00:00] main.DEBUG: cache_invalidate:  {"method":"GET","url":"http:/","invalidateInfo":{"tags":["EAV_ENTITY_TYPES_CATALOG_PRODUCT_ENTITY","FPC"],"mode":"matchingTag"}} []
[2025-05-01T19:15:57.578311+00:00] main.DEBUG: cache_invalidate:  {"method":"GET","url":"http:/","invalidateInfo":{"tags":["EAV_ATTRIBUTE_catalog_product_sku","FPC"],"mode":"matchingTag"}} []
[2025-05-01T19:15:57.578568+00:00] main.DEBUG: cache_invalidate:  {"method":"GET","url":"http:/","invalidateInfo":{"identifier":"request_declaration"}} []
[2025-05-01T19:15:57.587331+00:00] main.DEBUG: cache_invalidate:  {"method":"GET","url":"http:/","invalidateInfo":{"identifier":"request_declaration"}} []
[2025-05-01T19:15:57.605667+00:00] main.DEBUG: cache_invalidate:  {"method":"GET","url":"http:/","invalidateInfo":{"tags":["EAV","EAV_ATTRIBUTE"],"mode":"matchingAnyTag"}} []
[2025-05-01T19:15:57.606706+00:00] main.DEBUG: cache_invalidate:  {"method":"GET","url":"http:/","invalidateInfo":{"tags":["EAV","EAV_ATTRIBUTE"],"mode":"matchingAnyTag"}} []
[2025-05-01T19:15:57.607085+00:00] main.DEBUG: cache_invalidate:  {"method":"GET","url":"http:/","invalidateInfo":{"tags":["EAV_ATTRIBUTE"],"mode":"matchingAnyTag"}} []
[2025-05-01T19:15:57.608977+00:00] main.DEBUG: cache_invalidate:  {"method":"GET","url":"http:/","invalidateInfo":{"tags":["EAV_ATTRIBUTE_73","FPC"],"mode":"matchingTag"}} []
[2025-05-01T19:15:57.609175+00:00] main.DEBUG: cache_invalidate:  {"method":"GET","url":"http:/","invalidateInfo":{"tags":["EAV_ENTITY_TYPES_CATALOG_PRODUCT_ENTITY","FPC"],"mode":"matchingTag"}} []
[2025-05-01T19:15:57.609359+00:00] main.DEBUG: cache_invalidate:  {"method":"GET","url":"http:/","invalidateInfo":{"tags":["EAV_ATTRIBUTE_catalog_product_name","FPC"],"mode":"matchingTag"}} []
[2025-05-01T19:15:57.609597+00:00] main.DEBUG: cache_invalidate:  {"method":"GET","url":"http:/","invalidateInfo":{"identifier":"request_declaration"}} []
[2025-05-01T19:15:57.618394+00:00] main.DEBUG: cache_invalidate:  {"method":"GET","url":"http:/","invalidateInfo":{"identifier":"request_declaration"}} []
[2025-05-01T19:15:57.633684+00:00] main.DEBUG: cache_invalidate:  {"method":"GET","url":"http:/","invalidateInfo":{"tags":["EAV_ATTRIBUTE_74","FPC"],"mode":"matchingTag"}} []
[2025-05-01T19:15:57.633909+00:00] main.DEBUG: cache_invalidate:  {"method":"GET","url":"http:/","invalidateInfo":{"tags":["EAV_ATTRIBUTE_catalog_product_sku","FPC"],"mode":"matchingTag"}} []
[2025-05-01T19:15:57.634155+00:00] main.DEBUG: cache_invalidate:  {"method":"GET","url":"http:/","invalidateInfo":{"tags":["EAV_ATTRIBUTE_73","FPC"],"mode":"matchingTag"}} []
[2025-05-01T19:15:57.634336+00:00] main.DEBUG: cache_invalidate:  {"method":"GET","url":"http:/","invalidateInfo":{"tags":["EAV_ATTRIBUTE_catalog_product_name","FPC"],"mode":"matchingTag"}} []
[2025-05-01T19:15:57.918252+00:00] main.DEBUG: cache_invalidate:  {"method":"GET","url":"http:/","invalidateInfo":{"tags":["EAV"],"mode":"matchingAnyTag"}} []
[2025-05-01T19:15:57.924613+00:00] main.DEBUG: cache_invalidate:  {"method":"GET","url":"http:/","invalidateInfo":{"tags":["EAV","EAV_ATTRIBUTE"],"mode":"matchingAnyTag"}} []
[2025-05-01T19:15:57.926923+00:00] main.DEBUG: cache_invalidate:  {"method":"GET","url":"http:/","invalidateInfo":{"tags":["EAV","EAV_ATTRIBUTE"],"mode":"matchingAnyTag"}} []
[2025-05-01T19:15:57.929150+00:00] main.DEBUG: cache_invalidate:  {"method":"GET","url":"http:/","invalidateInfo":{"tags":["EAV","EAV_ATTRIBUTE"],"mode":"matchingAnyTag"}} []
[2025-05-01T19:15:57.931569+00:00] main.DEBUG: cache_invalidate:  {"method":"GET","url":"http:/","invalidateInfo":{"tags":["EAV","EAV_ATTRIBUTE"],"mode":"matchingAnyTag"}} []
[2025-05-01T19:15:57.964415+00:00] main.DEBUG: cache_invalidate:  {"method":"GET","url":"http:/","invalidateInfo":{"tags":["EAV","EAV_ATTRIBUTE"],"mode":"matchingAnyTag"}} []
[2025-05-01T19:15:57.990507+00:00] main.DEBUG: cache_invalidate:  {"method":"GET","url":"http:/","invalidateInfo":{"tags":["EAV","EAV_ATTRIBUTE"],"mode":"matchingAnyTag"}} []
[2025-05-01T19:15:57.998954+00:00] main.DEBUG: cache_invalidate:  {"method":"GET","url":"http:/","invalidateInfo":{"tags":["EAV","EAV_ATTRIBUTE"],"mode":"matchingAnyTag"}} []
[2025-05-01T19:15:58.004182+00:00] main.DEBUG: cache_invalidate:  {"method":"GET","url":"http:/","invalidateInfo":{"tags":["EAV","EAV_ATTRIBUTE"],"mode":"matchingAnyTag"}} []
[2025-05-01T19:15:58.421790+00:00] main.DEBUG: cache_invalidate:  {"method":"GET","url":"http:/","invalidateInfo":{"tags":["cms_p"],"mode":"matchingAnyTag"}} []
[2025-05-01T19:15:58.422324+00:00] main.DEBUG: cache_invalidate:  {"method":"GET","url":"http:/","invalidateInfo":{"tags":["cms_p_2","GRAPHQL_QUERY_RESOLVER_RESULT"],"mode":"matchingTag"}} []
[2025-05-01T19:15:58.422607+00:00] main.DEBUG: cache_invalidate:  {"method":"GET","url":"http:/","invalidateInfo":{"tags":["cms_p_2","FPC"],"mode":"matchingTag"}} []
[2025-05-01T19:15:58.426867+00:00] main.DEBUG: cache_invalidate:  {"method":"GET","url":"http:/","invalidateInfo":{"tags":["cms_p_2","FPC"],"mode":"matchingTag"}} []
[2025-05-01T19:15:58.640883+00:00] main.DEBUG: cache_invalidate:  {"method":"GET","url":"http:/","invalidateInfo":{"tags":["CONFIG"],"mode":"matchingTag"}} []
[2025-05-01T19:15:59.406483+00:00] main.DEBUG: cache_invalidate:  {"method":"GET","url":"http:/","invalidateInfo":{"identifier":"DB_PDO_MYSQL_DDL_design_config_grid_flat_1"}} []
[2025-05-01T19:15:59.406834+00:00] main.DEBUG: cache_invalidate:  {"method":"GET","url":"http:/","invalidateInfo":{"identifier":"DB_PDO_MYSQL_DDL_design_config_grid_flat_2"}} []
[2025-05-01T19:15:59.407019+00:00] main.DEBUG: cache_invalidate:  {"method":"GET","url":"http:/","invalidateInfo":{"identifier":"DB_PDO_MYSQL_DDL_design_config_grid_flat_3"}} []
[2025-05-01T19:15:59.407192+00:00] main.DEBUG: cache_invalidate:  {"method":"GET","url":"http:/","invalidateInfo":{"identifier":"DB_PDO_MYSQL_DDL_design_config_grid_flat_4"}} []
[2025-05-01T19:15:59.407358+00:00] main.DEBUG: cache_invalidate:  {"method":"GET","url":"http:/","invalidateInfo":{"identifier":"DB_PDO_MYSQL_DDL_design_config_grid_flat_5"}} []
[2025-05-01T19:15:59.637230+00:00] main.DEBUG: cache_invalidate:  {"method":"GET","url":"http:/","invalidateInfo":{"identifier":"DB_PDO_MYSQL_DDL_customer_grid_flat_1"}} []
[2025-05-01T19:15:59.637642+00:00] main.DEBUG: cache_invalidate:  {"method":"GET","url":"http:/","invalidateInfo":{"identifier":"DB_PDO_MYSQL_DDL_customer_grid_flat_2"}} []
[2025-05-01T19:15:59.637821+00:00] main.DEBUG: cache_invalidate:  {"method":"GET","url":"http:/","invalidateInfo":{"identifier":"DB_PDO_MYSQL_DDL_customer_grid_flat_3"}} []
[2025-05-01T19:15:59.638011+00:00] main.DEBUG: cache_invalidate:  {"method":"GET","url":"http:/","invalidateInfo":{"identifier":"DB_PDO_MYSQL_DDL_customer_grid_flat_4"}} []
[2025-05-01T19:15:59.638189+00:00] main.DEBUG: cache_invalidate:  {"method":"GET","url":"http:/","invalidateInfo":{"identifier":"DB_PDO_MYSQL_DDL_customer_grid_flat_5"}} []
[2025-05-01T19:53:16.330682+00:00] main.DEBUG: cache_invalidate:  {"method":"GET","url":"http:/","invalidateInfo":{"tags":["CONFIG"],"mode":"matchingTag"}} []
[2025-05-01T19:53:16.346548+00:00] main.DEBUG: cache_invalidate:  {"method":"GET","url":"http:/","invalidateInfo":{"tags":["LAYOUT_GENERAL_CACHE_TAG"],"mode":"matchingTag"}} []
[2025-05-01T19:53:16.347372+00:00] main.DEBUG: cache_invalidate:  {"method":"GET","url":"http:/","invalidateInfo":{"tags":["BLOCK_HTML"],"mode":"matchingTag"}} []
[2025-05-01T19:53:16.348083+00:00] main.DEBUG: cache_invalidate:  {"method":"GET","url":"http:/","invalidateInfo":{"tags":["COLLECTION_DATA"],"mode":"matchingTag"}} []
[2025-05-01T19:53:16.348772+00:00] main.DEBUG: cache_invalidate:  {"method":"GET","url":"http:/","invalidateInfo":{"tags":["REFLECTION"],"mode":"matchingTag"}} []
[2025-05-01T19:53:16.349476+00:00] main.DEBUG: cache_invalidate:  {"method":"GET","url":"http:/","invalidateInfo":{"tags":["DB_DDL"],"mode":"matchingTag"}} []
[2025-05-01T19:53:16.350918+00:00] main.DEBUG: cache_invalidate:  {"method":"GET","url":"http:/","invalidateInfo":{"tags":["COMPILED_CONFIG"],"mode":"matchingTag"}} []
[2025-05-01T19:53:16.352035+00:00] main.DEBUG: cache_invalidate:  {"method":"GET","url":"http:/","invalidateInfo":{"tags":["EAV"],"mode":"matchingTag"}} []
[2025-05-01T19:53:16.352772+00:00] main.DEBUG: cache_invalidate:  {"method":"GET","url":"http:/","invalidateInfo":{"tags":["CUSTOMER_NOTIFICATION"],"mode":"matchingTag"}} []
[2025-05-01T19:53:16.353499+00:00] main.DEBUG: cache_invalidate:  {"method":"GET","url":"http:/","invalidateInfo":{"tags":["INTEGRATION"],"mode":"matchingTag"}} []
[2025-05-01T19:53:16.354203+00:00] main.DEBUG: cache_invalidate:  {"method":"GET","url":"http:/","invalidateInfo":{"tags":["INTEGRATION_API_CONFIG"],"mode":"matchingTag"}} []
[2025-05-01T19:53:16.354912+00:00] main.DEBUG: cache_invalidate:  {"method":"GET","url":"http:/","invalidateInfo":{"tags":["GRAPHQL_QUERY_RESOLVER_RESULT"],"mode":"matchingTag"}} []
[2025-05-01T19:53:16.362178+00:00] main.DEBUG: cache_invalidate:  {"method":"GET","url":"http:/","invalidateInfo":{"tags":["FPC"],"mode":"matchingTag"}} []
[2025-05-01T19:53:16.363131+00:00] main.DEBUG: cache_invalidate:  {"method":"GET","url":"http:/","invalidateInfo":{"tags":["WEBSERVICE"],"mode":"matchingTag"}} []
[2025-05-01T19:53:16.363834+00:00] main.DEBUG: cache_invalidate:  {"method":"GET","url":"http:/","invalidateInfo":{"tags":["TRANSLATE"],"mode":"matchingTag"}} []
[2025-05-01T19:53:28.086603+00:00] main.DEBUG: cache_invalidate:  {"method":"GET","url":"http:/","invalidateInfo":{"tags":["CONFIG"],"mode":"matchingTag"}} []
[2025-05-01T19:53:39.914056+00:00] main.DEBUG: cache_invalidate:  {"method":"GET","url":"http:/","invalidateInfo":{"identifier":"DB_PDO_MYSQL_DDL_sales_order_status_data_exporter_cl_1"}} []
[2025-05-01T19:53:39.915814+00:00] main.DEBUG: cache_invalidate:  {"method":"GET","url":"http:/","invalidateInfo":{"identifier":"DB_PDO_MYSQL_DDL_sales_order_status_data_exporter_cl_2"}} []
[2025-05-01T19:53:39.916086+00:00] main.DEBUG: cache_invalidate:  {"method":"GET","url":"http:/","invalidateInfo":{"identifier":"DB_PDO_MYSQL_DDL_sales_order_status_data_exporter_cl_3"}} []
[2025-05-01T19:53:39.916268+00:00] main.DEBUG: cache_invalidate:  {"method":"GET","url":"http:/","invalidateInfo":{"identifier":"DB_PDO_MYSQL_DDL_sales_order_status_data_exporter_cl_4"}} []
[2025-05-01T19:53:39.917657+00:00] main.DEBUG: cache_invalidate:  {"method":"GET","url":"http:/","invalidateInfo":{"identifier":"DB_PDO_MYSQL_DDL_sales_order_status_data_exporter_cl_5"}} []
[2025-05-01T19:53:41.160892+00:00] main.DEBUG: cache_invalidate:  {"method":"GET","url":"http:/","invalidateInfo":{"tags":["CONFIG"],"mode":"matchingTag"}} []
[2025-05-01T19:53:41.175555+00:00] main.DEBUG: cache_invalidate:  {"method":"GET","url":"http:/","invalidateInfo":{"tags":["LAYOUT_GENERAL_CACHE_TAG"],"mode":"matchingTag"}} []
[2025-05-01T19:53:41.176405+00:00] main.DEBUG: cache_invalidate:  {"method":"GET","url":"http:/","invalidateInfo":{"tags":["BLOCK_HTML"],"mode":"matchingTag"}} []
[2025-05-01T19:53:41.177161+00:00] main.DEBUG: cache_invalidate:  {"method":"GET","url":"http:/","invalidateInfo":{"tags":["COLLECTION_DATA"],"mode":"matchingTag"}} []
[2025-05-01T19:53:41.292677+00:00] main.DEBUG: cache_invalidate:  {"method":"GET","url":"http:/","invalidateInfo":{"tags":["REFLECTION"],"mode":"matchingTag"}} []
[2025-05-01T19:53:41.344122+00:00] main.DEBUG: cache_invalidate:  {"method":"GET","url":"http:/","invalidateInfo":{"tags":["DB_DDL"],"mode":"matchingTag"}} []
[2025-05-01T19:53:41.346540+00:00] main.DEBUG: cache_invalidate:  {"method":"GET","url":"http:/","invalidateInfo":{"tags":["COMPILED_CONFIG"],"mode":"matchingTag"}} []
[2025-05-01T19:53:41.348414+00:00] main.DEBUG: cache_invalidate:  {"method":"GET","url":"http:/","invalidateInfo":{"tags":["EAV"],"mode":"matchingTag"}} []
[2025-05-01T19:53:41.349503+00:00] main.DEBUG: cache_invalidate:  {"method":"GET","url":"http:/","invalidateInfo":{"tags":["CUSTOMER_NOTIFICATION"],"mode":"matchingTag"}} []
[2025-05-01T19:53:41.350269+00:00] main.DEBUG: cache_invalidate:  {"method":"GET","url":"http:/","invalidateInfo":{"tags":["INTEGRATION"],"mode":"matchingTag"}} []
[2025-05-01T19:53:41.351114+00:00] main.DEBUG: cache_invalidate:  {"method":"GET","url":"http:/","invalidateInfo":{"tags":["INTEGRATION_API_CONFIG"],"mode":"matchingTag"}} []
[2025-05-01T19:53:41.351992+00:00] main.DEBUG: cache_invalidate:  {"method":"GET","url":"http:/","invalidateInfo":{"tags":["GRAPHQL_QUERY_RESOLVER_RESULT"],"mode":"matchingTag"}} []
[2025-05-01T19:53:41.352887+00:00] main.DEBUG: cache_invalidate:  {"method":"GET","url":"http:/","invalidateInfo":{"tags":["FPC"],"mode":"matchingTag"}} []
[2025-05-01T19:53:41.354728+00:00] main.DEBUG: cache_invalidate:  {"method":"GET","url":"http:/","invalidateInfo":{"tags":["WEBSERVICE"],"mode":"matchingTag"}} []
[2025-05-01T19:53:41.355796+00:00] main.DEBUG: cache_invalidate:  {"method":"GET","url":"http:/","invalidateInfo":{"tags":["TRANSLATE"],"mode":"matchingTag"}} []
[2025-05-01T23:05:46.237066+00:00] main.ERROR: Unable to proceed: the maintenance mode is enabled.  [] []
[2025-05-01T23:19:15.039567+00:00] main.ERROR: There are no commands defined in the "cache" namespace.
#0 C:\xampp8\htdocs\magento-loja5\vendor\symfony\console\Application.php(720): Symfony\Component\Console\Application->findNamespace('cache')
#1 C:\xampp8\htdocs\magento-loja5\vendor\symfony\console\Application.php(266): Symfony\Component\Console\Application->find('cache:clean')
#2 C:\xampp8\htdocs\magento-loja5\vendor\magento\framework\Console\Cli.php(122): Symfony\Component\Console\Application->doRun(Object(Symfony\Component\Console\Input\ArgvInput), Object(Symfony\Component\Console\Output\ConsoleOutput))
#3 C:\xampp8\htdocs\magento-loja5\vendor\symfony\console\Application.php(175): Magento\Framework\Console\Cli->doRun(Object(Symfony\Component\Console\Input\ArgvInput), Object(Symfony\Component\Console\Output\ConsoleOutput))
#4 C:\xampp8\htdocs\magento-loja5\bin\magento(23): Symfony\Component\Console\Application->run()
#5 {main} [] []
[2025-05-01T23:19:15.501198+00:00] main.ERROR: There are no commands defined in the "cache" namespace.
#0 C:\xampp8\htdocs\magento-loja5\vendor\symfony\console\Application.php(720): Symfony\Component\Console\Application->findNamespace('cache')
#1 C:\xampp8\htdocs\magento-loja5\vendor\symfony\console\Application.php(266): Symfony\Component\Console\Application->find('cache:flush')
#2 C:\xampp8\htdocs\magento-loja5\vendor\magento\framework\Console\Cli.php(122): Symfony\Component\Console\Application->doRun(Object(Symfony\Component\Console\Input\ArgvInput), Object(Symfony\Component\Console\Output\ConsoleOutput))
#3 C:\xampp8\htdocs\magento-loja5\vendor\symfony\console\Application.php(175): Magento\Framework\Console\Cli->doRun(Object(Symfony\Component\Console\Input\ArgvInput), Object(Symfony\Component\Console\Output\ConsoleOutput))
#4 C:\xampp8\htdocs\magento-loja5\bin\magento(23): Symfony\Component\Console\Application->run()
#5 {main} [] []
[2025-05-01T23:19:16.747131+00:00] main.DEBUG: cache_invalidate:  {"method":"GET","url":"http:/","invalidateInfo":{"tags":["CONFIG"],"mode":"matchingTag"}} []
[2025-05-01T23:19:16.764950+00:00] main.DEBUG: cache_invalidate:  {"method":"GET","url":"http:/","invalidateInfo":{"tags":["LAYOUT_GENERAL_CACHE_TAG"],"mode":"matchingTag"}} []
[2025-05-01T23:19:16.765755+00:00] main.DEBUG: cache_invalidate:  {"method":"GET","url":"http:/","invalidateInfo":{"tags":["BLOCK_HTML"],"mode":"matchingTag"}} []
[2025-05-01T23:19:16.766471+00:00] main.DEBUG: cache_invalidate:  {"method":"GET","url":"http:/","invalidateInfo":{"tags":["COLLECTION_DATA"],"mode":"matchingTag"}} []
[2025-05-01T23:19:16.767167+00:00] main.DEBUG: cache_invalidate:  {"method":"GET","url":"http:/","invalidateInfo":{"tags":["REFLECTION"],"mode":"matchingTag"}} []
[2025-05-01T23:19:16.767930+00:00] main.DEBUG: cache_invalidate:  {"method":"GET","url":"http:/","invalidateInfo":{"tags":["DB_DDL"],"mode":"matchingTag"}} []
[2025-05-01T23:19:16.769336+00:00] main.DEBUG: cache_invalidate:  {"method":"GET","url":"http:/","invalidateInfo":{"tags":["COMPILED_CONFIG"],"mode":"matchingTag"}} []
[2025-05-01T23:19:16.770387+00:00] main.DEBUG: cache_invalidate:  {"method":"GET","url":"http:/","invalidateInfo":{"tags":["EAV"],"mode":"matchingTag"}} []
[2025-05-01T23:19:16.771081+00:00] main.DEBUG: cache_invalidate:  {"method":"GET","url":"http:/","invalidateInfo":{"tags":["CUSTOMER_NOTIFICATION"],"mode":"matchingTag"}} []
[2025-05-01T23:19:16.771785+00:00] main.DEBUG: cache_invalidate:  {"method":"GET","url":"http:/","invalidateInfo":{"tags":["INTEGRATION"],"mode":"matchingTag"}} []
[2025-05-01T23:19:16.772477+00:00] main.DEBUG: cache_invalidate:  {"method":"GET","url":"http:/","invalidateInfo":{"tags":["INTEGRATION_API_CONFIG"],"mode":"matchingTag"}} []
[2025-05-01T23:19:16.773190+00:00] main.DEBUG: cache_invalidate:  {"method":"GET","url":"http:/","invalidateInfo":{"tags":["GRAPHQL_QUERY_RESOLVER_RESULT"],"mode":"matchingTag"}} []
[2025-05-01T23:19:16.783397+00:00] main.DEBUG: cache_invalidate:  {"method":"GET","url":"http:/","invalidateInfo":{"tags":["FPC"],"mode":"matchingTag"}} []
[2025-05-01T23:19:16.784426+00:00] main.DEBUG: cache_invalidate:  {"method":"GET","url":"http:/","invalidateInfo":{"tags":["WEBSERVICE"],"mode":"matchingTag"}} []
[2025-05-01T23:19:16.785127+00:00] main.DEBUG: cache_invalidate:  {"method":"GET","url":"http:/","invalidateInfo":{"tags":["TRANSLATE"],"mode":"matchingTag"}} []
[2025-05-01T23:19:40.027115+00:00] main.DEBUG: cache_invalidate:  {"method":"GET","url":"http:/","invalidateInfo":{"tags":["CONFIG"],"mode":"matchingTag"}} []
[2025-05-01T23:19:51.680496+00:00] main.DEBUG: cache_invalidate:  {"method":"GET","url":"http:/","invalidateInfo":{"tags":[],"mode":"all"}} []
[2025-05-01T23:19:51.687989+00:00] main.DEBUG: cache_invalidate:  {"method":"GET","url":"http:/","invalidateInfo":{"tags":[],"mode":"all"}} []
[2025-05-01T23:20:21.350756+00:00] main.ERROR: Error: Application is not installed yet.  [] []
[2025-05-01T23:20:21.893028+00:00] main.ERROR: Error: Application is not installed yet.  [] []
[2025-05-01T23:20:22.054764+00:00] main.ERROR: Error: Application is not installed yet.  [] []
[2025-05-01T23:20:22.227988+00:00] main.ERROR: Error: Application is not installed yet.  [] []
[2025-05-01T23:20:22.363073+00:00] main.ERROR: Error: Application is not installed yet.  [] []
[2025-05-01T23:20:22.491775+00:00] main.ERROR: Error: Application is not installed yet.  [] []
[2025-05-01T23:20:22.620355+00:00] main.ERROR: Error: Application is not installed yet.  [] []
[2025-05-01T23:20:22.746751+00:00] main.ERROR: Error: Application is not installed yet.  [] []
[2025-05-01T23:20:22.871817+00:00] main.ERROR: Error: Application is not installed yet.  [] []
[2025-05-01T23:20:23.002173+00:00] main.ERROR: Error: Application is not installed yet.  [] []
[2025-05-01T23:20:23.125533+00:00] main.ERROR: Error: Application is not installed yet.  [] []
[2025-05-01T23:20:23.252959+00:00] main.ERROR: Error: Application is not installed yet.  [] []
[2025-05-01T23:20:23.390558+00:00] main.ERROR: Error: Application is not installed yet.  [] []
[2025-05-01T23:20:23.524037+00:00] main.ERROR: Error: Application is not installed yet.  [] []
[2025-05-01T23:20:23.655943+00:00] main.ERROR: Error: Application is not installed yet.  [] []
[2025-05-01T23:20:23.787753+00:00] main.ERROR: Error: Application is not installed yet.  [] []
[2025-05-01T23:20:23.915242+00:00] main.ERROR: Error: Application is not installed yet.  [] []
[2025-05-01T23:20:24.044989+00:00] main.ERROR: Error: Application is not installed yet.  [] []
[2025-05-01T23:20:24.187980+00:00] main.ERROR: Error: Application is not installed yet.  [] []
[2025-05-01T23:20:24.334983+00:00] main.ERROR: Error: Application is not installed yet.  [] []
[2025-05-01T23:20:25.515430+00:00] main.ERROR: Error: Application is not installed yet.  [] []
[2025-05-01T23:20:25.640284+00:00] main.ERROR: Error: Application is not installed yet.  [] []
[2025-05-01T23:20:25.771792+00:00] main.ERROR: Error: Application is not installed yet.  [] []
[2025-05-01T23:20:25.915788+00:00] main.ERROR: Error: Application is not installed yet.  [] []
[2025-05-01T23:20:26.056874+00:00] main.ERROR: Error: Application is not installed yet.  [] []
[2025-05-01T23:20:26.194592+00:00] main.ERROR: Error: Application is not installed yet.  [] []
[2025-05-01T23:20:26.331201+00:00] main.ERROR: Error: Application is not installed yet.  [] []
[2025-05-01T23:20:26.462346+00:00] main.ERROR: Error: Application is not installed yet.  [] []
[2025-05-01T23:20:26.607649+00:00] main.ERROR: Error: Application is not installed yet.  [] []
[2025-05-01T23:20:26.733172+00:00] main.ERROR: Error: Application is not installed yet.  [] []
[2025-05-01T23:20:26.857352+00:00] main.ERROR: Error: Application is not installed yet.  [] []
[2025-05-01T23:20:26.986994+00:00] main.ERROR: Error: Application is not installed yet.  [] []
[2025-05-01T23:20:27.140911+00:00] main.ERROR: Error: Application is not installed yet.  [] []
[2025-05-01T23:20:27.286354+00:00] main.ERROR: Error: Application is not installed yet.  [] []
[2025-05-01T23:20:27.416603+00:00] main.ERROR: Error: Application is not installed yet.  [] []
[2025-05-01T23:20:27.545817+00:00] main.ERROR: Error: Application is not installed yet.  [] []
[2025-05-01T23:20:27.670688+00:00] main.ERROR: Error: Application is not installed yet.  [] []
[2025-05-01T23:20:27.794724+00:00] main.ERROR: Error: Application is not installed yet.  [] []
[2025-05-01T23:20:27.926787+00:00] main.ERROR: Error: Application is not installed yet.  [] []
[2025-05-01T23:20:28.048842+00:00] main.ERROR: Error: Application is not installed yet.  [] []
[2025-05-01T23:20:33.263050+00:00] main.ERROR: Error: Application is not installed yet.  [] []
[2025-05-01T23:20:33.406342+00:00] main.ERROR: Error: Application is not installed yet.  [] []
[2025-05-01T23:20:33.567851+00:00] main.ERROR: Error: Application is not installed yet.  [] []
[2025-05-01T23:20:33.698577+00:00] main.ERROR: Error: Application is not installed yet.  [] []
[2025-05-01T23:20:33.828166+00:00] main.ERROR: Error: Application is not installed yet.  [] []
[2025-05-01T23:20:33.958787+00:00] main.ERROR: Error: Application is not installed yet.  [] []
[2025-05-01T23:20:34.085402+00:00] main.ERROR: Error: Application is not installed yet.  [] []
[2025-05-01T23:20:34.211398+00:00] main.ERROR: Error: Application is not installed yet.  [] []
[2025-05-01T23:20:34.339042+00:00] main.ERROR: Error: Application is not installed yet.  [] []
[2025-05-01T23:20:34.465428+00:00] main.ERROR: Error: Application is not installed yet.  [] []
[2025-05-01T23:20:34.592342+00:00] main.ERROR: Error: Application is not installed yet.  [] []
[2025-05-01T23:20:34.718627+00:00] main.ERROR: Error: Application is not installed yet.  [] []
[2025-05-01T23:20:34.846978+00:00] main.ERROR: Error: Application is not installed yet.  [] []
[2025-05-01T23:20:34.986942+00:00] main.ERROR: Error: Application is not installed yet.  [] []
[2025-05-01T23:20:35.155717+00:00] main.ERROR: Error: Application is not installed yet.  [] []
[2025-05-01T23:20:35.290964+00:00] main.ERROR: Error: Application is not installed yet.  [] []
[2025-05-01T23:20:35.426286+00:00] main.ERROR: Error: Application is not installed yet.  [] []
[2025-05-01T23:20:35.550622+00:00] main.ERROR: Error: Application is not installed yet.  [] []
[2025-05-01T23:20:35.682728+00:00] main.ERROR: Error: Application is not installed yet.  [] []
[2025-05-01T23:20:35.818801+00:00] main.ERROR: Error: Application is not installed yet.  [] []
[2025-05-01T23:21:05.978230+00:00] main.ERROR: Error: Application is not installed yet.  [] []
[2025-05-01T23:21:06.106890+00:00] main.ERROR: Error: Application is not installed yet.  [] []
[2025-05-01T23:21:06.228330+00:00] main.ERROR: Error: Application is not installed yet.  [] []
[2025-05-01T23:21:06.350439+00:00] main.ERROR: Error: Application is not installed yet.  [] []
[2025-05-01T23:21:06.474965+00:00] main.ERROR: Error: Application is not installed yet.  [] []
[2025-05-01T23:21:06.607195+00:00] main.ERROR: Error: Application is not installed yet.  [] []
[2025-05-01T23:21:06.744898+00:00] main.ERROR: Error: Application is not installed yet.  [] []
[2025-05-01T23:21:06.872771+00:00] main.ERROR: Error: Application is not installed yet.  [] []
[2025-05-01T23:21:07.042086+00:00] main.ERROR: Error: Application is not installed yet.  [] []
[2025-05-01T23:21:07.174522+00:00] main.ERROR: Error: Application is not installed yet.  [] []
[2025-05-01T23:21:07.297858+00:00] main.ERROR: Error: Application is not installed yet.  [] []
[2025-05-01T23:21:07.424107+00:00] main.ERROR: Error: Application is not installed yet.  [] []
[2025-05-01T23:21:07.549722+00:00] main.ERROR: Error: Application is not installed yet.  [] []
[2025-05-01T23:21:07.677984+00:00] main.ERROR: Error: Application is not installed yet.  [] []
[2025-05-01T23:21:07.805699+00:00] main.ERROR: Error: Application is not installed yet.  [] []
[2025-05-01T23:21:07.933502+00:00] main.ERROR: Error: Application is not installed yet.  [] []
[2025-05-01T23:21:08.062411+00:00] main.ERROR: Error: Application is not installed yet.  [] []
[2025-05-01T23:21:08.186339+00:00] main.ERROR: Error: Application is not installed yet.  [] []
[2025-05-01T23:21:08.319185+00:00] main.ERROR: Error: Application is not installed yet.  [] []
[2025-05-01T23:21:08.448242+00:00] main.ERROR: Error: Application is not installed yet.  [] []
[2025-05-01T23:21:26.496314+00:00] main.ERROR: Warning: file_put_contents(C:/xampp8/htdocs/magento-loja5/generated/metadata/primary|global|plugin-list.php): Failed to open stream: No such file or directory in C:\xampp8\htdocs\magento-loja5\vendor\magento\framework\Interception\PluginListGenerator.php on line 411
#0 [internal function]: Magento\Framework\App\ErrorHandler->handler(2, 'file_put_conten...', 'C:\\xampp8\\htdoc...', 411)
#1 C:\xampp8\htdocs\magento-loja5\vendor\magento\framework\Interception\PluginListGenerator.php(411): file_put_contents('C:/xampp8/htdoc...', '<?php return ar...')
#2 C:\xampp8\htdocs\magento-loja5\vendor\magento\framework\Interception\PluginListGenerator.php(180): Magento\Framework\Interception\PluginListGenerator->writeConfig('primary|global|...', Array)
#3 C:\xampp8\htdocs\magento-loja5\setup\src\Magento\Setup\Module\Di\App\Task\Operation\PluginListGenerator.php(53): Magento\Framework\Interception\PluginListGenerator->write(Array)
#4 C:\xampp8\htdocs\magento-loja5\setup\src\Magento\Setup\Module\Di\App\Task\Manager.php(56): Magento\Setup\Module\Di\App\Task\Operation\PluginListGenerator->doOperation()
#5 C:\xampp8\htdocs\magento-loja5\setup\src\Magento\Setup\Console\Command\DiCompileCommand.php(209): Magento\Setup\Module\Di\App\Task\Manager->process(Object(Closure), Object(Closure))
#6 C:\xampp8\htdocs\magento-loja5\vendor\symfony\console\Command\Command.php(326): Magento\Setup\Console\Command\DiCompileCommand->execute(Object(Symfony\Component\Console\Input\ArgvInput), Object(Symfony\Component\Console\Output\ConsoleOutput))
#7 C:\xampp8\htdocs\magento-loja5\vendor\symfony\console\Application.php(1078): Symfony\Component\Console\Command\Command->run(Object(Symfony\Component\Console\Input\ArgvInput), Object(Symfony\Component\Console\Output\ConsoleOutput))
#8 C:\xampp8\htdocs\magento-loja5\vendor\symfony\console\Application.php(324): Symfony\Component\Console\Application->doRunCommand(Object(Magento\Setup\Console\Command\DiCompileCommand), Object(Symfony\Component\Console\Input\ArgvInput), Object(Symfony\Component\Console\Output\ConsoleOutput))
#9 C:\xampp8\htdocs\magento-loja5\vendor\magento\framework\Console\Cli.php(122): Symfony\Component\Console\Application->doRun(Object(Symfony\Component\Console\Input\ArgvInput), Object(Symfony\Component\Console\Output\ConsoleOutput))
#10 C:\xampp8\htdocs\magento-loja5\vendor\symfony\console\Application.php(175): Magento\Framework\Console\Cli->doRun(Object(Symfony\Component\Console\Input\ArgvInput), Object(Symfony\Component\Console\Output\ConsoleOutput))
#11 C:\xampp8\htdocs\magento-loja5\bin\magento(23): Symfony\Component\Console\Application->run()
#12 {main} [] []
[2025-05-01T23:21:41.534746+00:00] main.ERROR: Error: Application is not installed yet.  [] []
[2025-05-01T23:21:45.351494+00:00] main.ERROR: Error: Application is not installed yet.  [] []
[2025-05-01T23:21:45.573222+00:00] main.ERROR: Error: Application is not installed yet.  [] []
[2025-05-01T23:21:45.760347+00:00] main.ERROR: Error: Application is not installed yet.  [] []
[2025-05-01T23:21:45.943594+00:00] main.ERROR: Error: Application is not installed yet.  [] []
[2025-05-01T23:21:46.129722+00:00] main.ERROR: Error: Application is not installed yet.  [] []
[2025-05-01T23:21:46.310392+00:00] main.ERROR: Error: Application is not installed yet.  [] []
[2025-05-01T23:21:46.490371+00:00] main.ERROR: Error: Application is not installed yet.  [] []
[2025-05-01T23:21:46.671705+00:00] main.ERROR: Error: Application is not installed yet.  [] []
[2025-05-01T23:21:46.851514+00:00] main.ERROR: Error: Application is not installed yet.  [] []
[2025-05-01T23:21:47.030680+00:00] main.ERROR: Error: Application is not installed yet.  [] []
[2025-05-01T23:21:47.209384+00:00] main.ERROR: Error: Application is not installed yet.  [] []
[2025-05-01T23:21:47.388676+00:00] main.ERROR: Error: Application is not installed yet.  [] []
[2025-05-01T23:21:47.569511+00:00] main.ERROR: Error: Application is not installed yet.  [] []
[2025-05-01T23:21:47.749476+00:00] main.ERROR: Error: Application is not installed yet.  [] []
[2025-05-01T23:21:47.929730+00:00] main.ERROR: Error: Application is not installed yet.  [] []
[2025-05-01T23:21:48.111526+00:00] main.ERROR: Error: Application is not installed yet.  [] []
[2025-05-01T23:21:48.289999+00:00] main.ERROR: Error: Application is not installed yet.  [] []
[2025-05-01T23:21:48.469756+00:00] main.ERROR: Error: Application is not installed yet.  [] []
[2025-05-01T23:21:48.649032+00:00] main.ERROR: Error: Application is not installed yet.  [] []
[2025-05-01T23:21:49.859911+00:00] main.ERROR: Error: Application is not installed yet.  [] []
[2025-05-01T23:21:50.041141+00:00] main.ERROR: Error: Application is not installed yet.  [] []
[2025-05-01T23:21:50.220471+00:00] main.ERROR: Error: Application is not installed yet.  [] []
[2025-05-01T23:21:50.400051+00:00] main.ERROR: Error: Application is not installed yet.  [] []
[2025-05-01T23:21:50.580635+00:00] main.ERROR: Error: Application is not installed yet.  [] []
[2025-05-01T23:21:50.761608+00:00] main.ERROR: Error: Application is not installed yet.  [] []
[2025-05-01T23:21:50.939938+00:00] main.ERROR: Error: Application is not installed yet.  [] []
[2025-05-01T23:21:51.119969+00:00] main.ERROR: Error: Application is not installed yet.  [] []
[2025-05-01T23:21:51.304617+00:00] main.ERROR: Error: Application is not installed yet.  [] []
[2025-05-01T23:21:51.484248+00:00] main.ERROR: Error: Application is not installed yet.  [] []
[2025-05-01T23:21:51.665793+00:00] main.ERROR: Error: Application is not installed yet.  [] []
[2025-05-01T23:21:51.848263+00:00] main.ERROR: Error: Application is not installed yet.  [] []
[2025-05-01T23:21:52.037576+00:00] main.ERROR: Error: Application is not installed yet.  [] []
[2025-05-01T23:21:52.230238+00:00] main.ERROR: Error: Application is not installed yet.  [] []
[2025-05-01T23:21:52.412367+00:00] main.ERROR: Error: Application is not installed yet.  [] []
[2025-05-01T23:21:52.593124+00:00] main.ERROR: Error: Application is not installed yet.  [] []
[2025-05-01T23:21:52.771885+00:00] main.ERROR: Error: Application is not installed yet.  [] []
[2025-05-01T23:21:52.952249+00:00] main.ERROR: Error: Application is not installed yet.  [] []
[2025-05-01T23:21:53.131148+00:00] main.ERROR: Error: Application is not installed yet.  [] []
[2025-05-01T23:21:53.309951+00:00] main.ERROR: Error: Application is not installed yet.  [] []
[2025-05-01T23:21:58.525428+00:00] main.ERROR: Error: Application is not installed yet.  [] []
[2025-05-01T23:21:58.715352+00:00] main.ERROR: Error: Application is not installed yet.  [] []
[2025-05-01T23:21:58.900660+00:00] main.ERROR: Error: Application is not installed yet.  [] []
[2025-05-01T23:21:59.094269+00:00] main.ERROR: Error: Application is not installed yet.  [] []
[2025-05-01T23:21:59.285819+00:00] main.ERROR: Error: Application is not installed yet.  [] []
[2025-05-01T23:21:59.473422+00:00] main.ERROR: Error: Application is not installed yet.  [] []
[2025-05-01T23:21:59.662799+00:00] main.ERROR: Error: Application is not installed yet.  [] []
[2025-05-01T23:21:59.855302+00:00] main.ERROR: Error: Application is not installed yet.  [] []
[2025-05-01T23:22:00.054898+00:00] main.ERROR: Error: Application is not installed yet.  [] []
[2025-05-01T23:22:00.248192+00:00] main.ERROR: Error: Application is not installed yet.  [] []
[2025-05-01T23:22:00.438810+00:00] main.ERROR: Error: Application is not installed yet.  [] []
[2025-05-01T23:22:00.623776+00:00] main.ERROR: Error: Application is not installed yet.  [] []
[2025-05-01T23:22:00.815501+00:00] main.ERROR: Error: Application is not installed yet.  [] []
[2025-05-01T23:22:01.002865+00:00] main.ERROR: Error: Application is not installed yet.  [] []
[2025-05-01T23:22:01.190119+00:00] main.ERROR: Error: Application is not installed yet.  [] []
[2025-05-01T23:22:01.375140+00:00] main.ERROR: Error: Application is not installed yet.  [] []
[2025-05-01T23:22:01.562321+00:00] main.ERROR: Error: Application is not installed yet.  [] []
[2025-05-01T23:22:01.744296+00:00] main.ERROR: Error: Application is not installed yet.  [] []
[2025-05-01T23:22:01.931776+00:00] main.ERROR: Error: Application is not installed yet.  [] []
[2025-05-01T23:22:02.113757+00:00] main.ERROR: Error: Application is not installed yet.  [] []
[2025-05-01T23:23:47.899687+00:00] main.ERROR: Error: Application is not installed yet.  [] []
[2025-05-01T23:23:48.090513+00:00] main.ERROR: Error: Application is not installed yet.  [] []
[2025-05-01T23:23:48.271891+00:00] main.ERROR: Error: Application is not installed yet.  [] []
[2025-05-01T23:23:48.451510+00:00] main.ERROR: Error: Application is not installed yet.  [] []
[2025-05-01T23:23:48.642795+00:00] main.ERROR: Error: Application is not installed yet.  [] []
[2025-05-01T23:23:48.822896+00:00] main.ERROR: Error: Application is not installed yet.  [] []
[2025-05-01T23:23:49.048233+00:00] main.ERROR: Error: Application is not installed yet.  [] []
[2025-05-01T23:23:49.230963+00:00] main.ERROR: Error: Application is not installed yet.  [] []
[2025-05-01T23:23:49.414074+00:00] main.ERROR: Error: Application is not installed yet.  [] []
[2025-05-01T23:23:49.595494+00:00] main.ERROR: Error: Application is not installed yet.  [] []
[2025-05-01T23:23:49.782445+00:00] main.ERROR: Error: Application is not installed yet.  [] []
[2025-05-01T23:23:49.974558+00:00] main.ERROR: Error: Application is not installed yet.  [] []
[2025-05-01T23:23:50.157560+00:00] main.ERROR: Error: Application is not installed yet.  [] []
[2025-05-01T23:23:50.341656+00:00] main.ERROR: Error: Application is not installed yet.  [] []
[2025-05-01T23:23:50.560271+00:00] main.ERROR: Error: Application is not installed yet.  [] []
[2025-05-01T23:23:50.774012+00:00] main.ERROR: Error: Application is not installed yet.  [] []
[2025-05-01T23:23:50.960548+00:00] main.ERROR: Error: Application is not installed yet.  [] []
[2025-05-01T23:23:51.150688+00:00] main.ERROR: Error: Application is not installed yet.  [] []
[2025-05-01T23:23:51.332915+00:00] main.ERROR: Error: Application is not installed yet.  [] []
[2025-05-01T23:23:52.559989+00:00] main.ERROR: Error: Application is not installed yet.  [] []
[2025-05-01T23:23:52.741608+00:00] main.ERROR: Error: Application is not installed yet.  [] []
[2025-05-01T23:23:52.921419+00:00] main.ERROR: Error: Application is not installed yet.  [] []
[2025-05-01T23:23:53.101002+00:00] main.ERROR: Error: Application is not installed yet.  [] []
[2025-05-01T23:23:53.282744+00:00] main.ERROR: Error: Application is not installed yet.  [] []
[2025-05-01T23:23:53.520673+00:00] main.ERROR: Error: Application is not installed yet.  [] []
[2025-05-01T23:23:53.716599+00:00] main.ERROR: Error: Application is not installed yet.  [] []
[2025-05-01T23:23:53.916394+00:00] main.ERROR: Error: Application is not installed yet.  [] []
[2025-05-01T23:23:54.104938+00:00] main.ERROR: Error: Application is not installed yet.  [] []
[2025-05-01T23:23:54.295681+00:00] main.ERROR: Error: Application is not installed yet.  [] []
[2025-05-01T23:23:54.480314+00:00] main.ERROR: Error: Application is not installed yet.  [] []
[2025-05-01T23:23:54.684953+00:00] main.ERROR: Error: Application is not installed yet.  [] []
[2025-05-01T23:23:54.870414+00:00] main.ERROR: Error: Application is not installed yet.  [] []
[2025-05-01T23:23:55.088665+00:00] main.ERROR: Error: Application is not installed yet.  [] []
[2025-05-01T23:23:55.319190+00:00] main.ERROR: Error: Application is not installed yet.  [] []
[2025-05-01T23:23:55.501795+00:00] main.ERROR: Error: Application is not installed yet.  [] []
[2025-05-01T23:23:55.691607+00:00] main.ERROR: Error: Application is not installed yet.  [] []
[2025-05-01T23:23:55.877810+00:00] main.ERROR: Error: Application is not installed yet.  [] []
[2025-05-01T23:23:56.060948+00:00] main.ERROR: Error: Application is not installed yet.  [] []
[2025-05-01T23:23:56.263756+00:00] main.ERROR: Error: Application is not installed yet.  [] []
[2025-05-01T23:24:01.507927+00:00] main.ERROR: Error: Application is not installed yet.  [] []
[2025-05-01T23:24:01.698749+00:00] main.ERROR: Error: Application is not installed yet.  [] []
[2025-05-01T23:24:01.881174+00:00] main.ERROR: Error: Application is not installed yet.  [] []
[2025-05-01T23:24:02.069749+00:00] main.ERROR: Error: Application is not installed yet.  [] []
[2025-05-01T23:24:02.258746+00:00] main.ERROR: Error: Application is not installed yet.  [] []
[2025-05-01T23:24:02.442812+00:00] main.ERROR: Error: Application is not installed yet.  [] []
[2025-05-01T23:24:02.688931+00:00] main.ERROR: Error: Application is not installed yet.  [] []
[2025-05-01T23:24:02.884363+00:00] main.ERROR: Error: Application is not installed yet.  [] []
[2025-05-01T23:24:03.078760+00:00] main.ERROR: Error: Application is not installed yet.  [] []
[2025-05-01T23:24:03.267216+00:00] main.ERROR: Error: Application is not installed yet.  [] []
[2025-05-01T23:24:03.461563+00:00] main.ERROR: Error: Application is not installed yet.  [] []
[2025-05-01T23:24:03.658297+00:00] main.ERROR: Error: Application is not installed yet.  [] []
[2025-05-01T23:24:03.844836+00:00] main.ERROR: Error: Application is not installed yet.  [] []
[2025-05-01T23:24:04.032999+00:00] main.ERROR: Error: Application is not installed yet.  [] []
[2025-05-01T23:24:04.265468+00:00] main.ERROR: Error: Application is not installed yet.  [] []
[2025-05-01T23:24:04.482793+00:00] main.ERROR: Error: Application is not installed yet.  [] []
[2025-05-01T23:24:04.678157+00:00] main.ERROR: Error: Application is not installed yet.  [] []
[2025-05-01T23:24:04.881071+00:00] main.ERROR: Error: Application is not installed yet.  [] []
[2025-05-01T23:24:05.084099+00:00] main.ERROR: Error: Application is not installed yet.  [] []
[2025-05-01T23:24:05.272063+00:00] main.ERROR: Error: Application is not installed yet.  [] []
[2025-05-01T23:24:35.475967+00:00] main.ERROR: Error: Application is not installed yet.  [] []
[2025-05-01T23:24:35.674486+00:00] main.ERROR: Error: Application is not installed yet.  [] []
[2025-05-01T23:24:35.902027+00:00] main.ERROR: Error: Application is not installed yet.  [] []
[2025-05-01T23:24:36.097790+00:00] main.ERROR: Error: Application is not installed yet.  [] []
[2025-05-01T23:24:36.283239+00:00] main.ERROR: Error: Application is not installed yet.  [] []
[2025-05-01T23:24:36.475142+00:00] main.ERROR: Error: Application is not installed yet.  [] []
[2025-05-01T23:24:36.661100+00:00] main.ERROR: Error: Application is not installed yet.  [] []
[2025-05-01T23:24:36.853167+00:00] main.ERROR: Error: Application is not installed yet.  [] []
[2025-05-01T23:24:37.059378+00:00] main.ERROR: Error: Application is not installed yet.  [] []
[2025-05-01T23:24:37.252821+00:00] main.ERROR: Error: Application is not installed yet.  [] []
[2025-05-01T23:24:37.456583+00:00] main.ERROR: Error: Application is not installed yet.  [] []
[2025-05-01T23:24:37.690022+00:00] main.ERROR: Error: Application is not installed yet.  [] []
[2025-05-01T23:24:37.877798+00:00] main.ERROR: Error: Application is not installed yet.  [] []
[2025-05-01T23:24:38.067318+00:00] main.ERROR: Error: Application is not installed yet.  [] []
[2025-05-01T23:24:38.262961+00:00] main.ERROR: Error: Application is not installed yet.  [] []
[2025-05-01T23:24:38.446581+00:00] main.ERROR: Error: Application is not installed yet.  [] []
[2025-05-01T23:24:38.628635+00:00] main.ERROR: Error: Application is not installed yet.  [] []
[2025-05-01T23:24:38.823798+00:00] main.ERROR: Error: Application is not installed yet.  [] []
[2025-05-01T23:24:39.023312+00:00] main.ERROR: Error: Application is not installed yet.  [] []
[2025-05-01T23:24:39.223201+00:00] main.ERROR: Error: Application is not installed yet.  [] []
[2025-05-01T23:25:39.593322+00:00] main.ERROR: Error: Application is not installed yet.  [] []
[2025-05-01T23:25:39.836638+00:00] main.ERROR: Error: Application is not installed yet.  [] []
[2025-05-01T23:25:40.028633+00:00] main.ERROR: Error: Application is not installed yet.  [] []
[2025-05-01T23:25:40.219719+00:00] main.ERROR: Error: Application is not installed yet.  [] []
[2025-05-01T23:25:40.412658+00:00] main.ERROR: Error: Application is not installed yet.  [] []
[2025-05-01T23:25:40.603241+00:00] main.ERROR: Error: Application is not installed yet.  [] []
[2025-05-01T23:25:40.814717+00:00] main.ERROR: Error: Application is not installed yet.  [] []
[2025-05-01T23:25:41.018320+00:00] main.ERROR: Error: Application is not installed yet.  [] []
[2025-05-01T23:25:41.211398+00:00] main.ERROR: Error: Application is not installed yet.  [] []
[2025-05-01T23:25:41.415314+00:00] main.ERROR: Error: Application is not installed yet.  [] []
[2025-05-01T23:25:41.620197+00:00] main.ERROR: Error: Application is not installed yet.  [] []
[2025-05-01T23:25:41.826504+00:00] main.ERROR: Error: Application is not installed yet.  [] []
[2025-05-01T23:25:42.069840+00:00] main.ERROR: Error: Application is not installed yet.  [] []
[2025-05-01T23:25:42.284585+00:00] main.ERROR: Error: Application is not installed yet.  [] []
[2025-05-01T23:25:42.477348+00:00] main.ERROR: Error: Application is not installed yet.  [] []
[2025-05-01T23:25:42.659767+00:00] main.ERROR: Error: Application is not installed yet.  [] []
[2025-05-01T23:25:42.843022+00:00] main.ERROR: Error: Application is not installed yet.  [] []
[2025-05-01T23:25:43.030931+00:00] main.ERROR: Error: Application is not installed yet.  [] []
[2025-05-01T23:25:43.228942+00:00] main.ERROR: Error: Application is not installed yet.  [] []
[2025-05-01T23:25:43.439328+00:00] main.ERROR: Error: Application is not installed yet.  [] []
[2025-05-01T23:25:47.477681+00:00] main.ERROR: Error: Application is not installed yet.  [] []
[2025-05-01T23:25:47.690812+00:00] main.ERROR: Error: Application is not installed yet.  [] []
[2025-05-01T23:25:47.911150+00:00] main.ERROR: Error: Application is not installed yet.  [] []
[2025-05-01T23:25:48.111332+00:00] main.ERROR: Error: Application is not installed yet.  [] []
[2025-05-01T23:25:48.300376+00:00] main.ERROR: Error: Application is not installed yet.  [] []
[2025-05-01T23:25:48.518800+00:00] main.ERROR: Error: Application is not installed yet.  [] []
[2025-05-01T23:25:48.724029+00:00] main.ERROR: Error: Application is not installed yet.  [] []
[2025-05-01T23:25:48.920874+00:00] main.ERROR: Error: Application is not installed yet.  [] []
[2025-05-01T23:25:49.118124+00:00] main.ERROR: Error: Application is not installed yet.  [] []
[2025-05-01T23:25:49.321924+00:00] main.ERROR: Error: Application is not installed yet.  [] []
[2025-05-01T23:25:49.508646+00:00] main.ERROR: Error: Application is not installed yet.  [] []
[2025-05-01T23:25:49.754454+00:00] main.ERROR: Error: Application is not installed yet.  [] []
[2025-05-01T23:25:49.954478+00:00] main.ERROR: Error: Application is not installed yet.  [] []
[2025-05-01T23:25:50.148623+00:00] main.ERROR: Error: Application is not installed yet.  [] []
[2025-05-01T23:25:50.348061+00:00] main.ERROR: Error: Application is not installed yet.  [] []
[2025-05-01T23:25:50.545037+00:00] main.ERROR: Error: Application is not installed yet.  [] []
[2025-05-01T23:25:50.738777+00:00] main.ERROR: Error: Application is not installed yet.  [] []
[2025-05-01T23:25:50.948539+00:00] main.ERROR: Error: Application is not installed yet.  [] []
[2025-05-01T23:25:51.144391+00:00] main.ERROR: Error: Application is not installed yet.  [] []
[2025-05-01T23:25:51.353102+00:00] main.ERROR: Error: Application is not installed yet.  [] []
[2025-05-01T23:25:52.557068+00:00] main.ERROR: Error: Application is not installed yet.  [] []
[2025-05-01T23:25:52.743205+00:00] main.ERROR: Error: Application is not installed yet.  [] []
[2025-05-01T23:25:52.960689+00:00] main.ERROR: Error: Application is not installed yet.  [] []
[2025-05-01T23:25:53.147525+00:00] main.ERROR: Error: Application is not installed yet.  [] []
[2025-05-01T23:25:53.341638+00:00] main.ERROR: Error: Application is not installed yet.  [] []
[2025-05-01T23:25:53.527257+00:00] main.ERROR: Error: Application is not installed yet.  [] []
[2025-05-01T23:31:46.099494+00:00] main.DEBUG: cache_invalidate:  {"method":"GET","url":"http:/","invalidateInfo":{"tags":["CONFIG"],"mode":"matchingTag"}} []
[2025-05-01T23:31:46.114455+00:00] main.DEBUG: cache_invalidate:  {"method":"GET","url":"http:/","invalidateInfo":{"tags":["LAYOUT_GENERAL_CACHE_TAG"],"mode":"matchingTag"}} []
[2025-05-01T23:31:46.115222+00:00] main.DEBUG: cache_invalidate:  {"method":"GET","url":"http:/","invalidateInfo":{"tags":["BLOCK_HTML"],"mode":"matchingTag"}} []
[2025-05-01T23:31:46.115960+00:00] main.DEBUG: cache_invalidate:  {"method":"GET","url":"http:/","invalidateInfo":{"tags":["COLLECTION_DATA"],"mode":"matchingTag"}} []
[2025-05-01T23:31:46.116643+00:00] main.DEBUG: cache_invalidate:  {"method":"GET","url":"http:/","invalidateInfo":{"tags":["REFLECTION"],"mode":"matchingTag"}} []
[2025-05-01T23:31:46.117327+00:00] main.DEBUG: cache_invalidate:  {"method":"GET","url":"http:/","invalidateInfo":{"tags":["DB_DDL"],"mode":"matchingTag"}} []
[2025-05-01T23:31:46.119013+00:00] main.DEBUG: cache_invalidate:  {"method":"GET","url":"http:/","invalidateInfo":{"tags":["COMPILED_CONFIG"],"mode":"matchingTag"}} []
[2025-05-01T23:31:46.120026+00:00] main.DEBUG: cache_invalidate:  {"method":"GET","url":"http:/","invalidateInfo":{"tags":["EAV"],"mode":"matchingTag"}} []
[2025-05-01T23:31:46.120738+00:00] main.DEBUG: cache_invalidate:  {"method":"GET","url":"http:/","invalidateInfo":{"tags":["CUSTOMER_NOTIFICATION"],"mode":"matchingTag"}} []
[2025-05-01T23:31:46.121488+00:00] main.DEBUG: cache_invalidate:  {"method":"GET","url":"http:/","invalidateInfo":{"tags":["INTEGRATION"],"mode":"matchingTag"}} []
[2025-05-01T23:31:46.122199+00:00] main.DEBUG: cache_invalidate:  {"method":"GET","url":"http:/","invalidateInfo":{"tags":["INTEGRATION_API_CONFIG"],"mode":"matchingTag"}} []
[2025-05-01T23:31:46.122890+00:00] main.DEBUG: cache_invalidate:  {"method":"GET","url":"http:/","invalidateInfo":{"tags":["GRAPHQL_QUERY_RESOLVER_RESULT"],"mode":"matchingTag"}} []
[2025-05-01T23:31:46.127907+00:00] main.DEBUG: cache_invalidate:  {"method":"GET","url":"http:/","invalidateInfo":{"tags":["FPC"],"mode":"matchingTag"}} []
[2025-05-01T23:31:46.128732+00:00] main.DEBUG: cache_invalidate:  {"method":"GET","url":"http:/","invalidateInfo":{"tags":["WEBSERVICE"],"mode":"matchingTag"}} []
[2025-05-01T23:31:46.129443+00:00] main.DEBUG: cache_invalidate:  {"method":"GET","url":"http:/","invalidateInfo":{"tags":["TRANSLATE"],"mode":"matchingTag"}} []
[2025-05-01T23:32:14.179077+00:00] main.DEBUG: cache_invalidate:  {"method":"GET","url":"http:/","invalidateInfo":{"tags":["CONFIG"],"mode":"matchingTag"}} []
[2025-05-01T23:32:25.921118+00:00] main.DEBUG: cache_invalidate:  {"method":"GET","url":"http:/","invalidateInfo":{"identifier":"DB_PDO_MYSQL_DDL_sales_order_status_data_exporter_cl_1"}} []
[2025-05-01T23:32:25.922701+00:00] main.DEBUG: cache_invalidate:  {"method":"GET","url":"http:/","invalidateInfo":{"identifier":"DB_PDO_MYSQL_DDL_sales_order_status_data_exporter_cl_2"}} []
[2025-05-01T23:32:25.922968+00:00] main.DEBUG: cache_invalidate:  {"method":"GET","url":"http:/","invalidateInfo":{"identifier":"DB_PDO_MYSQL_DDL_sales_order_status_data_exporter_cl_3"}} []
[2025-05-01T23:32:25.923150+00:00] main.DEBUG: cache_invalidate:  {"method":"GET","url":"http:/","invalidateInfo":{"identifier":"DB_PDO_MYSQL_DDL_sales_order_status_data_exporter_cl_4"}} []
[2025-05-01T23:32:25.924514+00:00] main.DEBUG: cache_invalidate:  {"method":"GET","url":"http:/","invalidateInfo":{"identifier":"DB_PDO_MYSQL_DDL_sales_order_status_data_exporter_cl_5"}} []
[2025-05-01T23:32:27.231420+00:00] main.DEBUG: cache_invalidate:  {"method":"GET","url":"http:/","invalidateInfo":{"tags":["CONFIG"],"mode":"matchingTag"}} []
[2025-05-01T23:32:27.246549+00:00] main.DEBUG: cache_invalidate:  {"method":"GET","url":"http:/","invalidateInfo":{"tags":["LAYOUT_GENERAL_CACHE_TAG"],"mode":"matchingTag"}} []
[2025-05-01T23:32:27.247386+00:00] main.DEBUG: cache_invalidate:  {"method":"GET","url":"http:/","invalidateInfo":{"tags":["BLOCK_HTML"],"mode":"matchingTag"}} []
[2025-05-01T23:32:27.248112+00:00] main.DEBUG: cache_invalidate:  {"method":"GET","url":"http:/","invalidateInfo":{"tags":["COLLECTION_DATA"],"mode":"matchingTag"}} []
[2025-05-01T23:32:27.362632+00:00] main.DEBUG: cache_invalidate:  {"method":"GET","url":"http:/","invalidateInfo":{"tags":["REFLECTION"],"mode":"matchingTag"}} []
[2025-05-01T23:32:27.412853+00:00] main.DEBUG: cache_invalidate:  {"method":"GET","url":"http:/","invalidateInfo":{"tags":["DB_DDL"],"mode":"matchingTag"}} []
[2025-05-01T23:32:27.415138+00:00] main.DEBUG: cache_invalidate:  {"method":"GET","url":"http:/","invalidateInfo":{"tags":["COMPILED_CONFIG"],"mode":"matchingTag"}} []
[2025-05-01T23:32:27.416929+00:00] main.DEBUG: cache_invalidate:  {"method":"GET","url":"http:/","invalidateInfo":{"tags":["EAV"],"mode":"matchingTag"}} []
[2025-05-01T23:32:27.418031+00:00] main.DEBUG: cache_invalidate:  {"method":"GET","url":"http:/","invalidateInfo":{"tags":["CUSTOMER_NOTIFICATION"],"mode":"matchingTag"}} []
[2025-05-01T23:32:27.418764+00:00] main.DEBUG: cache_invalidate:  {"method":"GET","url":"http:/","invalidateInfo":{"tags":["INTEGRATION"],"mode":"matchingTag"}} []
[2025-05-01T23:32:27.419461+00:00] main.DEBUG: cache_invalidate:  {"method":"GET","url":"http:/","invalidateInfo":{"tags":["INTEGRATION_API_CONFIG"],"mode":"matchingTag"}} []
[2025-05-01T23:32:27.420151+00:00] main.DEBUG: cache_invalidate:  {"method":"GET","url":"http:/","invalidateInfo":{"tags":["GRAPHQL_QUERY_RESOLVER_RESULT"],"mode":"matchingTag"}} []
[2025-05-01T23:32:27.421017+00:00] main.DEBUG: cache_invalidate:  {"method":"GET","url":"http:/","invalidateInfo":{"tags":["FPC"],"mode":"matchingTag"}} []
[2025-05-01T23:32:27.422802+00:00] main.DEBUG: cache_invalidate:  {"method":"GET","url":"http:/","invalidateInfo":{"tags":["WEBSERVICE"],"mode":"matchingTag"}} []
[2025-05-01T23:32:27.423879+00:00] main.DEBUG: cache_invalidate:  {"method":"GET","url":"http:/","invalidateInfo":{"tags":["TRANSLATE"],"mode":"matchingTag"}} []
[2025-05-01T23:33:19.765777+00:00] main.ERROR: Error: Application is not installed yet.  [] []
[2025-05-01T23:33:19.957101+00:00] main.ERROR: Error: Application is not installed yet.  [] []
[2025-05-01T23:33:20.083024+00:00] main.ERROR: Error: Application is not installed yet.  [] []
[2025-05-01T23:33:20.203590+00:00] main.ERROR: Error: Application is not installed yet.  [] []
[2025-05-01T23:33:20.326729+00:00] main.ERROR: Error: Application is not installed yet.  [] []
[2025-05-01T23:33:20.449333+00:00] main.ERROR: Error: Application is not installed yet.  [] []
[2025-05-01T23:33:20.569534+00:00] main.ERROR: Error: Application is not installed yet.  [] []
[2025-05-01T23:33:20.689148+00:00] main.ERROR: Error: Application is not installed yet.  [] []
[2025-05-01T23:33:20.810923+00:00] main.ERROR: Error: Application is not installed yet.  [] []
[2025-05-01T23:33:20.930916+00:00] main.ERROR: Error: Application is not installed yet.  [] []
[2025-05-01T23:33:21.050965+00:00] main.ERROR: Error: Application is not installed yet.  [] []
[2025-05-01T23:33:21.170692+00:00] main.ERROR: Error: Application is not installed yet.  [] []
[2025-05-01T23:33:21.291262+00:00] main.ERROR: Error: Application is not installed yet.  [] []
[2025-05-01T23:33:21.412151+00:00] main.ERROR: Error: Application is not installed yet.  [] []
[2025-05-01T23:33:21.533172+00:00] main.ERROR: Error: Application is not installed yet.  [] []
[2025-05-01T23:33:21.652691+00:00] main.ERROR: Error: Application is not installed yet.  [] []
[2025-05-01T23:33:21.777128+00:00] main.ERROR: Error: Application is not installed yet.  [] []
[2025-05-01T23:33:21.897837+00:00] main.ERROR: Error: Application is not installed yet.  [] []
[2025-05-01T23:33:22.017163+00:00] main.ERROR: Error: Application is not installed yet.  [] []
[2025-05-01T23:33:23.209011+00:00] main.ERROR: Error: Application is not installed yet.  [] []
[2025-05-01T23:33:23.330293+00:00] main.ERROR: Error: Application is not installed yet.  [] []
[2025-05-01T23:33:23.449912+00:00] main.ERROR: Error: Application is not installed yet.  [] []
[2025-05-01T23:33:23.569656+00:00] main.ERROR: Error: Application is not installed yet.  [] []
[2025-05-01T23:33:23.689013+00:00] main.ERROR: Error: Application is not installed yet.  [] []
[2025-05-01T23:33:23.813232+00:00] main.ERROR: Error: Application is not installed yet.  [] []
[2025-05-01T23:33:23.934232+00:00] main.ERROR: Error: Application is not installed yet.  [] []
[2025-05-01T23:33:24.052567+00:00] main.ERROR: Error: Application is not installed yet.  [] []
[2025-05-01T23:33:24.172007+00:00] main.ERROR: Error: Application is not installed yet.  [] []
[2025-05-01T23:33:24.292800+00:00] main.ERROR: Error: Application is not installed yet.  [] []
[2025-05-01T23:33:24.414106+00:00] main.ERROR: Error: Application is not installed yet.  [] []
[2025-05-01T23:33:24.535908+00:00] main.ERROR: Error: Application is not installed yet.  [] []
[2025-05-01T23:33:24.661771+00:00] main.ERROR: Error: Application is not installed yet.  [] []
[2025-05-01T23:33:24.783600+00:00] main.ERROR: Error: Application is not installed yet.  [] []
[2025-05-01T23:33:24.906677+00:00] main.ERROR: Error: Application is not installed yet.  [] []
[2025-05-01T23:33:25.030356+00:00] main.ERROR: Error: Application is not installed yet.  [] []
[2025-05-01T23:33:25.153314+00:00] main.ERROR: Error: Application is not installed yet.  [] []
[2025-05-01T23:33:25.273878+00:00] main.ERROR: Error: Application is not installed yet.  [] []
[2025-05-01T23:33:25.397111+00:00] main.ERROR: Error: Application is not installed yet.  [] []
[2025-05-01T23:33:25.518824+00:00] main.ERROR: Error: Application is not installed yet.  [] []
[2025-05-01T23:33:30.652517+00:00] main.ERROR: Error: Application is not installed yet.  [] []
[2025-05-01T23:33:30.776775+00:00] main.ERROR: Error: Application is not installed yet.  [] []
[2025-05-01T23:33:30.899032+00:00] main.ERROR: Error: Application is not installed yet.  [] []
[2025-05-01T23:33:31.020880+00:00] main.ERROR: Error: Application is not installed yet.  [] []
[2025-05-01T23:33:31.141664+00:00] main.ERROR: Error: Application is not installed yet.  [] []
[2025-05-01T23:33:31.264785+00:00] main.ERROR: Error: Application is not installed yet.  [] []
[2025-05-01T23:33:31.386865+00:00] main.ERROR: Error: Application is not installed yet.  [] []
[2025-05-01T23:33:31.513357+00:00] main.ERROR: Error: Application is not installed yet.  [] []
[2025-05-01T23:33:31.633841+00:00] main.ERROR: Error: Application is not installed yet.  [] []
[2025-05-01T23:33:31.754358+00:00] main.ERROR: Error: Application is not installed yet.  [] []
[2025-05-01T23:33:31.874543+00:00] main.ERROR: Error: Application is not installed yet.  [] []
[2025-05-01T23:33:31.995243+00:00] main.ERROR: Error: Application is not installed yet.  [] []
[2025-05-01T23:33:32.115197+00:00] main.ERROR: Error: Application is not installed yet.  [] []
[2025-05-01T23:33:32.237039+00:00] main.ERROR: Error: Application is not installed yet.  [] []
[2025-05-01T23:33:32.366846+00:00] main.ERROR: Error: Application is not installed yet.  [] []
[2025-05-01T23:33:32.492826+00:00] main.ERROR: Error: Application is not installed yet.  [] []
[2025-05-01T23:33:32.615684+00:00] main.ERROR: Error: Application is not installed yet.  [] []
[2025-05-01T23:33:32.737662+00:00] main.ERROR: Error: Application is not installed yet.  [] []
[2025-05-01T23:33:32.861086+00:00] main.ERROR: Error: Application is not installed yet.  [] []
[2025-05-01T23:33:32.982715+00:00] main.ERROR: Error: Application is not installed yet.  [] []
[2025-05-02T00:21:06.042041+00:00] main.ERROR: Error: Application is not installed yet.  [] []
[2025-05-02T00:21:06.227417+00:00] main.ERROR: Error: Application is not installed yet.  [] []
[2025-05-02T00:21:06.354122+00:00] main.ERROR: Error: Application is not installed yet.  [] []
[2025-05-02T00:21:06.489479+00:00] main.ERROR: Error: Application is not installed yet.  [] []
[2025-05-02T00:21:06.614913+00:00] main.ERROR: Error: Application is not installed yet.  [] []
[2025-05-02T00:21:06.737559+00:00] main.ERROR: Error: Application is not installed yet.  [] []
[2025-05-02T00:21:06.859352+00:00] main.ERROR: Error: Application is not installed yet.  [] []
[2025-05-02T00:21:06.981180+00:00] main.ERROR: Error: Application is not installed yet.  [] []
[2025-05-02T00:21:07.108133+00:00] main.ERROR: Error: Application is not installed yet.  [] []
[2025-05-02T00:21:07.233833+00:00] main.ERROR: Error: Application is not installed yet.  [] []
[2025-05-02T00:21:07.358057+00:00] main.ERROR: Error: Application is not installed yet.  [] []
[2025-05-02T00:21:07.479908+00:00] main.ERROR: Error: Application is not installed yet.  [] []
[2025-05-02T00:21:07.606444+00:00] main.ERROR: Error: Application is not installed yet.  [] []
[2025-05-02T00:21:07.756811+00:00] main.ERROR: Error: Application is not installed yet.  [] []
[2025-05-02T00:21:07.910318+00:00] main.ERROR: Error: Application is not installed yet.  [] []
[2025-05-02T00:21:08.036888+00:00] main.ERROR: Error: Application is not installed yet.  [] []
[2025-05-02T00:21:08.163794+00:00] main.ERROR: Error: Application is not installed yet.  [] []
[2025-05-02T00:21:08.289182+00:00] main.ERROR: Error: Application is not installed yet.  [] []
[2025-05-02T00:21:08.415894+00:00] main.ERROR: Error: Application is not installed yet.  [] []
[2025-05-02T00:21:09.573921+00:00] main.ERROR: Error: Application is not installed yet.  [] []
[2025-05-02T00:21:09.696710+00:00] main.ERROR: Error: Application is not installed yet.  [] []
[2025-05-02T00:21:09.820166+00:00] main.ERROR: Error: Application is not installed yet.  [] []
[2025-05-02T00:21:09.949202+00:00] main.ERROR: Error: Application is not installed yet.  [] []
[2025-05-02T00:21:10.075437+00:00] main.ERROR: Error: Application is not installed yet.  [] []
[2025-05-02T00:21:10.198935+00:00] main.ERROR: Error: Application is not installed yet.  [] []
[2025-05-02T00:21:10.320712+00:00] main.ERROR: Error: Application is not installed yet.  [] []
[2025-05-02T00:21:10.468663+00:00] main.ERROR: Error: Application is not installed yet.  [] []
[2025-05-02T00:21:10.600571+00:00] main.ERROR: Error: Application is not installed yet.  [] []
[2025-05-02T00:21:10.737259+00:00] main.ERROR: Error: Application is not installed yet.  [] []
[2025-05-02T00:21:10.887096+00:00] main.ERROR: Error: Application is not installed yet.  [] []
[2025-05-02T00:21:11.049440+00:00] main.ERROR: Error: Application is not installed yet.  [] []
[2025-05-02T00:21:11.183036+00:00] main.ERROR: Error: Application is not installed yet.  [] []
[2025-05-02T00:21:11.310734+00:00] main.ERROR: Error: Application is not installed yet.  [] []
[2025-05-02T00:21:11.436046+00:00] main.ERROR: Error: Application is not installed yet.  [] []
[2025-05-02T00:21:11.567015+00:00] main.ERROR: Error: Application is not installed yet.  [] []
[2025-05-02T00:21:11.691672+00:00] main.ERROR: Error: Application is not installed yet.  [] []
[2025-05-02T00:21:11.827931+00:00] main.ERROR: Error: Application is not installed yet.  [] []
[2025-05-02T00:21:11.959667+00:00] main.ERROR: Error: Application is not installed yet.  [] []
[2025-05-02T00:21:12.091641+00:00] main.ERROR: Error: Application is not installed yet.  [] []
[2025-05-02T00:21:17.288735+00:00] main.ERROR: Error: Application is not installed yet.  [] []
[2025-05-02T00:21:17.450548+00:00] main.ERROR: Error: Application is not installed yet.  [] []
[2025-05-02T00:21:17.593568+00:00] main.ERROR: Error: Application is not installed yet.  [] []
[2025-05-02T00:21:17.718284+00:00] main.ERROR: Error: Application is not installed yet.  [] []
[2025-05-02T00:21:17.848513+00:00] main.ERROR: Error: Application is not installed yet.  [] []
[2025-05-02T00:21:17.974194+00:00] main.ERROR: Error: Application is not installed yet.  [] []
[2025-05-02T00:21:18.100892+00:00] main.ERROR: Error: Application is not installed yet.  [] []
[2025-05-02T00:21:18.227984+00:00] main.ERROR: Error: Application is not installed yet.  [] []
[2025-05-02T00:21:18.355086+00:00] main.ERROR: Error: Application is not installed yet.  [] []
[2025-05-02T00:21:18.477400+00:00] main.ERROR: Error: Application is not installed yet.  [] []
[2025-05-02T00:21:18.602243+00:00] main.ERROR: Error: Application is not installed yet.  [] []
[2025-05-02T00:21:18.728378+00:00] main.ERROR: Error: Application is not installed yet.  [] []
[2025-05-02T00:21:18.849820+00:00] main.ERROR: Error: Application is not installed yet.  [] []
[2025-05-02T00:21:18.973496+00:00] main.ERROR: Error: Application is not installed yet.  [] []
[2025-05-02T00:21:19.095836+00:00] main.ERROR: Error: Application is not installed yet.  [] []
[2025-05-02T00:21:19.222666+00:00] main.ERROR: Error: Application is not installed yet.  [] []
[2025-05-02T00:21:19.352011+00:00] main.ERROR: Error: Application is not installed yet.  [] []
[2025-05-02T00:21:19.481991+00:00] main.ERROR: Error: Application is not installed yet.  [] []
[2025-05-02T00:21:19.607089+00:00] main.ERROR: Error: Application is not installed yet.  [] []
[2025-05-02T00:21:19.740396+00:00] main.ERROR: Error: Application is not installed yet.  [] []
[2025-05-02T00:44:59.277104+00:00] main.ERROR: Error: Application is not installed yet.  [] []
[2025-05-02T00:44:59.408110+00:00] main.ERROR: Error: Application is not installed yet.  [] []
[2025-05-02T00:44:59.532687+00:00] main.ERROR: Error: Application is not installed yet.  [] []
[2025-05-02T00:44:59.653210+00:00] main.ERROR: Error: Application is not installed yet.  [] []
[2025-05-02T00:44:59.773981+00:00] main.ERROR: Error: Application is not installed yet.  [] []
[2025-05-02T00:44:59.895589+00:00] main.ERROR: Error: Application is not installed yet.  [] []
[2025-05-02T00:45:00.018019+00:00] main.ERROR: Error: Application is not installed yet.  [] []
[2025-05-02T00:45:00.143171+00:00] main.ERROR: Error: Application is not installed yet.  [] []
[2025-05-02T00:45:00.264727+00:00] main.ERROR: Error: Application is not installed yet.  [] []
[2025-05-02T00:45:00.385774+00:00] main.ERROR: Error: Application is not installed yet.  [] []
[2025-05-02T00:45:00.506930+00:00] main.ERROR: Error: Application is not installed yet.  [] []
[2025-05-02T00:45:00.628313+00:00] main.ERROR: Error: Application is not installed yet.  [] []
[2025-05-02T00:45:00.748759+00:00] main.ERROR: Error: Application is not installed yet.  [] []
[2025-05-02T00:45:00.869016+00:00] main.ERROR: Error: Application is not installed yet.  [] []
[2025-05-02T00:45:00.989759+00:00] main.ERROR: Error: Application is not installed yet.  [] []
[2025-05-02T00:45:01.111239+00:00] main.ERROR: Error: Application is not installed yet.  [] []
[2025-05-02T00:45:01.233541+00:00] main.ERROR: Error: Application is not installed yet.  [] []
[2025-05-02T00:45:01.358482+00:00] main.ERROR: Error: Application is not installed yet.  [] []
[2025-05-02T00:45:01.482584+00:00] main.ERROR: Error: Application is not installed yet.  [] []
[2025-05-02T00:45:01.618928+00:00] main.ERROR: Error: Application is not installed yet.  [] []
[2025-05-02T00:45:01.738952+00:00] main.ERROR: Error: Application is not installed yet.  [] []
[2025-05-02T00:45:01.859667+00:00] main.ERROR: Error: Application is not installed yet.  [] []
[2025-05-02T00:45:01.981039+00:00] main.ERROR: Error: Application is not installed yet.  [] []
[2025-05-02T00:45:02.105052+00:00] main.ERROR: Error: Application is not installed yet.  [] []
[2025-05-02T00:45:02.225808+00:00] main.ERROR: Error: Application is not installed yet.  [] []
[2025-05-02T00:45:02.348197+00:00] main.ERROR: Error: Application is not installed yet.  [] []
[2025-05-02T00:45:02.481456+00:00] main.ERROR: Error: Application is not installed yet.  [] []
[2025-05-02T00:45:02.603658+00:00] main.ERROR: Error: Application is not installed yet.  [] []
[2025-05-02T00:45:02.723884+00:00] main.ERROR: Error: Application is not installed yet.  [] []
[2025-05-02T00:45:02.850296+00:00] main.ERROR: Error: Application is not installed yet.  [] []
[2025-05-02T00:45:02.970518+00:00] main.ERROR: Error: Application is not installed yet.  [] []
[2025-05-02T00:45:03.090803+00:00] main.ERROR: Error: Application is not installed yet.  [] []
[2025-05-02T00:45:03.210199+00:00] main.ERROR: Error: Application is not installed yet.  [] []
[2025-05-02T00:45:03.330195+00:00] main.ERROR: Error: Application is not installed yet.  [] []
[2025-05-02T00:45:03.450934+00:00] main.ERROR: Error: Application is not installed yet.  [] []
[2025-05-02T00:45:03.571368+00:00] main.ERROR: Error: Application is not installed yet.  [] []
[2025-05-02T00:45:03.691221+00:00] main.ERROR: Error: Application is not installed yet.  [] []
[2025-05-02T00:45:03.810877+00:00] main.ERROR: Error: Application is not installed yet.  [] []
[2025-05-02T00:45:04.955518+00:00] main.ERROR: Error: Application is not installed yet.  [] []
[2025-05-02T00:45:05.076792+00:00] main.ERROR: Error: Application is not installed yet.  [] []
[2025-05-02T00:45:05.200120+00:00] main.ERROR: Error: Application is not installed yet.  [] []
[2025-05-02T00:45:05.321912+00:00] main.ERROR: Error: Application is not installed yet.  [] []
[2025-05-02T00:45:05.446029+00:00] main.ERROR: Error: Application is not installed yet.  [] []
[2025-05-02T00:45:05.573950+00:00] main.ERROR: Error: Application is not installed yet.  [] []
[2025-05-02T00:45:05.696694+00:00] main.ERROR: Error: Application is not installed yet.  [] []
[2025-05-02T00:45:05.819910+00:00] main.ERROR: Error: Application is not installed yet.  [] []
[2025-05-02T00:45:05.944240+00:00] main.ERROR: Error: Application is not installed yet.  [] []
[2025-05-02T00:45:06.065589+00:00] main.ERROR: Error: Application is not installed yet.  [] []
[2025-05-02T00:45:06.186867+00:00] main.ERROR: Error: Application is not installed yet.  [] []
[2025-05-02T00:45:06.307894+00:00] main.ERROR: Error: Application is not installed yet.  [] []
[2025-05-02T00:45:06.432348+00:00] main.ERROR: Error: Application is not installed yet.  [] []
[2025-05-02T00:45:06.556400+00:00] main.ERROR: Error: Application is not installed yet.  [] []
[2025-05-02T00:45:06.677528+00:00] main.ERROR: Error: Application is not installed yet.  [] []
[2025-05-02T00:45:06.798190+00:00] main.ERROR: Error: Application is not installed yet.  [] []
[2025-05-02T00:45:06.921056+00:00] main.ERROR: Error: Application is not installed yet.  [] []
[2025-05-02T00:45:07.042850+00:00] main.ERROR: Error: Application is not installed yet.  [] []
[2025-05-02T00:45:07.165012+00:00] main.ERROR: Error: Application is not installed yet.  [] []
[2025-05-02T00:45:07.287540+00:00] main.ERROR: Error: Application is not installed yet.  [] []
[2025-05-02T00:45:12.418513+00:00] main.ERROR: Error: Application is not installed yet.  [] []
[2025-05-02T00:45:12.540361+00:00] main.ERROR: Error: Application is not installed yet.  [] []
[2025-05-02T00:45:12.661608+00:00] main.ERROR: Error: Application is not installed yet.  [] []
[2025-05-02T00:45:12.782325+00:00] main.ERROR: Error: Application is not installed yet.  [] []
[2025-05-02T00:45:12.902866+00:00] main.ERROR: Error: Application is not installed yet.  [] []
[2025-05-02T00:45:13.025487+00:00] main.ERROR: Error: Application is not installed yet.  [] []
[2025-05-02T00:45:13.146376+00:00] main.ERROR: Error: Application is not installed yet.  [] []
[2025-05-02T00:45:13.268400+00:00] main.ERROR: Error: Application is not installed yet.  [] []
[2025-05-02T00:45:13.388536+00:00] main.ERROR: Error: Application is not installed yet.  [] []
[2025-05-02T00:45:13.509109+00:00] main.ERROR: Error: Application is not installed yet.  [] []
[2025-05-02T00:45:13.632922+00:00] main.ERROR: Error: Application is not installed yet.  [] []
[2025-05-02T00:45:13.757837+00:00] main.ERROR: Error: Application is not installed yet.  [] []
[2025-05-02T00:45:13.879275+00:00] main.ERROR: Error: Application is not installed yet.  [] []
[2025-05-02T00:45:13.999621+00:00] main.ERROR: Error: Application is not installed yet.  [] []
[2025-05-02T00:45:14.120750+00:00] main.ERROR: Error: Application is not installed yet.  [] []
[2025-05-02T00:45:14.243969+00:00] main.ERROR: Error: Application is not installed yet.  [] []
[2025-05-02T00:45:14.364563+00:00] main.ERROR: Error: Application is not installed yet.  [] []
[2025-05-02T00:45:14.491683+00:00] main.ERROR: Error: Application is not installed yet.  [] []
[2025-05-02T01:15:54.368427+00:00] main.ERROR: There are no commands defined in the "cache" namespace.
#0 C:\xampp8\htdocs\magento-loja5\vendor\symfony\console\Application.php(720): Symfony\Component\Console\Application->findNamespace('cache')
#1 C:\xampp8\htdocs\magento-loja5\vendor\symfony\console\Application.php(266): Symfony\Component\Console\Application->find('cache:flush')
#2 C:\xampp8\htdocs\magento-loja5\vendor\magento\framework\Console\Cli.php(122): Symfony\Component\Console\Application->doRun(Object(Symfony\Component\Console\Input\ArgvInput), Object(Symfony\Component\Console\Output\ConsoleOutput))
#3 C:\xampp8\htdocs\magento-loja5\vendor\symfony\console\Application.php(175): Magento\Framework\Console\Cli->doRun(Object(Symfony\Component\Console\Input\ArgvInput), Object(Symfony\Component\Console\Output\ConsoleOutput))
#4 C:\xampp8\htdocs\magento-loja5\bin\magento(23): Symfony\Component\Console\Application->run()
#5 {main} [] []
[2025-05-02T01:25:03.277677+00:00] main.ERROR: Error: Application is not installed yet.  [] []
[2025-05-02T01:25:03.406019+00:00] main.ERROR: Error: Application is not installed yet.  [] []
[2025-05-02T01:25:03.526127+00:00] main.ERROR: Error: Application is not installed yet.  [] []
[2025-05-02T01:25:03.644377+00:00] main.ERROR: Error: Application is not installed yet.  [] []
[2025-05-02T01:25:03.762911+00:00] main.ERROR: Error: Application is not installed yet.  [] []
[2025-05-02T01:25:03.880803+00:00] main.ERROR: Error: Application is not installed yet.  [] []
[2025-05-02T01:25:03.998805+00:00] main.ERROR: Error: Application is not installed yet.  [] []
[2025-05-02T01:25:04.119104+00:00] main.ERROR: Error: Application is not installed yet.  [] []
[2025-05-02T01:25:04.243268+00:00] main.ERROR: Error: Application is not installed yet.  [] []
[2025-05-02T01:25:04.364333+00:00] main.ERROR: Error: Application is not installed yet.  [] []
[2025-05-02T01:25:04.484909+00:00] main.ERROR: Error: Application is not installed yet.  [] []
[2025-05-02T01:25:04.603072+00:00] main.ERROR: Error: Application is not installed yet.  [] []
[2025-05-02T01:25:04.720249+00:00] main.ERROR: Error: Application is not installed yet.  [] []
[2025-05-02T01:25:04.837413+00:00] main.ERROR: Error: Application is not installed yet.  [] []
[2025-05-02T01:25:04.954927+00:00] main.ERROR: Error: Application is not installed yet.  [] []
[2025-05-02T01:25:05.072813+00:00] main.ERROR: Error: Application is not installed yet.  [] []
[2025-05-02T01:25:05.189836+00:00] main.ERROR: Error: Application is not installed yet.  [] []
[2025-05-02T01:25:05.307012+00:00] main.ERROR: Error: Application is not installed yet.  [] []
[2025-05-02T01:25:05.424672+00:00] main.ERROR: Error: Application is not installed yet.  [] []
[2025-05-02T01:25:05.542131+00:00] main.ERROR: Error: Application is not installed yet.  [] []
[2025-05-02T01:25:06.681603+00:00] main.ERROR: Error: Application is not installed yet.  [] []
[2025-05-02T01:25:06.800676+00:00] main.ERROR: Error: Application is not installed yet.  [] []
[2025-05-02T01:25:06.919282+00:00] main.ERROR: Error: Application is not installed yet.  [] []
[2025-05-02T01:25:07.039123+00:00] main.ERROR: Error: Application is not installed yet.  [] []
[2025-05-02T01:25:07.158926+00:00] main.ERROR: Error: Application is not installed yet.  [] []
[2025-05-02T01:25:07.280952+00:00] main.ERROR: Error: Application is not installed yet.  [] []
[2025-05-02T01:39:08.136160+00:00] main.ERROR: Error: Application is not installed yet.  [] []
[2025-05-02T01:39:08.266145+00:00] main.ERROR: Error: Application is not installed yet.  [] []
[2025-05-02T01:39:08.388503+00:00] main.ERROR: Error: Application is not installed yet.  [] []
[2025-05-02T01:39:08.513708+00:00] main.ERROR: Error: Application is not installed yet.  [] []
[2025-05-02T01:39:08.638124+00:00] main.ERROR: Error: Application is not installed yet.  [] []
[2025-05-02T01:39:08.759763+00:00] main.ERROR: Error: Application is not installed yet.  [] []
[2025-05-02T01:39:08.892548+00:00] main.ERROR: Error: Application is not installed yet.  [] []
[2025-05-02T01:39:09.017387+00:00] main.ERROR: Error: Application is not installed yet.  [] []
[2025-05-02T01:39:09.141536+00:00] main.ERROR: Error: Application is not installed yet.  [] []
[2025-05-02T01:39:09.265287+00:00] main.ERROR: Error: Application is not installed yet.  [] []
[2025-05-02T01:39:09.392721+00:00] main.ERROR: Error: Application is not installed yet.  [] []
[2025-05-02T01:39:09.520561+00:00] main.ERROR: Error: Application is not installed yet.  [] []
[2025-05-02T01:39:09.642249+00:00] main.ERROR: Error: Application is not installed yet.  [] []
[2025-05-02T01:39:09.766870+00:00] main.ERROR: Error: Application is not installed yet.  [] []
[2025-05-02T01:39:09.891797+00:00] main.ERROR: Error: Application is not installed yet.  [] []
[2025-05-02T01:39:10.020918+00:00] main.ERROR: Error: Application is not installed yet.  [] []
[2025-05-02T01:39:10.141927+00:00] main.ERROR: Error: Application is not installed yet.  [] []
[2025-05-02T01:39:10.265804+00:00] main.ERROR: Error: Application is not installed yet.  [] []
[2025-05-02T01:39:10.385076+00:00] main.ERROR: Error: Application is not installed yet.  [] []
[2025-05-02T01:39:10.507842+00:00] main.ERROR: Error: Application is not installed yet.  [] []
[2025-05-02T01:39:11.677099+00:00] main.ERROR: Error: Application is not installed yet.  [] []
[2025-05-02T01:39:11.803622+00:00] main.ERROR: Error: Application is not installed yet.  [] []
[2025-05-02T01:39:11.929948+00:00] main.ERROR: Error: Application is not installed yet.  [] []
[2025-05-02T01:39:12.054251+00:00] main.ERROR: Error: Application is not installed yet.  [] []
[2025-05-02T01:39:12.177065+00:00] main.ERROR: Error: Application is not installed yet.  [] []
[2025-05-02T01:39:12.300964+00:00] main.ERROR: Error: Application is not installed yet.  [] []
[2025-05-02T01:39:12.433372+00:00] main.ERROR: Error: Application is not installed yet.  [] []
[2025-05-02T01:39:12.555164+00:00] main.ERROR: Error: Application is not installed yet.  [] []
[2025-05-02T01:39:12.682303+00:00] main.ERROR: Error: Application is not installed yet.  [] []
[2025-05-02T01:39:12.804622+00:00] main.ERROR: Error: Application is not installed yet.  [] []
[2025-05-02T01:39:12.927835+00:00] main.ERROR: Error: Application is not installed yet.  [] []
[2025-05-02T01:39:13.062496+00:00] main.ERROR: Error: Application is not installed yet.  [] []
[2025-05-02T01:39:13.186602+00:00] main.ERROR: Error: Application is not installed yet.  [] []
[2025-05-02T01:39:13.307206+00:00] main.ERROR: Error: Application is not installed yet.  [] []
[2025-05-02T01:39:13.427919+00:00] main.ERROR: Error: Application is not installed yet.  [] []
[2025-05-02T01:39:13.547042+00:00] main.ERROR: Error: Application is not installed yet.  [] []
[2025-05-02T01:39:13.666551+00:00] main.ERROR: Error: Application is not installed yet.  [] []
[2025-05-02T01:39:13.789974+00:00] main.ERROR: Error: Application is not installed yet.  [] []
[2025-05-02T01:39:13.913511+00:00] main.ERROR: Error: Application is not installed yet.  [] []
[2025-05-02T01:39:14.036727+00:00] main.ERROR: Error: Application is not installed yet.  [] []
[2025-05-02T01:42:14.622704+00:00] main.ERROR: Error: Application is not installed yet.  [] []
[2025-05-02T01:42:14.750289+00:00] main.ERROR: Error: Application is not installed yet.  [] []
[2025-05-02T01:42:14.871402+00:00] main.ERROR: Error: Application is not installed yet.  [] []
[2025-05-02T01:42:14.992163+00:00] main.ERROR: Error: Application is not installed yet.  [] []
[2025-05-02T01:42:15.112270+00:00] main.ERROR: Error: Application is not installed yet.  [] []
[2025-05-02T01:42:15.232445+00:00] main.ERROR: Error: Application is not installed yet.  [] []
[2025-05-02T01:42:15.358165+00:00] main.ERROR: Error: Application is not installed yet.  [] []
[2025-05-02T01:42:15.478747+00:00] main.ERROR: Error: Application is not installed yet.  [] []
[2025-05-02T01:42:15.599671+00:00] main.ERROR: Error: Application is not installed yet.  [] []
[2025-05-02T01:42:15.722490+00:00] main.ERROR: Error: Application is not installed yet.  [] []
[2025-05-02T01:42:15.844601+00:00] main.ERROR: Error: Application is not installed yet.  [] []
[2025-05-02T01:42:15.966948+00:00] main.ERROR: Error: Application is not installed yet.  [] []
[2025-05-02T01:42:16.088597+00:00] main.ERROR: Error: Application is not installed yet.  [] []
[2025-05-02T01:42:16.208047+00:00] main.ERROR: Error: Application is not installed yet.  [] []
[2025-05-02T01:42:16.327476+00:00] main.ERROR: Error: Application is not installed yet.  [] []
[2025-05-02T01:42:16.447129+00:00] main.ERROR: Error: Application is not installed yet.  [] []
[2025-05-02T01:42:16.567187+00:00] main.ERROR: Error: Application is not installed yet.  [] []
[2025-05-02T01:42:16.685940+00:00] main.ERROR: Error: Application is not installed yet.  [] []
[2025-05-02T01:42:16.804916+00:00] main.ERROR: Error: Application is not installed yet.  [] []
[2025-05-02T01:42:16.924041+00:00] main.ERROR: Error: Application is not installed yet.  [] []
[2025-05-02T01:42:18.068716+00:00] main.ERROR: Error: Application is not installed yet.  [] []
[2025-05-02T01:42:18.189638+00:00] main.ERROR: Error: Application is not installed yet.  [] []
[2025-05-02T01:42:18.309138+00:00] main.ERROR: Error: Application is not installed yet.  [] []
[2025-05-02T01:42:18.429649+00:00] main.ERROR: Error: Application is not installed yet.  [] []
[2025-05-02T01:42:18.549153+00:00] main.ERROR: Error: Application is not installed yet.  [] []
[2025-05-02T01:42:18.669376+00:00] main.ERROR: Error: Application is not installed yet.  [] []
[2025-05-02T01:42:18.791968+00:00] main.ERROR: Error: Application is not installed yet.  [] []
[2025-05-02T01:42:18.916888+00:00] main.ERROR: Error: Application is not installed yet.  [] []
[2025-05-02T01:42:19.038849+00:00] main.ERROR: Error: Application is not installed yet.  [] []
[2025-05-02T01:42:19.158485+00:00] main.ERROR: Error: Application is not installed yet.  [] []
[2025-05-02T01:42:19.277923+00:00] main.ERROR: Error: Application is not installed yet.  [] []
[2025-05-02T01:42:19.398197+00:00] main.ERROR: Error: Application is not installed yet.  [] []
[2025-05-02T01:42:19.522599+00:00] main.ERROR: Error: Application is not installed yet.  [] []
[2025-05-02T01:50:34.363252+00:00] main.ERROR: Error: Application is not installed yet.  [] []
[2025-05-02T01:50:34.707916+00:00] main.ERROR: Error: Application is not installed yet.  [] []
[2025-05-02T01:50:34.829876+00:00] main.ERROR: Error: Application is not installed yet.  [] []
[2025-05-02T01:50:34.949822+00:00] main.ERROR: Error: Application is not installed yet.  [] []
[2025-05-02T01:50:35.072602+00:00] main.ERROR: Error: Application is not installed yet.  [] []
[2025-05-02T01:50:35.193078+00:00] main.ERROR: Error: Application is not installed yet.  [] []
[2025-05-02T01:50:35.313159+00:00] main.ERROR: Error: Application is not installed yet.  [] []
[2025-05-02T01:50:35.433172+00:00] main.ERROR: Error: Application is not installed yet.  [] []
[2025-05-02T01:50:35.554087+00:00] main.ERROR: Error: Application is not installed yet.  [] []
[2025-05-02T01:50:35.674707+00:00] main.ERROR: Error: Application is not installed yet.  [] []
[2025-05-02T01:50:35.793288+00:00] main.ERROR: Error: Application is not installed yet.  [] []
[2025-05-02T01:50:35.911959+00:00] main.ERROR: Error: Application is not installed yet.  [] []
[2025-05-02T01:50:36.030624+00:00] main.ERROR: Error: Application is not installed yet.  [] []
[2025-05-02T01:50:36.149856+00:00] main.ERROR: Error: Application is not installed yet.  [] []
[2025-05-02T01:50:36.268640+00:00] main.ERROR: Error: Application is not installed yet.  [] []
[2025-05-02T01:50:36.387233+00:00] main.ERROR: Error: Application is not installed yet.  [] []
[2025-05-02T01:50:36.505158+00:00] main.ERROR: Error: Application is not installed yet.  [] []
[2025-05-02T01:50:36.623190+00:00] main.ERROR: Error: Application is not installed yet.  [] []
[2025-05-02T01:50:36.741016+00:00] main.ERROR: Error: Application is not installed yet.  [] []
[2025-05-02T01:50:36.859378+00:00] main.ERROR: Error: Application is not installed yet.  [] []
[2025-05-02T01:50:38.007477+00:00] main.ERROR: Error: Application is not installed yet.  [] []
[2025-05-02T01:50:38.128165+00:00] main.ERROR: Error: Application is not installed yet.  [] []
[2025-05-02T01:50:38.248467+00:00] main.ERROR: Error: Application is not installed yet.  [] []
[2025-05-02T01:50:38.372616+00:00] main.ERROR: Error: Application is not installed yet.  [] []
[2025-05-02T01:50:38.492461+00:00] main.ERROR: Error: Application is not installed yet.  [] []
[2025-05-02T01:50:38.613898+00:00] main.ERROR: Error: Application is not installed yet.  [] []
[2025-05-02T01:50:38.739231+00:00] main.ERROR: Error: Application is not installed yet.  [] []
[2025-05-02T02:07:51.563105+00:00] main.INFO: Source table payment_services_order_status_data_production_submitted_hash does not exist. Skipping data migration... [] []
[2025-05-02T02:08:05.873033+00:00] main.DEBUG: cache_invalidate:  {"method":"GET","url":"http:/","invalidateInfo":{"tags":["CONFIG"],"mode":"matchingTag"}} []
[2025-05-02T02:08:05.886942+00:00] main.DEBUG: cache_invalidate:  {"method":"GET","url":"http:/","invalidateInfo":{"tags":["LAYOUT_GENERAL_CACHE_TAG"],"mode":"matchingTag"}} []
[2025-05-02T02:08:05.887715+00:00] main.DEBUG: cache_invalidate:  {"method":"GET","url":"http:/","invalidateInfo":{"tags":["BLOCK_HTML"],"mode":"matchingTag"}} []
[2025-05-02T02:08:05.888446+00:00] main.DEBUG: cache_invalidate:  {"method":"GET","url":"http:/","invalidateInfo":{"tags":["COLLECTION_DATA"],"mode":"matchingTag"}} []
[2025-05-02T02:08:05.889219+00:00] main.DEBUG: cache_invalidate:  {"method":"GET","url":"http:/","invalidateInfo":{"tags":["REFLECTION"],"mode":"matchingTag"}} []
[2025-05-02T02:08:05.889942+00:00] main.DEBUG: cache_invalidate:  {"method":"GET","url":"http:/","invalidateInfo":{"tags":["DB_DDL"],"mode":"matchingTag"}} []
[2025-05-02T02:08:05.890639+00:00] main.DEBUG: cache_invalidate:  {"method":"GET","url":"http:/","invalidateInfo":{"tags":["COMPILED_CONFIG"],"mode":"matchingTag"}} []
[2025-05-02T02:08:05.892989+00:00] main.DEBUG: cache_invalidate:  {"method":"GET","url":"http:/","invalidateInfo":{"tags":["EAV"],"mode":"matchingTag"}} []
[2025-05-02T02:08:05.896817+00:00] main.DEBUG: cache_invalidate:  {"method":"GET","url":"http:/","invalidateInfo":{"tags":["CUSTOMER_NOTIFICATION"],"mode":"matchingTag"}} []
[2025-05-02T02:08:05.897527+00:00] main.DEBUG: cache_invalidate:  {"method":"GET","url":"http:/","invalidateInfo":{"tags":["INTEGRATION"],"mode":"matchingTag"}} []
[2025-05-02T02:08:05.898211+00:00] main.DEBUG: cache_invalidate:  {"method":"GET","url":"http:/","invalidateInfo":{"tags":["INTEGRATION_API_CONFIG"],"mode":"matchingTag"}} []
[2025-05-02T02:08:05.899039+00:00] main.DEBUG: cache_invalidate:  {"method":"GET","url":"http:/","invalidateInfo":{"tags":["GRAPHQL_QUERY_RESOLVER_RESULT"],"mode":"matchingTag"}} []
[2025-05-02T02:08:05.902007+00:00] main.DEBUG: cache_invalidate:  {"method":"GET","url":"http:/","invalidateInfo":{"tags":["FPC"],"mode":"matchingTag"}} []
[2025-05-02T02:08:05.902729+00:00] main.DEBUG: cache_invalidate:  {"method":"GET","url":"http:/","invalidateInfo":{"tags":["WEBSERVICE"],"mode":"matchingTag"}} []
[2025-05-02T02:08:05.903423+00:00] main.DEBUG: cache_invalidate:  {"method":"GET","url":"http:/","invalidateInfo":{"tags":["TRANSLATE"],"mode":"matchingTag"}} []
[2025-05-02T02:08:06.885410+00:00] main.DEBUG: cache_invalidate:  {"method":"GET","url":"http:/","invalidateInfo":{"tags":["BACKEND_MAINMENU"],"mode":"matchingTag"}} []
[2025-05-02T02:08:06.885709+00:00] main.DEBUG: cache_invalidate:  {"method":"GET","url":"http:/","invalidateInfo":{"tags":["user_assigned_role"],"mode":"matchingAnyTag"}} []
[2025-05-02T02:08:06.943890+00:00] main.DEBUG: cache_invalidate:  {"method":"GET","url":"http:/","invalidateInfo":{"tags":["EAV"],"mode":"matchingAnyTag"}} []
[2025-05-02T02:08:06.948638+00:00] main.DEBUG: cache_invalidate:  {"method":"GET","url":"http:/","invalidateInfo":{"tags":["EAV","EAV_ATTRIBUTE"],"mode":"matchingAnyTag"}} []
[2025-05-02T02:08:07.145032+00:00] main.DEBUG: cache_invalidate:  {"method":"GET","url":"http:/","invalidateInfo":{"tags":["EAV","EAV_ATTRIBUTE"],"mode":"matchingAnyTag"}} []
[2025-05-02T02:08:07.230936+00:00] main.DEBUG: cache_invalidate:  {"method":"GET","url":"http:/","invalidateInfo":{"tags":["EAV","EAV_ATTRIBUTE"],"mode":"matchingAnyTag"}} []
[2025-05-02T02:08:07.238714+00:00] main.DEBUG: cache_invalidate:  {"method":"GET","url":"http:/","invalidateInfo":{"tags":["EAV","EAV_ATTRIBUTE"],"mode":"matchingAnyTag"}} []
[2025-05-02T02:08:07.239168+00:00] main.DEBUG: cache_invalidate:  {"method":"GET","url":"http:/","invalidateInfo":{"tags":["EAV","EAV_ATTRIBUTE"],"mode":"matchingAnyTag"}} []
[2025-05-02T02:08:07.239481+00:00] main.DEBUG: cache_invalidate:  {"method":"GET","url":"http:/","invalidateInfo":{"tags":["EAV_ATTRIBUTE"],"mode":"matchingAnyTag"}} []
[2025-05-02T02:08:07.241301+00:00] main.DEBUG: cache_invalidate:  {"method":"GET","url":"http:/","invalidateInfo":{"tags":["EAV_ATTRIBUTE_21","FPC"],"mode":"matchingTag"}} []
[2025-05-02T02:08:07.241497+00:00] main.DEBUG: cache_invalidate:  {"method":"GET","url":"http:/","invalidateInfo":{"tags":["EAV_ENTITY_TYPES_CUSTOMER_ENTITY","FPC"],"mode":"matchingTag"}} []
[2025-05-02T02:08:07.241674+00:00] main.DEBUG: cache_invalidate:  {"method":"GET","url":"http:/","invalidateInfo":{"tags":["EAV_FORM_adminhtml_customer_FORM","FPC"],"mode":"matchingTag"}} []
[2025-05-02T02:08:07.241848+00:00] main.DEBUG: cache_invalidate:  {"method":"GET","url":"http:/","invalidateInfo":{"tags":["EAV_ATTRIBUTE_customer_disable_auto_group_change","FPC"],"mode":"matchingTag"}} []
[2025-05-02T02:08:07.270884+00:00] main.DEBUG: cache_invalidate:  {"method":"GET","url":"http:/","invalidateInfo":{"tags":["EAV","EAV_ATTRIBUTE"],"mode":"matchingAnyTag"}} []
[2025-05-02T02:08:07.271843+00:00] main.DEBUG: cache_invalidate:  {"method":"GET","url":"http:/","invalidateInfo":{"tags":["EAV","EAV_ATTRIBUTE"],"mode":"matchingAnyTag"}} []
[2025-05-02T02:08:07.272219+00:00] main.DEBUG: cache_invalidate:  {"method":"GET","url":"http:/","invalidateInfo":{"tags":["EAV","EAV_ATTRIBUTE"],"mode":"matchingAnyTag"}} []
[2025-05-02T02:08:07.272560+00:00] main.DEBUG: cache_invalidate:  {"method":"GET","url":"http:/","invalidateInfo":{"tags":["EAV_ATTRIBUTE"],"mode":"matchingAnyTag"}} []
[2025-05-02T02:08:07.273342+00:00] main.DEBUG: cache_invalidate:  {"method":"GET","url":"http:/","invalidateInfo":{"tags":["EAV_ATTRIBUTE_36","FPC"],"mode":"matchingTag"}} []
[2025-05-02T02:08:07.273545+00:00] main.DEBUG: cache_invalidate:  {"method":"GET","url":"http:/","invalidateInfo":{"tags":["EAV_ENTITY_TYPES_CUSTOMER_ADDRESS_ENTITY","FPC"],"mode":"matchingTag"}} []
[2025-05-02T02:08:07.273725+00:00] main.DEBUG: cache_invalidate:  {"method":"GET","url":"http:/","invalidateInfo":{"tags":["EAV_FORM_adminhtml_customer_address_FORM","FPC"],"mode":"matchingTag"}} []
[2025-05-02T02:08:07.273901+00:00] main.DEBUG: cache_invalidate:  {"method":"GET","url":"http:/","invalidateInfo":{"tags":["EAV_FORM_customer_address_edit_FORM","FPC"],"mode":"matchingTag"}} []
[2025-05-02T02:08:07.274072+00:00] main.DEBUG: cache_invalidate:  {"method":"GET","url":"http:/","invalidateInfo":{"tags":["EAV_FORM_customer_register_address_FORM","FPC"],"mode":"matchingTag"}} []
[2025-05-02T02:08:07.274246+00:00] main.DEBUG: cache_invalidate:  {"method":"GET","url":"http:/","invalidateInfo":{"tags":["EAV_ATTRIBUTE_customer_address_vat_id","FPC"],"mode":"matchingTag"}} []
[2025-05-02T02:08:07.275648+00:00] main.DEBUG: cache_invalidate:  {"method":"GET","url":"http:/","invalidateInfo":{"tags":["EAV","EAV_ATTRIBUTE"],"mode":"matchingAnyTag"}} []
[2025-05-02T02:08:07.276964+00:00] main.DEBUG: cache_invalidate:  {"method":"GET","url":"http:/","invalidateInfo":{"tags":["EAV","EAV_ATTRIBUTE"],"mode":"matchingAnyTag"}} []
[2025-05-02T02:08:07.287497+00:00] main.DEBUG: cache_invalidate:  {"method":"GET","url":"http:/","invalidateInfo":{"tags":["EAV_ATTRIBUTE_21","FPC"],"mode":"matchingTag"}} []
[2025-05-02T02:08:07.287714+00:00] main.DEBUG: cache_invalidate:  {"method":"GET","url":"http:/","invalidateInfo":{"tags":["EAV_ATTRIBUTE_customer_disable_auto_group_change","FPC"],"mode":"matchingTag"}} []
[2025-05-02T02:08:07.288165+00:00] main.DEBUG: cache_invalidate:  {"method":"GET","url":"http:/","invalidateInfo":{"tags":["EAV_ATTRIBUTE_36","FPC"],"mode":"matchingTag"}} []
[2025-05-02T02:08:07.288361+00:00] main.DEBUG: cache_invalidate:  {"method":"GET","url":"http:/","invalidateInfo":{"tags":["EAV_ATTRIBUTE_customer_address_vat_id","FPC"],"mode":"matchingTag"}} []
[2025-05-02T02:08:07.300519+00:00] main.DEBUG: cache_invalidate:  {"method":"GET","url":"http:/","invalidateInfo":{"tags":["EAV","EAV_ATTRIBUTE"],"mode":"matchingAnyTag"}} []
[2025-05-02T02:08:07.301263+00:00] main.DEBUG: cache_invalidate:  {"method":"GET","url":"http:/","invalidateInfo":{"tags":["EAV","EAV_ATTRIBUTE"],"mode":"matchingAnyTag"}} []
[2025-05-02T02:08:07.301608+00:00] main.DEBUG: cache_invalidate:  {"method":"GET","url":"http:/","invalidateInfo":{"tags":["EAV","EAV_ATTRIBUTE"],"mode":"matchingAnyTag"}} []
[2025-05-02T02:08:07.301897+00:00] main.DEBUG: cache_invalidate:  {"method":"GET","url":"http:/","invalidateInfo":{"tags":["EAV_ATTRIBUTE"],"mode":"matchingAnyTag"}} []
[2025-05-02T02:08:07.302647+00:00] main.DEBUG: cache_invalidate:  {"method":"GET","url":"http:/","invalidateInfo":{"tags":["EAV_ATTRIBUTE_1","FPC"],"mode":"matchingTag"}} []
[2025-05-02T02:08:07.302844+00:00] main.DEBUG: cache_invalidate:  {"method":"GET","url":"http:/","invalidateInfo":{"tags":["EAV_ENTITY_TYPES_CUSTOMER_ENTITY","FPC"],"mode":"matchingTag"}} []
[2025-05-02T02:08:07.303024+00:00] main.DEBUG: cache_invalidate:  {"method":"GET","url":"http:/","invalidateInfo":{"tags":["EAV_FORM_adminhtml_customer_FORM","FPC"],"mode":"matchingTag"}} []
[2025-05-02T02:08:07.303199+00:00] main.DEBUG: cache_invalidate:  {"method":"GET","url":"http:/","invalidateInfo":{"tags":["EAV_ATTRIBUTE_customer_website_id","FPC"],"mode":"matchingTag"}} []
[2025-05-02T02:08:07.308632+00:00] main.DEBUG: cache_invalidate:  {"method":"GET","url":"http:/","invalidateInfo":{"tags":["EAV","EAV_ATTRIBUTE"],"mode":"matchingAnyTag"}} []
[2025-05-02T02:08:07.309563+00:00] main.DEBUG: cache_invalidate:  {"method":"GET","url":"http:/","invalidateInfo":{"tags":["EAV","EAV_ATTRIBUTE"],"mode":"matchingAnyTag"}} []
[2025-05-02T02:08:07.309927+00:00] main.DEBUG: cache_invalidate:  {"method":"GET","url":"http:/","invalidateInfo":{"tags":["EAV","EAV_ATTRIBUTE"],"mode":"matchingAnyTag"}} []
[2025-05-02T02:08:07.310222+00:00] main.DEBUG: cache_invalidate:  {"method":"GET","url":"http:/","invalidateInfo":{"tags":["EAV_ATTRIBUTE"],"mode":"matchingAnyTag"}} []
[2025-05-02T02:08:07.311027+00:00] main.DEBUG: cache_invalidate:  {"method":"GET","url":"http:/","invalidateInfo":{"tags":["EAV_ATTRIBUTE_3","FPC"],"mode":"matchingTag"}} []
[2025-05-02T02:08:07.311223+00:00] main.DEBUG: cache_invalidate:  {"method":"GET","url":"http:/","invalidateInfo":{"tags":["EAV_ENTITY_TYPES_CUSTOMER_ENTITY","FPC"],"mode":"matchingTag"}} []
[2025-05-02T02:08:07.311402+00:00] main.DEBUG: cache_invalidate:  {"method":"GET","url":"http:/","invalidateInfo":{"tags":["EAV_FORM_adminhtml_customer_FORM","FPC"],"mode":"matchingTag"}} []
[2025-05-02T02:08:07.311574+00:00] main.DEBUG: cache_invalidate:  {"method":"GET","url":"http:/","invalidateInfo":{"tags":["EAV_ATTRIBUTE_customer_created_in","FPC"],"mode":"matchingTag"}} []
[2025-05-02T02:08:07.316496+00:00] main.DEBUG: cache_invalidate:  {"method":"GET","url":"http:/","invalidateInfo":{"tags":["EAV","EAV_ATTRIBUTE"],"mode":"matchingAnyTag"}} []
[2025-05-02T02:08:07.317258+00:00] main.DEBUG: cache_invalidate:  {"method":"GET","url":"http:/","invalidateInfo":{"tags":["EAV","EAV_ATTRIBUTE"],"mode":"matchingAnyTag"}} []
[2025-05-02T02:08:07.317601+00:00] main.DEBUG: cache_invalidate:  {"method":"GET","url":"http:/","invalidateInfo":{"tags":["EAV","EAV_ATTRIBUTE"],"mode":"matchingAnyTag"}} []
[2025-05-02T02:08:07.317891+00:00] main.DEBUG: cache_invalidate:  {"method":"GET","url":"http:/","invalidateInfo":{"tags":["EAV_ATTRIBUTE"],"mode":"matchingAnyTag"}} []
[2025-05-02T02:08:07.318692+00:00] main.DEBUG: cache_invalidate:  {"method":"GET","url":"http:/","invalidateInfo":{"tags":["EAV_ATTRIBUTE_9","FPC"],"mode":"matchingTag"}} []
[2025-05-02T02:08:07.318895+00:00] main.DEBUG: cache_invalidate:  {"method":"GET","url":"http:/","invalidateInfo":{"tags":["EAV_ENTITY_TYPES_CUSTOMER_ENTITY","FPC"],"mode":"matchingTag"}} []
[2025-05-02T02:08:07.319076+00:00] main.DEBUG: cache_invalidate:  {"method":"GET","url":"http:/","invalidateInfo":{"tags":["EAV_FORM_adminhtml_checkout_FORM","FPC"],"mode":"matchingTag"}} []
[2025-05-02T02:08:07.319251+00:00] main.DEBUG: cache_invalidate:  {"method":"GET","url":"http:/","invalidateInfo":{"tags":["EAV_FORM_adminhtml_customer_FORM","FPC"],"mode":"matchingTag"}} []
[2025-05-02T02:08:07.319424+00:00] main.DEBUG: cache_invalidate:  {"method":"GET","url":"http:/","invalidateInfo":{"tags":["EAV_FORM_checkout_register_FORM","FPC"],"mode":"matchingTag"}} []
[2025-05-02T02:08:07.319596+00:00] main.DEBUG: cache_invalidate:  {"method":"GET","url":"http:/","invalidateInfo":{"tags":["EAV_FORM_customer_account_create_FORM","FPC"],"mode":"matchingTag"}} []
[2025-05-02T02:08:07.319768+00:00] main.DEBUG: cache_invalidate:  {"method":"GET","url":"http:/","invalidateInfo":{"tags":["EAV_FORM_customer_account_edit_FORM","FPC"],"mode":"matchingTag"}} []
[2025-05-02T02:08:07.319936+00:00] main.DEBUG: cache_invalidate:  {"method":"GET","url":"http:/","invalidateInfo":{"tags":["EAV_ATTRIBUTE_customer_email","FPC"],"mode":"matchingTag"}} []
[2025-05-02T02:08:07.325407+00:00] main.DEBUG: cache_invalidate:  {"method":"GET","url":"http:/","invalidateInfo":{"tags":["EAV","EAV_ATTRIBUTE"],"mode":"matchingAnyTag"}} []
[2025-05-02T02:08:07.326241+00:00] main.DEBUG: cache_invalidate:  {"method":"GET","url":"http:/","invalidateInfo":{"tags":["EAV","EAV_ATTRIBUTE"],"mode":"matchingAnyTag"}} []
[2025-05-02T02:08:07.326591+00:00] main.DEBUG: cache_invalidate:  {"method":"GET","url":"http:/","invalidateInfo":{"tags":["EAV","EAV_ATTRIBUTE"],"mode":"matchingAnyTag"}} []
[2025-05-02T02:08:07.326884+00:00] main.DEBUG: cache_invalidate:  {"method":"GET","url":"http:/","invalidateInfo":{"tags":["EAV_ATTRIBUTE"],"mode":"matchingAnyTag"}} []
[2025-05-02T02:08:07.327716+00:00] main.DEBUG: cache_invalidate:  {"method":"GET","url":"http:/","invalidateInfo":{"tags":["EAV_ATTRIBUTE_10","FPC"],"mode":"matchingTag"}} []
[2025-05-02T02:08:07.327941+00:00] main.DEBUG: cache_invalidate:  {"method":"GET","url":"http:/","invalidateInfo":{"tags":["EAV_ENTITY_TYPES_CUSTOMER_ENTITY","FPC"],"mode":"matchingTag"}} []
[2025-05-02T02:08:07.328124+00:00] main.DEBUG: cache_invalidate:  {"method":"GET","url":"http:/","invalidateInfo":{"tags":["EAV_FORM_adminhtml_checkout_FORM","FPC"],"mode":"matchingTag"}} []
[2025-05-02T02:08:07.328299+00:00] main.DEBUG: cache_invalidate:  {"method":"GET","url":"http:/","invalidateInfo":{"tags":["EAV_FORM_adminhtml_customer_FORM","FPC"],"mode":"matchingTag"}} []
[2025-05-02T02:08:07.328471+00:00] main.DEBUG: cache_invalidate:  {"method":"GET","url":"http:/","invalidateInfo":{"tags":["EAV_ATTRIBUTE_customer_group_id","FPC"],"mode":"matchingTag"}} []
[2025-05-02T02:08:07.333703+00:00] main.DEBUG: cache_invalidate:  {"method":"GET","url":"http:/","invalidateInfo":{"tags":["EAV","EAV_ATTRIBUTE"],"mode":"matchingAnyTag"}} []
[2025-05-02T02:08:07.334500+00:00] main.DEBUG: cache_invalidate:  {"method":"GET","url":"http:/","invalidateInfo":{"tags":["EAV","EAV_ATTRIBUTE"],"mode":"matchingAnyTag"}} []
[2025-05-02T02:08:07.334848+00:00] main.DEBUG: cache_invalidate:  {"method":"GET","url":"http:/","invalidateInfo":{"tags":["EAV","EAV_ATTRIBUTE"],"mode":"matchingAnyTag"}} []
[2025-05-02T02:08:07.335134+00:00] main.DEBUG: cache_invalidate:  {"method":"GET","url":"http:/","invalidateInfo":{"tags":["EAV_ATTRIBUTE"],"mode":"matchingAnyTag"}} []
[2025-05-02T02:08:07.335937+00:00] main.DEBUG: cache_invalidate:  {"method":"GET","url":"http:/","invalidateInfo":{"tags":["EAV_ATTRIBUTE_11","FPC"],"mode":"matchingTag"}} []
[2025-05-02T02:08:07.336136+00:00] main.DEBUG: cache_invalidate:  {"method":"GET","url":"http:/","invalidateInfo":{"tags":["EAV_ENTITY_TYPES_CUSTOMER_ENTITY","FPC"],"mode":"matchingTag"}} []
[2025-05-02T02:08:07.336317+00:00] main.DEBUG: cache_invalidate:  {"method":"GET","url":"http:/","invalidateInfo":{"tags":["EAV_FORM_adminhtml_checkout_FORM","FPC"],"mode":"matchingTag"}} []
[2025-05-02T02:08:07.336493+00:00] main.DEBUG: cache_invalidate:  {"method":"GET","url":"http:/","invalidateInfo":{"tags":["EAV_FORM_adminhtml_customer_FORM","FPC"],"mode":"matchingTag"}} []
[2025-05-02T02:08:07.336666+00:00] main.DEBUG: cache_invalidate:  {"method":"GET","url":"http:/","invalidateInfo":{"tags":["EAV_FORM_checkout_register_FORM","FPC"],"mode":"matchingTag"}} []
[2025-05-02T02:08:07.336838+00:00] main.DEBUG: cache_invalidate:  {"method":"GET","url":"http:/","invalidateInfo":{"tags":["EAV_FORM_customer_account_create_FORM","FPC"],"mode":"matchingTag"}} []
[2025-05-02T02:08:07.337008+00:00] main.DEBUG: cache_invalidate:  {"method":"GET","url":"http:/","invalidateInfo":{"tags":["EAV_FORM_customer_account_edit_FORM","FPC"],"mode":"matchingTag"}} []
[2025-05-02T02:08:07.337175+00:00] main.DEBUG: cache_invalidate:  {"method":"GET","url":"http:/","invalidateInfo":{"tags":["EAV_ATTRIBUTE_customer_dob","FPC"],"mode":"matchingTag"}} []
[2025-05-02T02:08:07.342871+00:00] main.DEBUG: cache_invalidate:  {"method":"GET","url":"http:/","invalidateInfo":{"tags":["EAV","EAV_ATTRIBUTE"],"mode":"matchingAnyTag"}} []
[2025-05-02T02:08:07.343741+00:00] main.DEBUG: cache_invalidate:  {"method":"GET","url":"http:/","invalidateInfo":{"tags":["EAV","EAV_ATTRIBUTE"],"mode":"matchingAnyTag"}} []
[2025-05-02T02:08:07.344101+00:00] main.DEBUG: cache_invalidate:  {"method":"GET","url":"http:/","invalidateInfo":{"tags":["EAV","EAV_ATTRIBUTE"],"mode":"matchingAnyTag"}} []
[2025-05-02T02:08:07.344397+00:00] main.DEBUG: cache_invalidate:  {"method":"GET","url":"http:/","invalidateInfo":{"tags":["EAV_ATTRIBUTE"],"mode":"matchingAnyTag"}} []
[2025-05-02T02:08:07.345394+00:00] main.DEBUG: cache_invalidate:  {"method":"GET","url":"http:/","invalidateInfo":{"tags":["EAV_ATTRIBUTE_17","FPC"],"mode":"matchingTag"}} []
[2025-05-02T02:08:07.345653+00:00] main.DEBUG: cache_invalidate:  {"method":"GET","url":"http:/","invalidateInfo":{"tags":["EAV_ENTITY_TYPES_CUSTOMER_ENTITY","FPC"],"mode":"matchingTag"}} []
[2025-05-02T02:08:07.345846+00:00] main.DEBUG: cache_invalidate:  {"method":"GET","url":"http:/","invalidateInfo":{"tags":["EAV_FORM_adminhtml_checkout_FORM","FPC"],"mode":"matchingTag"}} []
[2025-05-02T02:08:07.346024+00:00] main.DEBUG: cache_invalidate:  {"method":"GET","url":"http:/","invalidateInfo":{"tags":["EAV_FORM_adminhtml_customer_FORM","FPC"],"mode":"matchingTag"}} []
[2025-05-02T02:08:07.346198+00:00] main.DEBUG: cache_invalidate:  {"method":"GET","url":"http:/","invalidateInfo":{"tags":["EAV_FORM_checkout_register_FORM","FPC"],"mode":"matchingTag"}} []
[2025-05-02T02:08:07.346371+00:00] main.DEBUG: cache_invalidate:  {"method":"GET","url":"http:/","invalidateInfo":{"tags":["EAV_FORM_customer_account_create_FORM","FPC"],"mode":"matchingTag"}} []
[2025-05-02T02:08:07.346541+00:00] main.DEBUG: cache_invalidate:  {"method":"GET","url":"http:/","invalidateInfo":{"tags":["EAV_FORM_customer_account_edit_FORM","FPC"],"mode":"matchingTag"}} []
[2025-05-02T02:08:07.346713+00:00] main.DEBUG: cache_invalidate:  {"method":"GET","url":"http:/","invalidateInfo":{"tags":["EAV_ATTRIBUTE_customer_taxvat","FPC"],"mode":"matchingTag"}} []
[2025-05-02T02:08:07.351981+00:00] main.DEBUG: cache_invalidate:  {"method":"GET","url":"http:/","invalidateInfo":{"tags":["EAV","EAV_ATTRIBUTE"],"mode":"matchingAnyTag"}} []
[2025-05-02T02:08:07.352704+00:00] main.DEBUG: cache_invalidate:  {"method":"GET","url":"http:/","invalidateInfo":{"tags":["EAV","EAV_ATTRIBUTE"],"mode":"matchingAnyTag"}} []
[2025-05-02T02:08:07.353048+00:00] main.DEBUG: cache_invalidate:  {"method":"GET","url":"http:/","invalidateInfo":{"tags":["EAV","EAV_ATTRIBUTE"],"mode":"matchingAnyTag"}} []
[2025-05-02T02:08:07.353335+00:00] main.DEBUG: cache_invalidate:  {"method":"GET","url":"http:/","invalidateInfo":{"tags":["EAV_ATTRIBUTE"],"mode":"matchingAnyTag"}} []
[2025-05-02T02:08:07.354148+00:00] main.DEBUG: cache_invalidate:  {"method":"GET","url":"http:/","invalidateInfo":{"tags":["EAV_ATTRIBUTE_18","FPC"],"mode":"matchingTag"}} []
[2025-05-02T02:08:07.354347+00:00] main.DEBUG: cache_invalidate:  {"method":"GET","url":"http:/","invalidateInfo":{"tags":["EAV_ENTITY_TYPES_CUSTOMER_ENTITY","FPC"],"mode":"matchingTag"}} []
[2025-05-02T02:08:07.354526+00:00] main.DEBUG: cache_invalidate:  {"method":"GET","url":"http:/","invalidateInfo":{"tags":["EAV_ATTRIBUTE_customer_confirmation","FPC"],"mode":"matchingTag"}} []
[2025-05-02T02:08:07.360312+00:00] main.DEBUG: cache_invalidate:  {"method":"GET","url":"http:/","invalidateInfo":{"tags":["EAV","EAV_ATTRIBUTE"],"mode":"matchingAnyTag"}} []
[2025-05-02T02:08:07.361142+00:00] main.DEBUG: cache_invalidate:  {"method":"GET","url":"http:/","invalidateInfo":{"tags":["EAV","EAV_ATTRIBUTE"],"mode":"matchingAnyTag"}} []
[2025-05-02T02:08:07.361501+00:00] main.DEBUG: cache_invalidate:  {"method":"GET","url":"http:/","invalidateInfo":{"tags":["EAV","EAV_ATTRIBUTE"],"mode":"matchingAnyTag"}} []
[2025-05-02T02:08:07.361800+00:00] main.DEBUG: cache_invalidate:  {"method":"GET","url":"http:/","invalidateInfo":{"tags":["EAV_ATTRIBUTE"],"mode":"matchingAnyTag"}} []
[2025-05-02T02:08:07.362591+00:00] main.DEBUG: cache_invalidate:  {"method":"GET","url":"http:/","invalidateInfo":{"tags":["EAV_ATTRIBUTE_19","FPC"],"mode":"matchingTag"}} []
[2025-05-02T02:08:07.362788+00:00] main.DEBUG: cache_invalidate:  {"method":"GET","url":"http:/","invalidateInfo":{"tags":["EAV_ENTITY_TYPES_CUSTOMER_ENTITY","FPC"],"mode":"matchingTag"}} []
[2025-05-02T02:08:07.362968+00:00] main.DEBUG: cache_invalidate:  {"method":"GET","url":"http:/","invalidateInfo":{"tags":["EAV_FORM_adminhtml_customer_FORM","FPC"],"mode":"matchingTag"}} []
[2025-05-02T02:08:07.363142+00:00] main.DEBUG: cache_invalidate:  {"method":"GET","url":"http:/","invalidateInfo":{"tags":["EAV_FORM_checkout_register_FORM","FPC"],"mode":"matchingTag"}} []
[2025-05-02T02:08:07.363317+00:00] main.DEBUG: cache_invalidate:  {"method":"GET","url":"http:/","invalidateInfo":{"tags":["EAV_FORM_customer_account_create_FORM","FPC"],"mode":"matchingTag"}} []
[2025-05-02T02:08:07.363489+00:00] main.DEBUG: cache_invalidate:  {"method":"GET","url":"http:/","invalidateInfo":{"tags":["EAV_FORM_customer_account_edit_FORM","FPC"],"mode":"matchingTag"}} []
[2025-05-02T02:08:07.363660+00:00] main.DEBUG: cache_invalidate:  {"method":"GET","url":"http:/","invalidateInfo":{"tags":["EAV_ATTRIBUTE_customer_created_at","FPC"],"mode":"matchingTag"}} []
[2025-05-02T02:08:07.368410+00:00] main.DEBUG: cache_invalidate:  {"method":"GET","url":"http:/","invalidateInfo":{"tags":["EAV","EAV_ATTRIBUTE"],"mode":"matchingAnyTag"}} []
[2025-05-02T02:08:07.369116+00:00] main.DEBUG: cache_invalidate:  {"method":"GET","url":"http:/","invalidateInfo":{"tags":["EAV","EAV_ATTRIBUTE"],"mode":"matchingAnyTag"}} []
[2025-05-02T02:08:07.369459+00:00] main.DEBUG: cache_invalidate:  {"method":"GET","url":"http:/","invalidateInfo":{"tags":["EAV","EAV_ATTRIBUTE"],"mode":"matchingAnyTag"}} []
[2025-05-02T02:08:07.369748+00:00] main.DEBUG: cache_invalidate:  {"method":"GET","url":"http:/","invalidateInfo":{"tags":["EAV_ATTRIBUTE"],"mode":"matchingAnyTag"}} []
[2025-05-02T02:08:07.370455+00:00] main.DEBUG: cache_invalidate:  {"method":"GET","url":"http:/","invalidateInfo":{"tags":["EAV_ATTRIBUTE_20","FPC"],"mode":"matchingTag"}} []
[2025-05-02T02:08:07.370652+00:00] main.DEBUG: cache_invalidate:  {"method":"GET","url":"http:/","invalidateInfo":{"tags":["EAV_ENTITY_TYPES_CUSTOMER_ENTITY","FPC"],"mode":"matchingTag"}} []
[2025-05-02T02:08:07.370831+00:00] main.DEBUG: cache_invalidate:  {"method":"GET","url":"http:/","invalidateInfo":{"tags":["EAV_FORM_adminhtml_checkout_FORM","FPC"],"mode":"matchingTag"}} []
[2025-05-02T02:08:07.371006+00:00] main.DEBUG: cache_invalidate:  {"method":"GET","url":"http:/","invalidateInfo":{"tags":["EAV_FORM_adminhtml_customer_FORM","FPC"],"mode":"matchingTag"}} []
[2025-05-02T02:08:07.371178+00:00] main.DEBUG: cache_invalidate:  {"method":"GET","url":"http:/","invalidateInfo":{"tags":["EAV_FORM_checkout_register_FORM","FPC"],"mode":"matchingTag"}} []
[2025-05-02T02:08:07.371348+00:00] main.DEBUG: cache_invalidate:  {"method":"GET","url":"http:/","invalidateInfo":{"tags":["EAV_FORM_customer_account_create_FORM","FPC"],"mode":"matchingTag"}} []
[2025-05-02T02:08:07.371517+00:00] main.DEBUG: cache_invalidate:  {"method":"GET","url":"http:/","invalidateInfo":{"tags":["EAV_FORM_customer_account_edit_FORM","FPC"],"mode":"matchingTag"}} []
[2025-05-02T02:08:07.371691+00:00] main.DEBUG: cache_invalidate:  {"method":"GET","url":"http:/","invalidateInfo":{"tags":["EAV_ATTRIBUTE_customer_gender","FPC"],"mode":"matchingTag"}} []
[2025-05-02T02:08:07.385523+00:00] main.DEBUG: cache_invalidate:  {"method":"GET","url":"http:/","invalidateInfo":{"tags":["EAV","EAV_ATTRIBUTE"],"mode":"matchingAnyTag"}} []
[2025-05-02T02:08:07.386254+00:00] main.DEBUG: cache_invalidate:  {"method":"GET","url":"http:/","invalidateInfo":{"tags":["EAV","EAV_ATTRIBUTE"],"mode":"matchingAnyTag"}} []
[2025-05-02T02:08:07.386597+00:00] main.DEBUG: cache_invalidate:  {"method":"GET","url":"http:/","invalidateInfo":{"tags":["EAV","EAV_ATTRIBUTE"],"mode":"matchingAnyTag"}} []
[2025-05-02T02:08:07.386884+00:00] main.DEBUG: cache_invalidate:  {"method":"GET","url":"http:/","invalidateInfo":{"tags":["EAV_ATTRIBUTE"],"mode":"matchingAnyTag"}} []
[2025-05-02T02:08:07.387620+00:00] main.DEBUG: cache_invalidate:  {"method":"GET","url":"http:/","invalidateInfo":{"tags":["EAV_ATTRIBUTE_27","FPC"],"mode":"matchingTag"}} []
[2025-05-02T02:08:07.387817+00:00] main.DEBUG: cache_invalidate:  {"method":"GET","url":"http:/","invalidateInfo":{"tags":["EAV_ENTITY_TYPES_CUSTOMER_ADDRESS_ENTITY","FPC"],"mode":"matchingTag"}} []
[2025-05-02T02:08:07.387996+00:00] main.DEBUG: cache_invalidate:  {"method":"GET","url":"http:/","invalidateInfo":{"tags":["EAV_FORM_adminhtml_customer_address_FORM","FPC"],"mode":"matchingTag"}} []
[2025-05-02T02:08:07.388170+00:00] main.DEBUG: cache_invalidate:  {"method":"GET","url":"http:/","invalidateInfo":{"tags":["EAV_FORM_customer_address_edit_FORM","FPC"],"mode":"matchingTag"}} []
[2025-05-02T02:08:07.388346+00:00] main.DEBUG: cache_invalidate:  {"method":"GET","url":"http:/","invalidateInfo":{"tags":["EAV_FORM_customer_register_address_FORM","FPC"],"mode":"matchingTag"}} []
[2025-05-02T02:08:07.388521+00:00] main.DEBUG: cache_invalidate:  {"method":"GET","url":"http:/","invalidateInfo":{"tags":["EAV_ATTRIBUTE_customer_address_company","FPC"],"mode":"matchingTag"}} []
[2025-05-02T02:08:07.393690+00:00] main.DEBUG: cache_invalidate:  {"method":"GET","url":"http:/","invalidateInfo":{"tags":["EAV","EAV_ATTRIBUTE"],"mode":"matchingAnyTag"}} []
[2025-05-02T02:08:07.394433+00:00] main.DEBUG: cache_invalidate:  {"method":"GET","url":"http:/","invalidateInfo":{"tags":["EAV","EAV_ATTRIBUTE"],"mode":"matchingAnyTag"}} []
[2025-05-02T02:08:07.394782+00:00] main.DEBUG: cache_invalidate:  {"method":"GET","url":"http:/","invalidateInfo":{"tags":["EAV","EAV_ATTRIBUTE"],"mode":"matchingAnyTag"}} []
[2025-05-02T02:08:07.395070+00:00] main.DEBUG: cache_invalidate:  {"method":"GET","url":"http:/","invalidateInfo":{"tags":["EAV_ATTRIBUTE"],"mode":"matchingAnyTag"}} []
[2025-05-02T02:08:07.395827+00:00] main.DEBUG: cache_invalidate:  {"method":"GET","url":"http:/","invalidateInfo":{"tags":["EAV_ATTRIBUTE_28","FPC"],"mode":"matchingTag"}} []
[2025-05-02T02:08:07.396022+00:00] main.DEBUG: cache_invalidate:  {"method":"GET","url":"http:/","invalidateInfo":{"tags":["EAV_ENTITY_TYPES_CUSTOMER_ADDRESS_ENTITY","FPC"],"mode":"matchingTag"}} []
[2025-05-02T02:08:07.396201+00:00] main.DEBUG: cache_invalidate:  {"method":"GET","url":"http:/","invalidateInfo":{"tags":["EAV_FORM_adminhtml_customer_address_FORM","FPC"],"mode":"matchingTag"}} []
[2025-05-02T02:08:07.396377+00:00] main.DEBUG: cache_invalidate:  {"method":"GET","url":"http:/","invalidateInfo":{"tags":["EAV_FORM_customer_address_edit_FORM","FPC"],"mode":"matchingTag"}} []
[2025-05-02T02:08:07.396548+00:00] main.DEBUG: cache_invalidate:  {"method":"GET","url":"http:/","invalidateInfo":{"tags":["EAV_FORM_customer_register_address_FORM","FPC"],"mode":"matchingTag"}} []
[2025-05-02T02:08:07.396719+00:00] main.DEBUG: cache_invalidate:  {"method":"GET","url":"http:/","invalidateInfo":{"tags":["EAV_ATTRIBUTE_customer_address_street","FPC"],"mode":"matchingTag"}} []
[2025-05-02T02:08:07.401394+00:00] main.DEBUG: cache_invalidate:  {"method":"GET","url":"http:/","invalidateInfo":{"tags":["EAV","EAV_ATTRIBUTE"],"mode":"matchingAnyTag"}} []
[2025-05-02T02:08:07.402096+00:00] main.DEBUG: cache_invalidate:  {"method":"GET","url":"http:/","invalidateInfo":{"tags":["EAV","EAV_ATTRIBUTE"],"mode":"matchingAnyTag"}} []
[2025-05-02T02:08:07.402437+00:00] main.DEBUG: cache_invalidate:  {"method":"GET","url":"http:/","invalidateInfo":{"tags":["EAV","EAV_ATTRIBUTE"],"mode":"matchingAnyTag"}} []
[2025-05-02T02:08:07.402724+00:00] main.DEBUG: cache_invalidate:  {"method":"GET","url":"http:/","invalidateInfo":{"tags":["EAV_ATTRIBUTE"],"mode":"matchingAnyTag"}} []
[2025-05-02T02:08:07.403424+00:00] main.DEBUG: cache_invalidate:  {"method":"GET","url":"http:/","invalidateInfo":{"tags":["EAV_ATTRIBUTE_29","FPC"],"mode":"matchingTag"}} []
[2025-05-02T02:08:07.403618+00:00] main.DEBUG: cache_invalidate:  {"method":"GET","url":"http:/","invalidateInfo":{"tags":["EAV_ENTITY_TYPES_CUSTOMER_ADDRESS_ENTITY","FPC"],"mode":"matchingTag"}} []
[2025-05-02T02:08:07.403799+00:00] main.DEBUG: cache_invalidate:  {"method":"GET","url":"http:/","invalidateInfo":{"tags":["EAV_FORM_adminhtml_customer_address_FORM","FPC"],"mode":"matchingTag"}} []
[2025-05-02T02:08:07.403974+00:00] main.DEBUG: cache_invalidate:  {"method":"GET","url":"http:/","invalidateInfo":{"tags":["EAV_FORM_customer_address_edit_FORM","FPC"],"mode":"matchingTag"}} []
[2025-05-02T02:08:07.404144+00:00] main.DEBUG: cache_invalidate:  {"method":"GET","url":"http:/","invalidateInfo":{"tags":["EAV_FORM_customer_register_address_FORM","FPC"],"mode":"matchingTag"}} []
[2025-05-02T02:08:07.404313+00:00] main.DEBUG: cache_invalidate:  {"method":"GET","url":"http:/","invalidateInfo":{"tags":["EAV_ATTRIBUTE_customer_address_city","FPC"],"mode":"matchingTag"}} []
[2025-05-02T02:08:07.409250+00:00] main.DEBUG: cache_invalidate:  {"method":"GET","url":"http:/","invalidateInfo":{"tags":["EAV","EAV_ATTRIBUTE"],"mode":"matchingAnyTag"}} []
[2025-05-02T02:08:07.410052+00:00] main.DEBUG: cache_invalidate:  {"method":"GET","url":"http:/","invalidateInfo":{"tags":["EAV","EAV_ATTRIBUTE"],"mode":"matchingAnyTag"}} []
[2025-05-02T02:08:07.410399+00:00] main.DEBUG: cache_invalidate:  {"method":"GET","url":"http:/","invalidateInfo":{"tags":["EAV","EAV_ATTRIBUTE"],"mode":"matchingAnyTag"}} []
[2025-05-02T02:08:07.410687+00:00] main.DEBUG: cache_invalidate:  {"method":"GET","url":"http:/","invalidateInfo":{"tags":["EAV_ATTRIBUTE"],"mode":"matchingAnyTag"}} []
[2025-05-02T02:08:07.411487+00:00] main.DEBUG: cache_invalidate:  {"method":"GET","url":"http:/","invalidateInfo":{"tags":["EAV_ATTRIBUTE_30","FPC"],"mode":"matchingTag"}} []
[2025-05-02T02:08:07.411688+00:00] main.DEBUG: cache_invalidate:  {"method":"GET","url":"http:/","invalidateInfo":{"tags":["EAV_ENTITY_TYPES_CUSTOMER_ADDRESS_ENTITY","FPC"],"mode":"matchingTag"}} []
[2025-05-02T02:08:07.411885+00:00] main.DEBUG: cache_invalidate:  {"method":"GET","url":"http:/","invalidateInfo":{"tags":["EAV_FORM_adminhtml_customer_address_FORM","FPC"],"mode":"matchingTag"}} []
[2025-05-02T02:08:07.412059+00:00] main.DEBUG: cache_invalidate:  {"method":"GET","url":"http:/","invalidateInfo":{"tags":["EAV_FORM_customer_address_edit_FORM","FPC"],"mode":"matchingTag"}} []
[2025-05-02T02:08:07.412230+00:00] main.DEBUG: cache_invalidate:  {"method":"GET","url":"http:/","invalidateInfo":{"tags":["EAV_FORM_customer_register_address_FORM","FPC"],"mode":"matchingTag"}} []
[2025-05-02T02:08:07.412400+00:00] main.DEBUG: cache_invalidate:  {"method":"GET","url":"http:/","invalidateInfo":{"tags":["EAV_ATTRIBUTE_customer_address_country_id","FPC"],"mode":"matchingTag"}} []
[2025-05-02T02:08:07.417317+00:00] main.DEBUG: cache_invalidate:  {"method":"GET","url":"http:/","invalidateInfo":{"tags":["EAV","EAV_ATTRIBUTE"],"mode":"matchingAnyTag"}} []
[2025-05-02T02:08:07.418028+00:00] main.DEBUG: cache_invalidate:  {"method":"GET","url":"http:/","invalidateInfo":{"tags":["EAV","EAV_ATTRIBUTE"],"mode":"matchingAnyTag"}} []
[2025-05-02T02:08:07.418372+00:00] main.DEBUG: cache_invalidate:  {"method":"GET","url":"http:/","invalidateInfo":{"tags":["EAV","EAV_ATTRIBUTE"],"mode":"matchingAnyTag"}} []
[2025-05-02T02:08:07.418660+00:00] main.DEBUG: cache_invalidate:  {"method":"GET","url":"http:/","invalidateInfo":{"tags":["EAV_ATTRIBUTE"],"mode":"matchingAnyTag"}} []
[2025-05-02T02:08:07.419405+00:00] main.DEBUG: cache_invalidate:  {"method":"GET","url":"http:/","invalidateInfo":{"tags":["EAV_ATTRIBUTE_31","FPC"],"mode":"matchingTag"}} []
[2025-05-02T02:08:07.419600+00:00] main.DEBUG: cache_invalidate:  {"method":"GET","url":"http:/","invalidateInfo":{"tags":["EAV_ENTITY_TYPES_CUSTOMER_ADDRESS_ENTITY","FPC"],"mode":"matchingTag"}} []
[2025-05-02T02:08:07.419780+00:00] main.DEBUG: cache_invalidate:  {"method":"GET","url":"http:/","invalidateInfo":{"tags":["EAV_FORM_adminhtml_customer_address_FORM","FPC"],"mode":"matchingTag"}} []
[2025-05-02T02:08:07.419953+00:00] main.DEBUG: cache_invalidate:  {"method":"GET","url":"http:/","invalidateInfo":{"tags":["EAV_FORM_customer_address_edit_FORM","FPC"],"mode":"matchingTag"}} []
[2025-05-02T02:08:07.420123+00:00] main.DEBUG: cache_invalidate:  {"method":"GET","url":"http:/","invalidateInfo":{"tags":["EAV_FORM_customer_register_address_FORM","FPC"],"mode":"matchingTag"}} []
[2025-05-02T02:08:07.420292+00:00] main.DEBUG: cache_invalidate:  {"method":"GET","url":"http:/","invalidateInfo":{"tags":["EAV_ATTRIBUTE_customer_address_region","FPC"],"mode":"matchingTag"}} []
[2025-05-02T02:08:07.425236+00:00] main.DEBUG: cache_invalidate:  {"method":"GET","url":"http:/","invalidateInfo":{"tags":["EAV","EAV_ATTRIBUTE"],"mode":"matchingAnyTag"}} []
[2025-05-02T02:08:07.426004+00:00] main.DEBUG: cache_invalidate:  {"method":"GET","url":"http:/","invalidateInfo":{"tags":["EAV","EAV_ATTRIBUTE"],"mode":"matchingAnyTag"}} []
[2025-05-02T02:08:07.426377+00:00] main.DEBUG: cache_invalidate:  {"method":"GET","url":"http:/","invalidateInfo":{"tags":["EAV","EAV_ATTRIBUTE"],"mode":"matchingAnyTag"}} []
[2025-05-02T02:08:07.426670+00:00] main.DEBUG: cache_invalidate:  {"method":"GET","url":"http:/","invalidateInfo":{"tags":["EAV_ATTRIBUTE"],"mode":"matchingAnyTag"}} []
[2025-05-02T02:08:07.427443+00:00] main.DEBUG: cache_invalidate:  {"method":"GET","url":"http:/","invalidateInfo":{"tags":["EAV_ATTRIBUTE_32","FPC"],"mode":"matchingTag"}} []
[2025-05-02T02:08:07.427637+00:00] main.DEBUG: cache_invalidate:  {"method":"GET","url":"http:/","invalidateInfo":{"tags":["EAV_ENTITY_TYPES_CUSTOMER_ADDRESS_ENTITY","FPC"],"mode":"matchingTag"}} []
[2025-05-02T02:08:07.427817+00:00] main.DEBUG: cache_invalidate:  {"method":"GET","url":"http:/","invalidateInfo":{"tags":["EAV_FORM_adminhtml_customer_address_FORM","FPC"],"mode":"matchingTag"}} []
[2025-05-02T02:08:07.427991+00:00] main.DEBUG: cache_invalidate:  {"method":"GET","url":"http:/","invalidateInfo":{"tags":["EAV_FORM_customer_address_edit_FORM","FPC"],"mode":"matchingTag"}} []
[2025-05-02T02:08:07.428161+00:00] main.DEBUG: cache_invalidate:  {"method":"GET","url":"http:/","invalidateInfo":{"tags":["EAV_FORM_customer_register_address_FORM","FPC"],"mode":"matchingTag"}} []
[2025-05-02T02:08:07.428329+00:00] main.DEBUG: cache_invalidate:  {"method":"GET","url":"http:/","invalidateInfo":{"tags":["EAV_ATTRIBUTE_customer_address_region_id","FPC"],"mode":"matchingTag"}} []
[2025-05-02T02:08:07.433011+00:00] main.DEBUG: cache_invalidate:  {"method":"GET","url":"http:/","invalidateInfo":{"tags":["EAV","EAV_ATTRIBUTE"],"mode":"matchingAnyTag"}} []
[2025-05-02T02:08:07.433712+00:00] main.DEBUG: cache_invalidate:  {"method":"GET","url":"http:/","invalidateInfo":{"tags":["EAV","EAV_ATTRIBUTE"],"mode":"matchingAnyTag"}} []
[2025-05-02T02:08:07.434053+00:00] main.DEBUG: cache_invalidate:  {"method":"GET","url":"http:/","invalidateInfo":{"tags":["EAV","EAV_ATTRIBUTE"],"mode":"matchingAnyTag"}} []
[2025-05-02T02:08:07.434338+00:00] main.DEBUG: cache_invalidate:  {"method":"GET","url":"http:/","invalidateInfo":{"tags":["EAV_ATTRIBUTE"],"mode":"matchingAnyTag"}} []
[2025-05-02T02:08:07.435034+00:00] main.DEBUG: cache_invalidate:  {"method":"GET","url":"http:/","invalidateInfo":{"tags":["EAV_ATTRIBUTE_33","FPC"],"mode":"matchingTag"}} []
[2025-05-02T02:08:07.435227+00:00] main.DEBUG: cache_invalidate:  {"method":"GET","url":"http:/","invalidateInfo":{"tags":["EAV_ENTITY_TYPES_CUSTOMER_ADDRESS_ENTITY","FPC"],"mode":"matchingTag"}} []
[2025-05-02T02:08:07.435406+00:00] main.DEBUG: cache_invalidate:  {"method":"GET","url":"http:/","invalidateInfo":{"tags":["EAV_FORM_adminhtml_customer_address_FORM","FPC"],"mode":"matchingTag"}} []
[2025-05-02T02:08:07.435580+00:00] main.DEBUG: cache_invalidate:  {"method":"GET","url":"http:/","invalidateInfo":{"tags":["EAV_FORM_customer_address_edit_FORM","FPC"],"mode":"matchingTag"}} []
[2025-05-02T02:08:07.435753+00:00] main.DEBUG: cache_invalidate:  {"method":"GET","url":"http:/","invalidateInfo":{"tags":["EAV_FORM_customer_register_address_FORM","FPC"],"mode":"matchingTag"}} []
[2025-05-02T02:08:07.435923+00:00] main.DEBUG: cache_invalidate:  {"method":"GET","url":"http:/","invalidateInfo":{"tags":["EAV_ATTRIBUTE_customer_address_postcode","FPC"],"mode":"matchingTag"}} []
[2025-05-02T02:08:07.441099+00:00] main.DEBUG: cache_invalidate:  {"method":"GET","url":"http:/","invalidateInfo":{"tags":["EAV","EAV_ATTRIBUTE"],"mode":"matchingAnyTag"}} []
[2025-05-02T02:08:07.441966+00:00] main.DEBUG: cache_invalidate:  {"method":"GET","url":"http:/","invalidateInfo":{"tags":["EAV","EAV_ATTRIBUTE"],"mode":"matchingAnyTag"}} []
[2025-05-02T02:08:07.442323+00:00] main.DEBUG: cache_invalidate:  {"method":"GET","url":"http:/","invalidateInfo":{"tags":["EAV","EAV_ATTRIBUTE"],"mode":"matchingAnyTag"}} []
[2025-05-02T02:08:07.442620+00:00] main.DEBUG: cache_invalidate:  {"method":"GET","url":"http:/","invalidateInfo":{"tags":["EAV_ATTRIBUTE"],"mode":"matchingAnyTag"}} []
[2025-05-02T02:08:07.443413+00:00] main.DEBUG: cache_invalidate:  {"method":"GET","url":"http:/","invalidateInfo":{"tags":["EAV_ATTRIBUTE_34","FPC"],"mode":"matchingTag"}} []
[2025-05-02T02:08:07.443611+00:00] main.DEBUG: cache_invalidate:  {"method":"GET","url":"http:/","invalidateInfo":{"tags":["EAV_ENTITY_TYPES_CUSTOMER_ADDRESS_ENTITY","FPC"],"mode":"matchingTag"}} []
[2025-05-02T02:08:07.443791+00:00] main.DEBUG: cache_invalidate:  {"method":"GET","url":"http:/","invalidateInfo":{"tags":["EAV_FORM_adminhtml_customer_address_FORM","FPC"],"mode":"matchingTag"}} []
[2025-05-02T02:08:07.443965+00:00] main.DEBUG: cache_invalidate:  {"method":"GET","url":"http:/","invalidateInfo":{"tags":["EAV_FORM_customer_address_edit_FORM","FPC"],"mode":"matchingTag"}} []
[2025-05-02T02:08:07.444135+00:00] main.DEBUG: cache_invalidate:  {"method":"GET","url":"http:/","invalidateInfo":{"tags":["EAV_FORM_customer_register_address_FORM","FPC"],"mode":"matchingTag"}} []
[2025-05-02T02:08:07.444304+00:00] main.DEBUG: cache_invalidate:  {"method":"GET","url":"http:/","invalidateInfo":{"tags":["EAV_ATTRIBUTE_customer_address_telephone","FPC"],"mode":"matchingTag"}} []
[2025-05-02T02:08:07.448989+00:00] main.DEBUG: cache_invalidate:  {"method":"GET","url":"http:/","invalidateInfo":{"tags":["EAV","EAV_ATTRIBUTE"],"mode":"matchingAnyTag"}} []
[2025-05-02T02:08:07.449699+00:00] main.DEBUG: cache_invalidate:  {"method":"GET","url":"http:/","invalidateInfo":{"tags":["EAV","EAV_ATTRIBUTE"],"mode":"matchingAnyTag"}} []
[2025-05-02T02:08:07.450041+00:00] main.DEBUG: cache_invalidate:  {"method":"GET","url":"http:/","invalidateInfo":{"tags":["EAV","EAV_ATTRIBUTE"],"mode":"matchingAnyTag"}} []
[2025-05-02T02:08:07.450328+00:00] main.DEBUG: cache_invalidate:  {"method":"GET","url":"http:/","invalidateInfo":{"tags":["EAV_ATTRIBUTE"],"mode":"matchingAnyTag"}} []
[2025-05-02T02:08:07.451021+00:00] main.DEBUG: cache_invalidate:  {"method":"GET","url":"http:/","invalidateInfo":{"tags":["EAV_ATTRIBUTE_35","FPC"],"mode":"matchingTag"}} []
[2025-05-02T02:08:07.451215+00:00] main.DEBUG: cache_invalidate:  {"method":"GET","url":"http:/","invalidateInfo":{"tags":["EAV_ENTITY_TYPES_CUSTOMER_ADDRESS_ENTITY","FPC"],"mode":"matchingTag"}} []
[2025-05-02T02:08:07.451395+00:00] main.DEBUG: cache_invalidate:  {"method":"GET","url":"http:/","invalidateInfo":{"tags":["EAV_FORM_adminhtml_customer_address_FORM","FPC"],"mode":"matchingTag"}} []
[2025-05-02T02:08:07.451570+00:00] main.DEBUG: cache_invalidate:  {"method":"GET","url":"http:/","invalidateInfo":{"tags":["EAV_FORM_customer_address_edit_FORM","FPC"],"mode":"matchingTag"}} []
[2025-05-02T02:08:07.451742+00:00] main.DEBUG: cache_invalidate:  {"method":"GET","url":"http:/","invalidateInfo":{"tags":["EAV_FORM_customer_register_address_FORM","FPC"],"mode":"matchingTag"}} []
[2025-05-02T02:08:07.451910+00:00] main.DEBUG: cache_invalidate:  {"method":"GET","url":"http:/","invalidateInfo":{"tags":["EAV_ATTRIBUTE_customer_address_fax","FPC"],"mode":"matchingTag"}} []
[2025-05-02T02:08:07.458328+00:00] main.DEBUG: cache_invalidate:  {"method":"GET","url":"http:/","invalidateInfo":{"tags":["EAV_ATTRIBUTE_1","FPC"],"mode":"matchingTag"}} []
[2025-05-02T02:08:07.458546+00:00] main.DEBUG: cache_invalidate:  {"method":"GET","url":"http:/","invalidateInfo":{"tags":["EAV_ATTRIBUTE_customer_website_id","FPC"],"mode":"matchingTag"}} []
[2025-05-02T02:08:07.458970+00:00] main.DEBUG: cache_invalidate:  {"method":"GET","url":"http:/","invalidateInfo":{"tags":["EAV_ATTRIBUTE_3","FPC"],"mode":"matchingTag"}} []
[2025-05-02T02:08:07.459162+00:00] main.DEBUG: cache_invalidate:  {"method":"GET","url":"http:/","invalidateInfo":{"tags":["EAV_ATTRIBUTE_customer_created_in","FPC"],"mode":"matchingTag"}} []
[2025-05-02T02:08:07.459646+00:00] main.DEBUG: cache_invalidate:  {"method":"GET","url":"http:/","invalidateInfo":{"tags":["EAV_ATTRIBUTE_9","FPC"],"mode":"matchingTag"}} []
[2025-05-02T02:08:07.459838+00:00] main.DEBUG: cache_invalidate:  {"method":"GET","url":"http:/","invalidateInfo":{"tags":["EAV_ATTRIBUTE_customer_email","FPC"],"mode":"matchingTag"}} []
[2025-05-02T02:08:07.460257+00:00] main.DEBUG: cache_invalidate:  {"method":"GET","url":"http:/","invalidateInfo":{"tags":["EAV_ATTRIBUTE_10","FPC"],"mode":"matchingTag"}} []
[2025-05-02T02:08:07.460447+00:00] main.DEBUG: cache_invalidate:  {"method":"GET","url":"http:/","invalidateInfo":{"tags":["EAV_ATTRIBUTE_customer_group_id","FPC"],"mode":"matchingTag"}} []
[2025-05-02T02:08:07.460855+00:00] main.DEBUG: cache_invalidate:  {"method":"GET","url":"http:/","invalidateInfo":{"tags":["EAV_ATTRIBUTE_11","FPC"],"mode":"matchingTag"}} []
[2025-05-02T02:08:07.461043+00:00] main.DEBUG: cache_invalidate:  {"method":"GET","url":"http:/","invalidateInfo":{"tags":["EAV_ATTRIBUTE_customer_dob","FPC"],"mode":"matchingTag"}} []
[2025-05-02T02:08:07.461458+00:00] main.DEBUG: cache_invalidate:  {"method":"GET","url":"http:/","invalidateInfo":{"tags":["EAV_ATTRIBUTE_17","FPC"],"mode":"matchingTag"}} []
[2025-05-02T02:08:07.461647+00:00] main.DEBUG: cache_invalidate:  {"method":"GET","url":"http:/","invalidateInfo":{"tags":["EAV_ATTRIBUTE_customer_taxvat","FPC"],"mode":"matchingTag"}} []
[2025-05-02T02:08:07.462062+00:00] main.DEBUG: cache_invalidate:  {"method":"GET","url":"http:/","invalidateInfo":{"tags":["EAV_ATTRIBUTE_18","FPC"],"mode":"matchingTag"}} []
[2025-05-02T02:08:07.462251+00:00] main.DEBUG: cache_invalidate:  {"method":"GET","url":"http:/","invalidateInfo":{"tags":["EAV_ATTRIBUTE_customer_confirmation","FPC"],"mode":"matchingTag"}} []
[2025-05-02T02:08:07.462659+00:00] main.DEBUG: cache_invalidate:  {"method":"GET","url":"http:/","invalidateInfo":{"tags":["EAV_ATTRIBUTE_19","FPC"],"mode":"matchingTag"}} []
[2025-05-02T02:08:07.462849+00:00] main.DEBUG: cache_invalidate:  {"method":"GET","url":"http:/","invalidateInfo":{"tags":["EAV_ATTRIBUTE_customer_created_at","FPC"],"mode":"matchingTag"}} []
[2025-05-02T02:08:07.463262+00:00] main.DEBUG: cache_invalidate:  {"method":"GET","url":"http:/","invalidateInfo":{"tags":["EAV_ATTRIBUTE_20","FPC"],"mode":"matchingTag"}} []
[2025-05-02T02:08:07.463450+00:00] main.DEBUG: cache_invalidate:  {"method":"GET","url":"http:/","invalidateInfo":{"tags":["EAV_ATTRIBUTE_customer_gender","FPC"],"mode":"matchingTag"}} []
[2025-05-02T02:08:07.463861+00:00] main.DEBUG: cache_invalidate:  {"method":"GET","url":"http:/","invalidateInfo":{"tags":["EAV_ATTRIBUTE_27","FPC"],"mode":"matchingTag"}} []
[2025-05-02T02:08:07.464050+00:00] main.DEBUG: cache_invalidate:  {"method":"GET","url":"http:/","invalidateInfo":{"tags":["EAV_ATTRIBUTE_customer_address_company","FPC"],"mode":"matchingTag"}} []
[2025-05-02T02:08:07.464458+00:00] main.DEBUG: cache_invalidate:  {"method":"GET","url":"http:/","invalidateInfo":{"tags":["EAV_ATTRIBUTE_28","FPC"],"mode":"matchingTag"}} []
[2025-05-02T02:08:07.464644+00:00] main.DEBUG: cache_invalidate:  {"method":"GET","url":"http:/","invalidateInfo":{"tags":["EAV_ATTRIBUTE_customer_address_street","FPC"],"mode":"matchingTag"}} []
[2025-05-02T02:08:07.465064+00:00] main.DEBUG: cache_invalidate:  {"method":"GET","url":"http:/","invalidateInfo":{"tags":["EAV_ATTRIBUTE_29","FPC"],"mode":"matchingTag"}} []
[2025-05-02T02:08:07.465251+00:00] main.DEBUG: cache_invalidate:  {"method":"GET","url":"http:/","invalidateInfo":{"tags":["EAV_ATTRIBUTE_customer_address_city","FPC"],"mode":"matchingTag"}} []
[2025-05-02T02:08:07.465655+00:00] main.DEBUG: cache_invalidate:  {"method":"GET","url":"http:/","invalidateInfo":{"tags":["EAV_ATTRIBUTE_30","FPC"],"mode":"matchingTag"}} []
[2025-05-02T02:08:07.465845+00:00] main.DEBUG: cache_invalidate:  {"method":"GET","url":"http:/","invalidateInfo":{"tags":["EAV_ATTRIBUTE_customer_address_country_id","FPC"],"mode":"matchingTag"}} []
[2025-05-02T02:08:07.466250+00:00] main.DEBUG: cache_invalidate:  {"method":"GET","url":"http:/","invalidateInfo":{"tags":["EAV_ATTRIBUTE_31","FPC"],"mode":"matchingTag"}} []
[2025-05-02T02:08:07.466439+00:00] main.DEBUG: cache_invalidate:  {"method":"GET","url":"http:/","invalidateInfo":{"tags":["EAV_ATTRIBUTE_customer_address_region","FPC"],"mode":"matchingTag"}} []
[2025-05-02T02:08:07.466847+00:00] main.DEBUG: cache_invalidate:  {"method":"GET","url":"http:/","invalidateInfo":{"tags":["EAV_ATTRIBUTE_32","FPC"],"mode":"matchingTag"}} []
[2025-05-02T02:08:07.467038+00:00] main.DEBUG: cache_invalidate:  {"method":"GET","url":"http:/","invalidateInfo":{"tags":["EAV_ATTRIBUTE_customer_address_region_id","FPC"],"mode":"matchingTag"}} []
[2025-05-02T02:08:07.467441+00:00] main.DEBUG: cache_invalidate:  {"method":"GET","url":"http:/","invalidateInfo":{"tags":["EAV_ATTRIBUTE_33","FPC"],"mode":"matchingTag"}} []
[2025-05-02T02:08:07.467627+00:00] main.DEBUG: cache_invalidate:  {"method":"GET","url":"http:/","invalidateInfo":{"tags":["EAV_ATTRIBUTE_customer_address_postcode","FPC"],"mode":"matchingTag"}} []
[2025-05-02T02:08:07.468037+00:00] main.DEBUG: cache_invalidate:  {"method":"GET","url":"http:/","invalidateInfo":{"tags":["EAV_ATTRIBUTE_34","FPC"],"mode":"matchingTag"}} []
[2025-05-02T02:08:07.468225+00:00] main.DEBUG: cache_invalidate:  {"method":"GET","url":"http:/","invalidateInfo":{"tags":["EAV_ATTRIBUTE_customer_address_telephone","FPC"],"mode":"matchingTag"}} []
[2025-05-02T02:08:07.468628+00:00] main.DEBUG: cache_invalidate:  {"method":"GET","url":"http:/","invalidateInfo":{"tags":["EAV_ATTRIBUTE_35","FPC"],"mode":"matchingTag"}} []
[2025-05-02T02:08:07.468816+00:00] main.DEBUG: cache_invalidate:  {"method":"GET","url":"http:/","invalidateInfo":{"tags":["EAV_ATTRIBUTE_customer_address_fax","FPC"],"mode":"matchingTag"}} []
[2025-05-02T02:08:07.479533+00:00] main.DEBUG: cache_invalidate:  {"method":"GET","url":"http:/","invalidateInfo":{"tags":["EAV","EAV_ATTRIBUTE"],"mode":"matchingAnyTag"}} []
[2025-05-02T02:08:07.480266+00:00] main.DEBUG: cache_invalidate:  {"method":"GET","url":"http:/","invalidateInfo":{"tags":["EAV","EAV_ATTRIBUTE"],"mode":"matchingAnyTag"}} []
[2025-05-02T02:08:07.480614+00:00] main.DEBUG: cache_invalidate:  {"method":"GET","url":"http:/","invalidateInfo":{"tags":["EAV","EAV_ATTRIBUTE"],"mode":"matchingAnyTag"}} []
[2025-05-02T02:08:07.480907+00:00] main.DEBUG: cache_invalidate:  {"method":"GET","url":"http:/","invalidateInfo":{"tags":["EAV_ATTRIBUTE"],"mode":"matchingAnyTag"}} []
[2025-05-02T02:08:07.481650+00:00] main.DEBUG: cache_invalidate:  {"method":"GET","url":"http:/","invalidateInfo":{"tags":["EAV_ATTRIBUTE_32","FPC"],"mode":"matchingTag"}} []
[2025-05-02T02:08:07.481844+00:00] main.DEBUG: cache_invalidate:  {"method":"GET","url":"http:/","invalidateInfo":{"tags":["EAV_ENTITY_TYPES_CUSTOMER_ADDRESS_ENTITY","FPC"],"mode":"matchingTag"}} []
[2025-05-02T02:08:07.482021+00:00] main.DEBUG: cache_invalidate:  {"method":"GET","url":"http:/","invalidateInfo":{"tags":["EAV_FORM_adminhtml_customer_address_FORM","FPC"],"mode":"matchingTag"}} []
[2025-05-02T02:08:07.482193+00:00] main.DEBUG: cache_invalidate:  {"method":"GET","url":"http:/","invalidateInfo":{"tags":["EAV_FORM_customer_address_edit_FORM","FPC"],"mode":"matchingTag"}} []
[2025-05-02T02:08:07.482364+00:00] main.DEBUG: cache_invalidate:  {"method":"GET","url":"http:/","invalidateInfo":{"tags":["EAV_FORM_customer_register_address_FORM","FPC"],"mode":"matchingTag"}} []
[2025-05-02T02:08:07.482532+00:00] main.DEBUG: cache_invalidate:  {"method":"GET","url":"http:/","invalidateInfo":{"tags":["EAV_ATTRIBUTE_customer_address_region_id","FPC"],"mode":"matchingTag"}} []
[2025-05-02T02:08:07.487172+00:00] main.DEBUG: cache_invalidate:  {"method":"GET","url":"http:/","invalidateInfo":{"tags":["EAV","EAV_ATTRIBUTE"],"mode":"matchingAnyTag"}} []
[2025-05-02T02:08:07.487870+00:00] main.DEBUG: cache_invalidate:  {"method":"GET","url":"http:/","invalidateInfo":{"tags":["EAV","EAV_ATTRIBUTE"],"mode":"matchingAnyTag"}} []
[2025-05-02T02:08:07.488213+00:00] main.DEBUG: cache_invalidate:  {"method":"GET","url":"http:/","invalidateInfo":{"tags":["EAV","EAV_ATTRIBUTE"],"mode":"matchingAnyTag"}} []
[2025-05-02T02:08:07.488507+00:00] main.DEBUG: cache_invalidate:  {"method":"GET","url":"http:/","invalidateInfo":{"tags":["EAV_ATTRIBUTE"],"mode":"matchingAnyTag"}} []
[2025-05-02T02:08:07.489366+00:00] main.DEBUG: cache_invalidate:  {"method":"GET","url":"http:/","invalidateInfo":{"tags":["EAV_ATTRIBUTE_23","FPC"],"mode":"matchingTag"}} []
[2025-05-02T02:08:07.489571+00:00] main.DEBUG: cache_invalidate:  {"method":"GET","url":"http:/","invalidateInfo":{"tags":["EAV_ENTITY_TYPES_CUSTOMER_ADDRESS_ENTITY","FPC"],"mode":"matchingTag"}} []
[2025-05-02T02:08:07.489752+00:00] main.DEBUG: cache_invalidate:  {"method":"GET","url":"http:/","invalidateInfo":{"tags":["EAV_FORM_adminhtml_customer_address_FORM","FPC"],"mode":"matchingTag"}} []
[2025-05-02T02:08:07.489925+00:00] main.DEBUG: cache_invalidate:  {"method":"GET","url":"http:/","invalidateInfo":{"tags":["EAV_FORM_customer_address_edit_FORM","FPC"],"mode":"matchingTag"}} []
[2025-05-02T02:08:07.490095+00:00] main.DEBUG: cache_invalidate:  {"method":"GET","url":"http:/","invalidateInfo":{"tags":["EAV_FORM_customer_register_address_FORM","FPC"],"mode":"matchingTag"}} []
[2025-05-02T02:08:07.490263+00:00] main.DEBUG: cache_invalidate:  {"method":"GET","url":"http:/","invalidateInfo":{"tags":["EAV_ATTRIBUTE_customer_address_firstname","FPC"],"mode":"matchingTag"}} []
[2025-05-02T02:08:07.495129+00:00] main.DEBUG: cache_invalidate:  {"method":"GET","url":"http:/","invalidateInfo":{"tags":["EAV","EAV_ATTRIBUTE"],"mode":"matchingAnyTag"}} []
[2025-05-02T02:08:07.495856+00:00] main.DEBUG: cache_invalidate:  {"method":"GET","url":"http:/","invalidateInfo":{"tags":["EAV","EAV_ATTRIBUTE"],"mode":"matchingAnyTag"}} []
[2025-05-02T02:08:07.496198+00:00] main.DEBUG: cache_invalidate:  {"method":"GET","url":"http:/","invalidateInfo":{"tags":["EAV","EAV_ATTRIBUTE"],"mode":"matchingAnyTag"}} []
[2025-05-02T02:08:07.496487+00:00] main.DEBUG: cache_invalidate:  {"method":"GET","url":"http:/","invalidateInfo":{"tags":["EAV_ATTRIBUTE"],"mode":"matchingAnyTag"}} []
[2025-05-02T02:08:07.497199+00:00] main.DEBUG: cache_invalidate:  {"method":"GET","url":"http:/","invalidateInfo":{"tags":["EAV_ATTRIBUTE_25","FPC"],"mode":"matchingTag"}} []
[2025-05-02T02:08:07.497394+00:00] main.DEBUG: cache_invalidate:  {"method":"GET","url":"http:/","invalidateInfo":{"tags":["EAV_ENTITY_TYPES_CUSTOMER_ADDRESS_ENTITY","FPC"],"mode":"matchingTag"}} []
[2025-05-02T02:08:07.497573+00:00] main.DEBUG: cache_invalidate:  {"method":"GET","url":"http:/","invalidateInfo":{"tags":["EAV_FORM_adminhtml_customer_address_FORM","FPC"],"mode":"matchingTag"}} []
[2025-05-02T02:08:07.497748+00:00] main.DEBUG: cache_invalidate:  {"method":"GET","url":"http:/","invalidateInfo":{"tags":["EAV_FORM_customer_address_edit_FORM","FPC"],"mode":"matchingTag"}} []
[2025-05-02T02:08:07.497918+00:00] main.DEBUG: cache_invalidate:  {"method":"GET","url":"http:/","invalidateInfo":{"tags":["EAV_FORM_customer_register_address_FORM","FPC"],"mode":"matchingTag"}} []
[2025-05-02T02:08:07.498086+00:00] main.DEBUG: cache_invalidate:  {"method":"GET","url":"http:/","invalidateInfo":{"tags":["EAV_ATTRIBUTE_customer_address_lastname","FPC"],"mode":"matchingTag"}} []
[2025-05-02T02:08:07.503084+00:00] main.DEBUG: cache_invalidate:  {"method":"GET","url":"http:/","invalidateInfo":{"tags":["EAV_ATTRIBUTE_32","FPC"],"mode":"matchingTag"}} []
[2025-05-02T02:08:07.503275+00:00] main.DEBUG: cache_invalidate:  {"method":"GET","url":"http:/","invalidateInfo":{"tags":["EAV_ATTRIBUTE_customer_address_region_id","FPC"],"mode":"matchingTag"}} []
[2025-05-02T02:08:07.503762+00:00] main.DEBUG: cache_invalidate:  {"method":"GET","url":"http:/","invalidateInfo":{"tags":["EAV_ATTRIBUTE_23","FPC"],"mode":"matchingTag"}} []
[2025-05-02T02:08:07.503951+00:00] main.DEBUG: cache_invalidate:  {"method":"GET","url":"http:/","invalidateInfo":{"tags":["EAV_ATTRIBUTE_customer_address_firstname","FPC"],"mode":"matchingTag"}} []
[2025-05-02T02:08:07.504433+00:00] main.DEBUG: cache_invalidate:  {"method":"GET","url":"http:/","invalidateInfo":{"tags":["EAV_ATTRIBUTE_25","FPC"],"mode":"matchingTag"}} []
[2025-05-02T02:08:07.504619+00:00] main.DEBUG: cache_invalidate:  {"method":"GET","url":"http:/","invalidateInfo":{"tags":["EAV_ATTRIBUTE_customer_address_lastname","FPC"],"mode":"matchingTag"}} []
[2025-05-02T02:08:07.517462+00:00] main.DEBUG: cache_invalidate:  {"method":"GET","url":"http:/","invalidateInfo":{"tags":["EAV","EAV_ATTRIBUTE"],"mode":"matchingAnyTag"}} []
[2025-05-02T02:08:07.518263+00:00] main.DEBUG: cache_invalidate:  {"method":"GET","url":"http:/","invalidateInfo":{"tags":["EAV","EAV_ATTRIBUTE"],"mode":"matchingAnyTag"}} []
[2025-05-02T02:08:07.518618+00:00] main.DEBUG: cache_invalidate:  {"method":"GET","url":"http:/","invalidateInfo":{"tags":["EAV","EAV_ATTRIBUTE"],"mode":"matchingAnyTag"}} []
[2025-05-02T02:08:07.518910+00:00] main.DEBUG: cache_invalidate:  {"method":"GET","url":"http:/","invalidateInfo":{"tags":["EAV_ATTRIBUTE"],"mode":"matchingAnyTag"}} []
[2025-05-02T02:08:07.519696+00:00] main.DEBUG: cache_invalidate:  {"method":"GET","url":"http:/","invalidateInfo":{"tags":["EAV_ATTRIBUTE_35","FPC"],"mode":"matchingTag"}} []
[2025-05-02T02:08:07.519892+00:00] main.DEBUG: cache_invalidate:  {"method":"GET","url":"http:/","invalidateInfo":{"tags":["EAV_ENTITY_TYPES_CUSTOMER_ADDRESS_ENTITY","FPC"],"mode":"matchingTag"}} []
[2025-05-02T02:08:07.520070+00:00] main.DEBUG: cache_invalidate:  {"method":"GET","url":"http:/","invalidateInfo":{"tags":["EAV_FORM_adminhtml_customer_address_FORM","FPC"],"mode":"matchingTag"}} []
[2025-05-02T02:08:07.520242+00:00] main.DEBUG: cache_invalidate:  {"method":"GET","url":"http:/","invalidateInfo":{"tags":["EAV_FORM_customer_address_edit_FORM","FPC"],"mode":"matchingTag"}} []
[2025-05-02T02:08:07.520415+00:00] main.DEBUG: cache_invalidate:  {"method":"GET","url":"http:/","invalidateInfo":{"tags":["EAV_FORM_customer_register_address_FORM","FPC"],"mode":"matchingTag"}} []
[2025-05-02T02:08:07.520583+00:00] main.DEBUG: cache_invalidate:  {"method":"GET","url":"http:/","invalidateInfo":{"tags":["EAV_ATTRIBUTE_customer_address_fax","FPC"],"mode":"matchingTag"}} []
[2025-05-02T02:08:07.525516+00:00] main.DEBUG: cache_invalidate:  {"method":"GET","url":"http:/","invalidateInfo":{"tags":["EAV_ATTRIBUTE_35","FPC"],"mode":"matchingTag"}} []
[2025-05-02T02:08:07.525729+00:00] main.DEBUG: cache_invalidate:  {"method":"GET","url":"http:/","invalidateInfo":{"tags":["EAV_ATTRIBUTE_customer_address_fax","FPC"],"mode":"matchingTag"}} []
[2025-05-02T02:08:07.571701+00:00] main.DEBUG: cache_invalidate:  {"method":"GET","url":"http:/","invalidateInfo":{"tags":["EAV","EAV_ATTRIBUTE"],"mode":"matchingAnyTag"}} []
[2025-05-02T02:08:07.572571+00:00] main.DEBUG: cache_invalidate:  {"method":"GET","url":"http:/","invalidateInfo":{"tags":["EAV","EAV_ATTRIBUTE"],"mode":"matchingAnyTag"}} []
[2025-05-02T02:08:07.572927+00:00] main.DEBUG: cache_invalidate:  {"method":"GET","url":"http:/","invalidateInfo":{"tags":["EAV","EAV_ATTRIBUTE"],"mode":"matchingAnyTag"}} []
[2025-05-02T02:08:07.573221+00:00] main.DEBUG: cache_invalidate:  {"method":"GET","url":"http:/","invalidateInfo":{"tags":["EAV_ATTRIBUTE"],"mode":"matchingAnyTag"}} []
[2025-05-02T02:08:07.574025+00:00] main.DEBUG: cache_invalidate:  {"method":"GET","url":"http:/","invalidateInfo":{"tags":["EAV_ATTRIBUTE_30","FPC"],"mode":"matchingTag"}} []
[2025-05-02T02:08:07.574220+00:00] main.DEBUG: cache_invalidate:  {"method":"GET","url":"http:/","invalidateInfo":{"tags":["EAV_ENTITY_TYPES_CUSTOMER_ADDRESS_ENTITY","FPC"],"mode":"matchingTag"}} []
[2025-05-02T02:08:07.574399+00:00] main.DEBUG: cache_invalidate:  {"method":"GET","url":"http:/","invalidateInfo":{"tags":["EAV_FORM_adminhtml_customer_address_FORM","FPC"],"mode":"matchingTag"}} []
[2025-05-02T02:08:07.574572+00:00] main.DEBUG: cache_invalidate:  {"method":"GET","url":"http:/","invalidateInfo":{"tags":["EAV_FORM_customer_address_edit_FORM","FPC"],"mode":"matchingTag"}} []
[2025-05-02T02:08:07.574742+00:00] main.DEBUG: cache_invalidate:  {"method":"GET","url":"http:/","invalidateInfo":{"tags":["EAV_FORM_customer_register_address_FORM","FPC"],"mode":"matchingTag"}} []
[2025-05-02T02:08:07.574911+00:00] main.DEBUG: cache_invalidate:  {"method":"GET","url":"http:/","invalidateInfo":{"tags":["EAV_ATTRIBUTE_customer_address_country_id","FPC"],"mode":"matchingTag"}} []
[2025-05-02T02:08:07.579361+00:00] main.DEBUG: cache_invalidate:  {"method":"GET","url":"http:/","invalidateInfo":{"tags":["EAV","EAV_ATTRIBUTE"],"mode":"matchingAnyTag"}} []
[2025-05-02T02:08:07.580084+00:00] main.DEBUG: cache_invalidate:  {"method":"GET","url":"http:/","invalidateInfo":{"tags":["EAV","EAV_ATTRIBUTE"],"mode":"matchingAnyTag"}} []
[2025-05-02T02:08:07.580426+00:00] main.DEBUG: cache_invalidate:  {"method":"GET","url":"http:/","invalidateInfo":{"tags":["EAV","EAV_ATTRIBUTE"],"mode":"matchingAnyTag"}} []
[2025-05-02T02:08:07.580714+00:00] main.DEBUG: cache_invalidate:  {"method":"GET","url":"http:/","invalidateInfo":{"tags":["EAV_ATTRIBUTE"],"mode":"matchingAnyTag"}} []
[2025-05-02T02:08:07.581518+00:00] main.DEBUG: cache_invalidate:  {"method":"GET","url":"http:/","invalidateInfo":{"tags":["EAV_ATTRIBUTE_31","FPC"],"mode":"matchingTag"}} []
[2025-05-02T02:08:07.581714+00:00] main.DEBUG: cache_invalidate:  {"method":"GET","url":"http:/","invalidateInfo":{"tags":["EAV_ENTITY_TYPES_CUSTOMER_ADDRESS_ENTITY","FPC"],"mode":"matchingTag"}} []
[2025-05-02T02:08:07.581893+00:00] main.DEBUG: cache_invalidate:  {"method":"GET","url":"http:/","invalidateInfo":{"tags":["EAV_FORM_adminhtml_customer_address_FORM","FPC"],"mode":"matchingTag"}} []
[2025-05-02T02:08:07.582067+00:00] main.DEBUG: cache_invalidate:  {"method":"GET","url":"http:/","invalidateInfo":{"tags":["EAV_FORM_customer_address_edit_FORM","FPC"],"mode":"matchingTag"}} []
[2025-05-02T02:08:07.582239+00:00] main.DEBUG: cache_invalidate:  {"method":"GET","url":"http:/","invalidateInfo":{"tags":["EAV_FORM_customer_register_address_FORM","FPC"],"mode":"matchingTag"}} []
[2025-05-02T02:08:07.582408+00:00] main.DEBUG: cache_invalidate:  {"method":"GET","url":"http:/","invalidateInfo":{"tags":["EAV_ATTRIBUTE_customer_address_region","FPC"],"mode":"matchingTag"}} []
[2025-05-02T02:08:07.587086+00:00] main.DEBUG: cache_invalidate:  {"method":"GET","url":"http:/","invalidateInfo":{"tags":["EAV","EAV_ATTRIBUTE"],"mode":"matchingAnyTag"}} []
[2025-05-02T02:08:07.587885+00:00] main.DEBUG: cache_invalidate:  {"method":"GET","url":"http:/","invalidateInfo":{"tags":["EAV","EAV_ATTRIBUTE"],"mode":"matchingAnyTag"}} []
[2025-05-02T02:08:07.588239+00:00] main.DEBUG: cache_invalidate:  {"method":"GET","url":"http:/","invalidateInfo":{"tags":["EAV","EAV_ATTRIBUTE"],"mode":"matchingAnyTag"}} []
[2025-05-02T02:08:07.588558+00:00] main.DEBUG: cache_invalidate:  {"method":"GET","url":"http:/","invalidateInfo":{"tags":["EAV_ATTRIBUTE"],"mode":"matchingAnyTag"}} []
[2025-05-02T02:08:07.589605+00:00] main.DEBUG: cache_invalidate:  {"method":"GET","url":"http:/","invalidateInfo":{"tags":["EAV_ATTRIBUTE_32","FPC"],"mode":"matchingTag"}} []
[2025-05-02T02:08:07.589810+00:00] main.DEBUG: cache_invalidate:  {"method":"GET","url":"http:/","invalidateInfo":{"tags":["EAV_ENTITY_TYPES_CUSTOMER_ADDRESS_ENTITY","FPC"],"mode":"matchingTag"}} []
[2025-05-02T02:08:07.589990+00:00] main.DEBUG: cache_invalidate:  {"method":"GET","url":"http:/","invalidateInfo":{"tags":["EAV_FORM_adminhtml_customer_address_FORM","FPC"],"mode":"matchingTag"}} []
[2025-05-02T02:08:07.590166+00:00] main.DEBUG: cache_invalidate:  {"method":"GET","url":"http:/","invalidateInfo":{"tags":["EAV_FORM_customer_address_edit_FORM","FPC"],"mode":"matchingTag"}} []
[2025-05-02T02:08:07.590338+00:00] main.DEBUG: cache_invalidate:  {"method":"GET","url":"http:/","invalidateInfo":{"tags":["EAV_FORM_customer_register_address_FORM","FPC"],"mode":"matchingTag"}} []
[2025-05-02T02:08:07.590507+00:00] main.DEBUG: cache_invalidate:  {"method":"GET","url":"http:/","invalidateInfo":{"tags":["EAV_ATTRIBUTE_customer_address_region_id","FPC"],"mode":"matchingTag"}} []
[2025-05-02T02:08:07.595545+00:00] main.DEBUG: cache_invalidate:  {"method":"GET","url":"http:/","invalidateInfo":{"tags":["EAV","EAV_ATTRIBUTE"],"mode":"matchingAnyTag"}} []
[2025-05-02T02:08:07.596395+00:00] main.DEBUG: cache_invalidate:  {"method":"GET","url":"http:/","invalidateInfo":{"tags":["EAV","EAV_ATTRIBUTE"],"mode":"matchingAnyTag"}} []
[2025-05-02T02:08:07.596756+00:00] main.DEBUG: cache_invalidate:  {"method":"GET","url":"http:/","invalidateInfo":{"tags":["EAV","EAV_ATTRIBUTE"],"mode":"matchingAnyTag"}} []
[2025-05-02T02:08:07.597052+00:00] main.DEBUG: cache_invalidate:  {"method":"GET","url":"http:/","invalidateInfo":{"tags":["EAV_ATTRIBUTE"],"mode":"matchingAnyTag"}} []
[2025-05-02T02:08:07.597833+00:00] main.DEBUG: cache_invalidate:  {"method":"GET","url":"http:/","invalidateInfo":{"tags":["EAV_ATTRIBUTE_29","FPC"],"mode":"matchingTag"}} []
[2025-05-02T02:08:07.598028+00:00] main.DEBUG: cache_invalidate:  {"method":"GET","url":"http:/","invalidateInfo":{"tags":["EAV_ENTITY_TYPES_CUSTOMER_ADDRESS_ENTITY","FPC"],"mode":"matchingTag"}} []
[2025-05-02T02:08:07.598214+00:00] main.DEBUG: cache_invalidate:  {"method":"GET","url":"http:/","invalidateInfo":{"tags":["EAV_FORM_adminhtml_customer_address_FORM","FPC"],"mode":"matchingTag"}} []
[2025-05-02T02:08:07.598388+00:00] main.DEBUG: cache_invalidate:  {"method":"GET","url":"http:/","invalidateInfo":{"tags":["EAV_FORM_customer_address_edit_FORM","FPC"],"mode":"matchingTag"}} []
[2025-05-02T02:08:07.598558+00:00] main.DEBUG: cache_invalidate:  {"method":"GET","url":"http:/","invalidateInfo":{"tags":["EAV_FORM_customer_register_address_FORM","FPC"],"mode":"matchingTag"}} []
[2025-05-02T02:08:07.598727+00:00] main.DEBUG: cache_invalidate:  {"method":"GET","url":"http:/","invalidateInfo":{"tags":["EAV_ATTRIBUTE_customer_address_city","FPC"],"mode":"matchingTag"}} []
[2025-05-02T02:08:07.603729+00:00] main.DEBUG: cache_invalidate:  {"method":"GET","url":"http:/","invalidateInfo":{"tags":["EAV_ATTRIBUTE_30","FPC"],"mode":"matchingTag"}} []
[2025-05-02T02:08:07.603927+00:00] main.DEBUG: cache_invalidate:  {"method":"GET","url":"http:/","invalidateInfo":{"tags":["EAV_ATTRIBUTE_customer_address_country_id","FPC"],"mode":"matchingTag"}} []
[2025-05-02T02:08:07.604396+00:00] main.DEBUG: cache_invalidate:  {"method":"GET","url":"http:/","invalidateInfo":{"tags":["EAV_ATTRIBUTE_31","FPC"],"mode":"matchingTag"}} []
[2025-05-02T02:08:07.604593+00:00] main.DEBUG: cache_invalidate:  {"method":"GET","url":"http:/","invalidateInfo":{"tags":["EAV_ATTRIBUTE_customer_address_region","FPC"],"mode":"matchingTag"}} []
[2025-05-02T02:08:07.605045+00:00] main.DEBUG: cache_invalidate:  {"method":"GET","url":"http:/","invalidateInfo":{"tags":["EAV_ATTRIBUTE_32","FPC"],"mode":"matchingTag"}} []
[2025-05-02T02:08:07.605254+00:00] main.DEBUG: cache_invalidate:  {"method":"GET","url":"http:/","invalidateInfo":{"tags":["EAV_ATTRIBUTE_customer_address_region_id","FPC"],"mode":"matchingTag"}} []
[2025-05-02T02:08:07.605874+00:00] main.DEBUG: cache_invalidate:  {"method":"GET","url":"http:/","invalidateInfo":{"tags":["EAV_ATTRIBUTE_29","FPC"],"mode":"matchingTag"}} []
[2025-05-02T02:08:07.606076+00:00] main.DEBUG: cache_invalidate:  {"method":"GET","url":"http:/","invalidateInfo":{"tags":["EAV_ATTRIBUTE_customer_address_city","FPC"],"mode":"matchingTag"}} []
[2025-05-02T02:08:07.616652+00:00] main.DEBUG: cache_invalidate:  {"method":"GET","url":"http:/","invalidateInfo":{"tags":["EAV","EAV_ATTRIBUTE"],"mode":"matchingAnyTag"}} []
[2025-05-02T02:08:07.617420+00:00] main.DEBUG: cache_invalidate:  {"method":"GET","url":"http:/","invalidateInfo":{"tags":["EAV","EAV_ATTRIBUTE"],"mode":"matchingAnyTag"}} []
[2025-05-02T02:08:07.617767+00:00] main.DEBUG: cache_invalidate:  {"method":"GET","url":"http:/","invalidateInfo":{"tags":["EAV","EAV_ATTRIBUTE"],"mode":"matchingAnyTag"}} []
[2025-05-02T02:08:07.618056+00:00] main.DEBUG: cache_invalidate:  {"method":"GET","url":"http:/","invalidateInfo":{"tags":["EAV_ATTRIBUTE"],"mode":"matchingAnyTag"}} []
[2025-05-02T02:08:07.618816+00:00] main.DEBUG: cache_invalidate:  {"method":"GET","url":"http:/","invalidateInfo":{"tags":["EAV_ATTRIBUTE_23","FPC"],"mode":"matchingTag"}} []
[2025-05-02T02:08:07.619008+00:00] main.DEBUG: cache_invalidate:  {"method":"GET","url":"http:/","invalidateInfo":{"tags":["EAV_ENTITY_TYPES_CUSTOMER_ADDRESS_ENTITY","FPC"],"mode":"matchingTag"}} []
[2025-05-02T02:08:07.619185+00:00] main.DEBUG: cache_invalidate:  {"method":"GET","url":"http:/","invalidateInfo":{"tags":["EAV_FORM_adminhtml_customer_address_FORM","FPC"],"mode":"matchingTag"}} []
[2025-05-02T02:08:07.619361+00:00] main.DEBUG: cache_invalidate:  {"method":"GET","url":"http:/","invalidateInfo":{"tags":["EAV_FORM_customer_address_edit_FORM","FPC"],"mode":"matchingTag"}} []
[2025-05-02T02:08:07.619535+00:00] main.DEBUG: cache_invalidate:  {"method":"GET","url":"http:/","invalidateInfo":{"tags":["EAV_FORM_customer_register_address_FORM","FPC"],"mode":"matchingTag"}} []
[2025-05-02T02:08:07.619702+00:00] main.DEBUG: cache_invalidate:  {"method":"GET","url":"http:/","invalidateInfo":{"tags":["EAV_ATTRIBUTE_customer_address_firstname","FPC"],"mode":"matchingTag"}} []
[2025-05-02T02:08:07.624542+00:00] main.DEBUG: cache_invalidate:  {"method":"GET","url":"http:/","invalidateInfo":{"tags":["EAV","EAV_ATTRIBUTE"],"mode":"matchingAnyTag"}} []
[2025-05-02T02:08:07.625294+00:00] main.DEBUG: cache_invalidate:  {"method":"GET","url":"http:/","invalidateInfo":{"tags":["EAV","EAV_ATTRIBUTE"],"mode":"matchingAnyTag"}} []
[2025-05-02T02:08:07.625640+00:00] main.DEBUG: cache_invalidate:  {"method":"GET","url":"http:/","invalidateInfo":{"tags":["EAV","EAV_ATTRIBUTE"],"mode":"matchingAnyTag"}} []
[2025-05-02T02:08:07.625930+00:00] main.DEBUG: cache_invalidate:  {"method":"GET","url":"http:/","invalidateInfo":{"tags":["EAV_ATTRIBUTE"],"mode":"matchingAnyTag"}} []
[2025-05-02T02:08:07.626692+00:00] main.DEBUG: cache_invalidate:  {"method":"GET","url":"http:/","invalidateInfo":{"tags":["EAV_ATTRIBUTE_25","FPC"],"mode":"matchingTag"}} []
[2025-05-02T02:08:07.626885+00:00] main.DEBUG: cache_invalidate:  {"method":"GET","url":"http:/","invalidateInfo":{"tags":["EAV_ENTITY_TYPES_CUSTOMER_ADDRESS_ENTITY","FPC"],"mode":"matchingTag"}} []
[2025-05-02T02:08:07.627061+00:00] main.DEBUG: cache_invalidate:  {"method":"GET","url":"http:/","invalidateInfo":{"tags":["EAV_FORM_adminhtml_customer_address_FORM","FPC"],"mode":"matchingTag"}} []
[2025-05-02T02:08:07.627233+00:00] main.DEBUG: cache_invalidate:  {"method":"GET","url":"http:/","invalidateInfo":{"tags":["EAV_FORM_customer_address_edit_FORM","FPC"],"mode":"matchingTag"}} []
[2025-05-02T02:08:07.627403+00:00] main.DEBUG: cache_invalidate:  {"method":"GET","url":"http:/","invalidateInfo":{"tags":["EAV_FORM_customer_register_address_FORM","FPC"],"mode":"matchingTag"}} []
[2025-05-02T02:08:07.627572+00:00] main.DEBUG: cache_invalidate:  {"method":"GET","url":"http:/","invalidateInfo":{"tags":["EAV_ATTRIBUTE_customer_address_lastname","FPC"],"mode":"matchingTag"}} []
[2025-05-02T02:08:07.632239+00:00] main.DEBUG: cache_invalidate:  {"method":"GET","url":"http:/","invalidateInfo":{"tags":["EAV","EAV_ATTRIBUTE"],"mode":"matchingAnyTag"}} []
[2025-05-02T02:08:07.632939+00:00] main.DEBUG: cache_invalidate:  {"method":"GET","url":"http:/","invalidateInfo":{"tags":["EAV","EAV_ATTRIBUTE"],"mode":"matchingAnyTag"}} []
[2025-05-02T02:08:07.633281+00:00] main.DEBUG: cache_invalidate:  {"method":"GET","url":"http:/","invalidateInfo":{"tags":["EAV","EAV_ATTRIBUTE"],"mode":"matchingAnyTag"}} []
[2025-05-02T02:08:07.633571+00:00] main.DEBUG: cache_invalidate:  {"method":"GET","url":"http:/","invalidateInfo":{"tags":["EAV_ATTRIBUTE"],"mode":"matchingAnyTag"}} []
[2025-05-02T02:08:07.634261+00:00] main.DEBUG: cache_invalidate:  {"method":"GET","url":"http:/","invalidateInfo":{"tags":["EAV_ATTRIBUTE_24","FPC"],"mode":"matchingTag"}} []
[2025-05-02T02:08:07.634455+00:00] main.DEBUG: cache_invalidate:  {"method":"GET","url":"http:/","invalidateInfo":{"tags":["EAV_ENTITY_TYPES_CUSTOMER_ADDRESS_ENTITY","FPC"],"mode":"matchingTag"}} []
[2025-05-02T02:08:07.634633+00:00] main.DEBUG: cache_invalidate:  {"method":"GET","url":"http:/","invalidateInfo":{"tags":["EAV_FORM_adminhtml_customer_address_FORM","FPC"],"mode":"matchingTag"}} []
[2025-05-02T02:08:07.634804+00:00] main.DEBUG: cache_invalidate:  {"method":"GET","url":"http:/","invalidateInfo":{"tags":["EAV_FORM_customer_address_edit_FORM","FPC"],"mode":"matchingTag"}} []
[2025-05-02T02:08:07.634976+00:00] main.DEBUG: cache_invalidate:  {"method":"GET","url":"http:/","invalidateInfo":{"tags":["EAV_FORM_customer_register_address_FORM","FPC"],"mode":"matchingTag"}} []
[2025-05-02T02:08:07.635144+00:00] main.DEBUG: cache_invalidate:  {"method":"GET","url":"http:/","invalidateInfo":{"tags":["EAV_ATTRIBUTE_customer_address_middlename","FPC"],"mode":"matchingTag"}} []
[2025-05-02T02:08:07.640303+00:00] main.DEBUG: cache_invalidate:  {"method":"GET","url":"http:/","invalidateInfo":{"tags":["EAV","EAV_ATTRIBUTE"],"mode":"matchingAnyTag"}} []
[2025-05-02T02:08:07.641153+00:00] main.DEBUG: cache_invalidate:  {"method":"GET","url":"http:/","invalidateInfo":{"tags":["EAV","EAV_ATTRIBUTE"],"mode":"matchingAnyTag"}} []
[2025-05-02T02:08:07.641506+00:00] main.DEBUG: cache_invalidate:  {"method":"GET","url":"http:/","invalidateInfo":{"tags":["EAV","EAV_ATTRIBUTE"],"mode":"matchingAnyTag"}} []
[2025-05-02T02:08:07.641799+00:00] main.DEBUG: cache_invalidate:  {"method":"GET","url":"http:/","invalidateInfo":{"tags":["EAV_ATTRIBUTE"],"mode":"matchingAnyTag"}} []
[2025-05-02T02:08:07.642601+00:00] main.DEBUG: cache_invalidate:  {"method":"GET","url":"http:/","invalidateInfo":{"tags":["EAV_ATTRIBUTE_5","FPC"],"mode":"matchingTag"}} []
[2025-05-02T02:08:07.642794+00:00] main.DEBUG: cache_invalidate:  {"method":"GET","url":"http:/","invalidateInfo":{"tags":["EAV_ENTITY_TYPES_CUSTOMER_ENTITY","FPC"],"mode":"matchingTag"}} []
[2025-05-02T02:08:07.642972+00:00] main.DEBUG: cache_invalidate:  {"method":"GET","url":"http:/","invalidateInfo":{"tags":["EAV_FORM_adminhtml_customer_FORM","FPC"],"mode":"matchingTag"}} []
[2025-05-02T02:08:07.643145+00:00] main.DEBUG: cache_invalidate:  {"method":"GET","url":"http:/","invalidateInfo":{"tags":["EAV_FORM_customer_account_create_FORM","FPC"],"mode":"matchingTag"}} []
[2025-05-02T02:08:07.643313+00:00] main.DEBUG: cache_invalidate:  {"method":"GET","url":"http:/","invalidateInfo":{"tags":["EAV_FORM_customer_account_edit_FORM","FPC"],"mode":"matchingTag"}} []
[2025-05-02T02:08:07.643483+00:00] main.DEBUG: cache_invalidate:  {"method":"GET","url":"http:/","invalidateInfo":{"tags":["EAV_ATTRIBUTE_customer_firstname","FPC"],"mode":"matchingTag"}} []
[2025-05-02T02:08:07.648311+00:00] main.DEBUG: cache_invalidate:  {"method":"GET","url":"http:/","invalidateInfo":{"tags":["EAV","EAV_ATTRIBUTE"],"mode":"matchingAnyTag"}} []
[2025-05-02T02:08:07.649018+00:00] main.DEBUG: cache_invalidate:  {"method":"GET","url":"http:/","invalidateInfo":{"tags":["EAV","EAV_ATTRIBUTE"],"mode":"matchingAnyTag"}} []
[2025-05-02T02:08:07.649362+00:00] main.DEBUG: cache_invalidate:  {"method":"GET","url":"http:/","invalidateInfo":{"tags":["EAV","EAV_ATTRIBUTE"],"mode":"matchingAnyTag"}} []
[2025-05-02T02:08:07.649656+00:00] main.DEBUG: cache_invalidate:  {"method":"GET","url":"http:/","invalidateInfo":{"tags":["EAV_ATTRIBUTE"],"mode":"matchingAnyTag"}} []
[2025-05-02T02:08:07.650372+00:00] main.DEBUG: cache_invalidate:  {"method":"GET","url":"http:/","invalidateInfo":{"tags":["EAV_ATTRIBUTE_7","FPC"],"mode":"matchingTag"}} []
[2025-05-02T02:08:07.650566+00:00] main.DEBUG: cache_invalidate:  {"method":"GET","url":"http:/","invalidateInfo":{"tags":["EAV_ENTITY_TYPES_CUSTOMER_ENTITY","FPC"],"mode":"matchingTag"}} []
[2025-05-02T02:08:07.650742+00:00] main.DEBUG: cache_invalidate:  {"method":"GET","url":"http:/","invalidateInfo":{"tags":["EAV_FORM_adminhtml_customer_FORM","FPC"],"mode":"matchingTag"}} []
[2025-05-02T02:08:07.650914+00:00] main.DEBUG: cache_invalidate:  {"method":"GET","url":"http:/","invalidateInfo":{"tags":["EAV_FORM_customer_account_create_FORM","FPC"],"mode":"matchingTag"}} []
[2025-05-02T02:08:07.651084+00:00] main.DEBUG: cache_invalidate:  {"method":"GET","url":"http:/","invalidateInfo":{"tags":["EAV_FORM_customer_account_edit_FORM","FPC"],"mode":"matchingTag"}} []
[2025-05-02T02:08:07.651252+00:00] main.DEBUG: cache_invalidate:  {"method":"GET","url":"http:/","invalidateInfo":{"tags":["EAV_ATTRIBUTE_customer_lastname","FPC"],"mode":"matchingTag"}} []
[2025-05-02T02:08:07.656098+00:00] main.DEBUG: cache_invalidate:  {"method":"GET","url":"http:/","invalidateInfo":{"tags":["EAV","EAV_ATTRIBUTE"],"mode":"matchingAnyTag"}} []
[2025-05-02T02:08:07.657222+00:00] main.DEBUG: cache_invalidate:  {"method":"GET","url":"http:/","invalidateInfo":{"tags":["EAV","EAV_ATTRIBUTE"],"mode":"matchingAnyTag"}} []
[2025-05-02T02:08:07.657599+00:00] main.DEBUG: cache_invalidate:  {"method":"GET","url":"http:/","invalidateInfo":{"tags":["EAV","EAV_ATTRIBUTE"],"mode":"matchingAnyTag"}} []
[2025-05-02T02:08:07.657897+00:00] main.DEBUG: cache_invalidate:  {"method":"GET","url":"http:/","invalidateInfo":{"tags":["EAV_ATTRIBUTE"],"mode":"matchingAnyTag"}} []
[2025-05-02T02:08:07.658741+00:00] main.DEBUG: cache_invalidate:  {"method":"GET","url":"http:/","invalidateInfo":{"tags":["EAV_ATTRIBUTE_6","FPC"],"mode":"matchingTag"}} []
[2025-05-02T02:08:07.658936+00:00] main.DEBUG: cache_invalidate:  {"method":"GET","url":"http:/","invalidateInfo":{"tags":["EAV_ENTITY_TYPES_CUSTOMER_ENTITY","FPC"],"mode":"matchingTag"}} []
[2025-05-02T02:08:07.659113+00:00] main.DEBUG: cache_invalidate:  {"method":"GET","url":"http:/","invalidateInfo":{"tags":["EAV_FORM_adminhtml_customer_FORM","FPC"],"mode":"matchingTag"}} []
[2025-05-02T02:08:07.659285+00:00] main.DEBUG: cache_invalidate:  {"method":"GET","url":"http:/","invalidateInfo":{"tags":["EAV_FORM_customer_account_create_FORM","FPC"],"mode":"matchingTag"}} []
[2025-05-02T02:08:07.659458+00:00] main.DEBUG: cache_invalidate:  {"method":"GET","url":"http:/","invalidateInfo":{"tags":["EAV_FORM_customer_account_edit_FORM","FPC"],"mode":"matchingTag"}} []
[2025-05-02T02:08:07.659625+00:00] main.DEBUG: cache_invalidate:  {"method":"GET","url":"http:/","invalidateInfo":{"tags":["EAV_ATTRIBUTE_customer_middlename","FPC"],"mode":"matchingTag"}} []
[2025-05-02T02:08:07.664586+00:00] main.DEBUG: cache_invalidate:  {"method":"GET","url":"http:/","invalidateInfo":{"tags":["EAV_ATTRIBUTE_23","FPC"],"mode":"matchingTag"}} []
[2025-05-02T02:08:07.664778+00:00] main.DEBUG: cache_invalidate:  {"method":"GET","url":"http:/","invalidateInfo":{"tags":["EAV_ATTRIBUTE_customer_address_firstname","FPC"],"mode":"matchingTag"}} []
[2025-05-02T02:08:07.665267+00:00] main.DEBUG: cache_invalidate:  {"method":"GET","url":"http:/","invalidateInfo":{"tags":["EAV_ATTRIBUTE_25","FPC"],"mode":"matchingTag"}} []
[2025-05-02T02:08:07.665454+00:00] main.DEBUG: cache_invalidate:  {"method":"GET","url":"http:/","invalidateInfo":{"tags":["EAV_ATTRIBUTE_customer_address_lastname","FPC"],"mode":"matchingTag"}} []
[2025-05-02T02:08:07.665947+00:00] main.DEBUG: cache_invalidate:  {"method":"GET","url":"http:/","invalidateInfo":{"tags":["EAV_ATTRIBUTE_24","FPC"],"mode":"matchingTag"}} []
[2025-05-02T02:08:07.666135+00:00] main.DEBUG: cache_invalidate:  {"method":"GET","url":"http:/","invalidateInfo":{"tags":["EAV_ATTRIBUTE_customer_address_middlename","FPC"],"mode":"matchingTag"}} []
[2025-05-02T02:08:07.666617+00:00] main.DEBUG: cache_invalidate:  {"method":"GET","url":"http:/","invalidateInfo":{"tags":["EAV_ATTRIBUTE_5","FPC"],"mode":"matchingTag"}} []
[2025-05-02T02:08:07.666804+00:00] main.DEBUG: cache_invalidate:  {"method":"GET","url":"http:/","invalidateInfo":{"tags":["EAV_ATTRIBUTE_customer_firstname","FPC"],"mode":"matchingTag"}} []
[2025-05-02T02:08:07.667285+00:00] main.DEBUG: cache_invalidate:  {"method":"GET","url":"http:/","invalidateInfo":{"tags":["EAV_ATTRIBUTE_7","FPC"],"mode":"matchingTag"}} []
[2025-05-02T02:08:07.667470+00:00] main.DEBUG: cache_invalidate:  {"method":"GET","url":"http:/","invalidateInfo":{"tags":["EAV_ATTRIBUTE_customer_lastname","FPC"],"mode":"matchingTag"}} []
[2025-05-02T02:08:07.667949+00:00] main.DEBUG: cache_invalidate:  {"method":"GET","url":"http:/","invalidateInfo":{"tags":["EAV_ATTRIBUTE_6","FPC"],"mode":"matchingTag"}} []
[2025-05-02T02:08:07.668134+00:00] main.DEBUG: cache_invalidate:  {"method":"GET","url":"http:/","invalidateInfo":{"tags":["EAV_ATTRIBUTE_customer_middlename","FPC"],"mode":"matchingTag"}} []
[2025-05-02T02:08:07.776470+00:00] main.DEBUG: cache_invalidate:  {"method":"GET","url":"http:/","invalidateInfo":{"tags":["cms_p"],"mode":"matchingAnyTag"}} []
[2025-05-02T02:08:07.776836+00:00] main.DEBUG: cache_invalidate:  {"method":"GET","url":"http:/","invalidateInfo":{"tags":["cms_p_1","GRAPHQL_QUERY_RESOLVER_RESULT"],"mode":"matchingTag"}} []
[2025-05-02T02:08:07.777067+00:00] main.DEBUG: cache_invalidate:  {"method":"GET","url":"http:/","invalidateInfo":{"tags":["cms_p_1","FPC"],"mode":"matchingTag"}} []
[2025-05-02T02:08:07.824594+00:00] main.DEBUG: cache_invalidate:  {"method":"GET","url":"http:/","invalidateInfo":{"tags":["cms_p"],"mode":"matchingAnyTag"}} []
[2025-05-02T02:08:07.824973+00:00] main.DEBUG: cache_invalidate:  {"method":"GET","url":"http:/","invalidateInfo":{"tags":["cms_p_2","GRAPHQL_QUERY_RESOLVER_RESULT"],"mode":"matchingTag"}} []
[2025-05-02T02:08:07.825210+00:00] main.DEBUG: cache_invalidate:  {"method":"GET","url":"http:/","invalidateInfo":{"tags":["cms_p_2","FPC"],"mode":"matchingTag"}} []
[2025-05-02T02:08:07.844459+00:00] main.DEBUG: cache_invalidate:  {"method":"GET","url":"http:/","invalidateInfo":{"tags":["cms_p"],"mode":"matchingAnyTag"}} []
[2025-05-02T02:08:07.844785+00:00] main.DEBUG: cache_invalidate:  {"method":"GET","url":"http:/","invalidateInfo":{"tags":["cms_p_3","GRAPHQL_QUERY_RESOLVER_RESULT"],"mode":"matchingTag"}} []
[2025-05-02T02:08:07.845016+00:00] main.DEBUG: cache_invalidate:  {"method":"GET","url":"http:/","invalidateInfo":{"tags":["cms_p_3","FPC"],"mode":"matchingTag"}} []
[2025-05-02T02:08:07.853682+00:00] main.DEBUG: cache_invalidate:  {"method":"GET","url":"http:/","invalidateInfo":{"tags":["cms_p"],"mode":"matchingAnyTag"}} []
[2025-05-02T02:08:07.853951+00:00] main.DEBUG: cache_invalidate:  {"method":"GET","url":"http:/","invalidateInfo":{"tags":["cms_p_4","GRAPHQL_QUERY_RESOLVER_RESULT"],"mode":"matchingTag"}} []
[2025-05-02T02:08:07.854179+00:00] main.DEBUG: cache_invalidate:  {"method":"GET","url":"http:/","invalidateInfo":{"tags":["cms_p_4","FPC"],"mode":"matchingTag"}} []
[2025-05-02T02:08:07.864480+00:00] main.DEBUG: cache_invalidate:  {"method":"GET","url":"http:/","invalidateInfo":{"tags":["cms_p_1","FPC"],"mode":"matchingTag"}} []
[2025-05-02T02:08:07.864778+00:00] main.DEBUG: cache_invalidate:  {"method":"GET","url":"http:/","invalidateInfo":{"tags":["cms_p_2","FPC"],"mode":"matchingTag"}} []
[2025-05-02T02:08:07.865005+00:00] main.DEBUG: cache_invalidate:  {"method":"GET","url":"http:/","invalidateInfo":{"tags":["cms_p_3","FPC"],"mode":"matchingTag"}} []
[2025-05-02T02:08:07.865224+00:00] main.DEBUG: cache_invalidate:  {"method":"GET","url":"http:/","invalidateInfo":{"tags":["cms_p_4","FPC"],"mode":"matchingTag"}} []
[2025-05-02T02:08:07.880480+00:00] main.DEBUG: cache_invalidate:  {"method":"GET","url":"http:/","invalidateInfo":{"tags":["cms_p"],"mode":"matchingAnyTag"}} []
[2025-05-02T02:08:07.880874+00:00] main.DEBUG: cache_invalidate:  {"method":"GET","url":"http:/","invalidateInfo":{"tags":["cms_p_4","GRAPHQL_QUERY_RESOLVER_RESULT"],"mode":"matchingTag"}} []
[2025-05-02T02:08:07.881101+00:00] main.DEBUG: cache_invalidate:  {"method":"GET","url":"http:/","invalidateInfo":{"tags":["cms_p_4","FPC"],"mode":"matchingTag"}} []
[2025-05-02T02:08:07.892566+00:00] main.DEBUG: cache_invalidate:  {"method":"GET","url":"http:/","invalidateInfo":{"tags":["cms_p_4","FPC"],"mode":"matchingTag"}} []
[2025-05-02T02:08:07.980926+00:00] main.DEBUG: cache_invalidate:  {"method":"GET","url":"http:/","invalidateInfo":{"tags":["EAV"],"mode":"matchingAnyTag"}} []
[2025-05-02T02:08:07.984518+00:00] main.DEBUG: cache_invalidate:  {"method":"GET","url":"http:/","invalidateInfo":{"tags":["EAV","EAV_ATTRIBUTE"],"mode":"matchingAnyTag"}} []
[2025-05-02T02:08:08.048283+00:00] main.DEBUG: cache_invalidate:  {"method":"GET","url":"http:/","invalidateInfo":{"tags":["EAV","EAV_ATTRIBUTE"],"mode":"matchingAnyTag"}} []
[2025-05-02T02:08:08.529184+00:00] main.DEBUG: cache_invalidate:  {"method":"GET","url":"http:/","invalidateInfo":{"tags":["cat_c_1","cat_c_p_1","cat_c"],"mode":"matchingAnyTag"}} []
[2025-05-02T02:08:08.529618+00:00] main.DEBUG: cache_invalidate:  {"method":"GET","url":"http:/","invalidateInfo":{"tags":["cat_c_1","FPC"],"mode":"matchingTag"}} []
[2025-05-02T02:08:08.529867+00:00] main.DEBUG: cache_invalidate:  {"method":"GET","url":"http:/","invalidateInfo":{"tags":["cat_c_p_1","FPC"],"mode":"matchingTag"}} []
[2025-05-02T02:08:08.530046+00:00] main.DEBUG: cache_invalidate:  {"method":"GET","url":"http:/","invalidateInfo":{"tags":["cat_c","FPC"],"mode":"matchingTag"}} []
[2025-05-02T02:08:08.547663+00:00] main.DEBUG: cache_invalidate:  {"method":"GET","url":"http:/","invalidateInfo":{"tags":["cat_c_1","cat_c","cat_c_p_1"],"mode":"matchingAnyTag"}} []
[2025-05-02T02:08:08.548012+00:00] main.DEBUG: cache_invalidate:  {"method":"GET","url":"http:/","invalidateInfo":{"tags":["cat_c_1","cat_c","cat_c_p_1"],"mode":"matchingAnyTag"}} []
[2025-05-02T02:08:08.558374+00:00] main.DEBUG: cache_invalidate:  {"method":"GET","url":"http:/","invalidateInfo":{"tags":{"0":"cat_c_2","1":"cat_c_p_2","2":"cat_c_p_1","4":"cat_c"},"mode":"matchingAnyTag"}} []
[2025-05-02T02:08:08.558773+00:00] main.DEBUG: cache_invalidate:  {"method":"GET","url":"http:/","invalidateInfo":{"tags":["cat_c_2","FPC"],"mode":"matchingTag"}} []
[2025-05-02T02:08:08.559031+00:00] main.DEBUG: cache_invalidate:  {"method":"GET","url":"http:/","invalidateInfo":{"tags":["cat_c_p_2","FPC"],"mode":"matchingTag"}} []
[2025-05-02T02:08:08.559273+00:00] main.DEBUG: cache_invalidate:  {"method":"GET","url":"http:/","invalidateInfo":{"tags":["cat_c_p_1","FPC"],"mode":"matchingTag"}} []
[2025-05-02T02:08:08.559454+00:00] main.DEBUG: cache_invalidate:  {"method":"GET","url":"http:/","invalidateInfo":{"tags":["cat_c","FPC"],"mode":"matchingTag"}} []
[2025-05-02T02:08:08.560033+00:00] main.DEBUG: cache_invalidate:  {"method":"GET","url":"http:/","invalidateInfo":{"tags":["cat_c_2","cat_c_p_1","cat_c_p_2","cat_c"],"mode":"matchingAnyTag"}} []
[2025-05-02T02:08:08.560334+00:00] main.DEBUG: cache_invalidate:  {"method":"GET","url":"http:/","invalidateInfo":{"tags":["cat_c_2","cat_c_p_1","cat_c_p_2","cat_c"],"mode":"matchingAnyTag"}} []
[2025-05-02T02:08:08.596492+00:00] main.DEBUG: cache_invalidate:  {"method":"GET","url":"http:/","invalidateInfo":{"tags":["cat_c_1","FPC"],"mode":"matchingTag"}} []
[2025-05-02T02:08:08.596739+00:00] main.DEBUG: cache_invalidate:  {"method":"GET","url":"http:/","invalidateInfo":{"tags":["cat_c","FPC"],"mode":"matchingTag"}} []
[2025-05-02T02:08:08.596920+00:00] main.DEBUG: cache_invalidate:  {"method":"GET","url":"http:/","invalidateInfo":{"tags":["cat_c_p_1","FPC"],"mode":"matchingTag"}} []
[2025-05-02T02:08:08.598348+00:00] main.DEBUG: cache_invalidate:  {"method":"GET","url":"http:/","invalidateInfo":{"tags":["cat_c_2","FPC"],"mode":"matchingTag"}} []
[2025-05-02T02:08:08.598550+00:00] main.DEBUG: cache_invalidate:  {"method":"GET","url":"http:/","invalidateInfo":{"tags":["cat_c_p_1","FPC"],"mode":"matchingTag"}} []
[2025-05-02T02:08:08.598726+00:00] main.DEBUG: cache_invalidate:  {"method":"GET","url":"http:/","invalidateInfo":{"tags":["cat_c_p_2","FPC"],"mode":"matchingTag"}} []
[2025-05-02T02:08:08.598898+00:00] main.DEBUG: cache_invalidate:  {"method":"GET","url":"http:/","invalidateInfo":{"tags":["cat_c","FPC"],"mode":"matchingTag"}} []
[2025-05-02T02:08:08.968678+00:00] main.DEBUG: cache_invalidate:  {"method":"GET","url":"http:/","invalidateInfo":{"tags":["EAV","EAV_ATTRIBUTE"],"mode":"matchingAnyTag"}} []
[2025-05-02T02:08:08.969529+00:00] main.DEBUG: cache_invalidate:  {"method":"GET","url":"http:/","invalidateInfo":{"tags":["EAV","EAV_ATTRIBUTE"],"mode":"matchingAnyTag"}} []
[2025-05-02T02:08:08.969897+00:00] main.DEBUG: cache_invalidate:  {"method":"GET","url":"http:/","invalidateInfo":{"tags":["EAV_ATTRIBUTE"],"mode":"matchingAnyTag"}} []
[2025-05-02T02:08:08.970512+00:00] main.DEBUG: cache_invalidate:  {"method":"GET","url":"http:/","invalidateInfo":{"tags":["EAV_ATTRIBUTE_74","FPC"],"mode":"matchingTag"}} []
[2025-05-02T02:08:08.970706+00:00] main.DEBUG: cache_invalidate:  {"method":"GET","url":"http:/","invalidateInfo":{"tags":["EAV_ENTITY_TYPES_CATALOG_PRODUCT_ENTITY","FPC"],"mode":"matchingTag"}} []
[2025-05-02T02:08:08.970888+00:00] main.DEBUG: cache_invalidate:  {"method":"GET","url":"http:/","invalidateInfo":{"tags":["EAV_ATTRIBUTE_catalog_product_sku","FPC"],"mode":"matchingTag"}} []
[2025-05-02T02:08:08.971142+00:00] main.DEBUG: cache_invalidate:  {"method":"GET","url":"http:/","invalidateInfo":{"identifier":"request_declaration"}} []
[2025-05-02T02:08:08.981024+00:00] main.DEBUG: cache_invalidate:  {"method":"GET","url":"http:/","invalidateInfo":{"identifier":"request_declaration"}} []
[2025-05-02T02:08:09.000687+00:00] main.DEBUG: cache_invalidate:  {"method":"GET","url":"http:/","invalidateInfo":{"tags":["EAV","EAV_ATTRIBUTE"],"mode":"matchingAnyTag"}} []
[2025-05-02T02:08:09.001497+00:00] main.DEBUG: cache_invalidate:  {"method":"GET","url":"http:/","invalidateInfo":{"tags":["EAV","EAV_ATTRIBUTE"],"mode":"matchingAnyTag"}} []
[2025-05-02T02:08:09.001850+00:00] main.DEBUG: cache_invalidate:  {"method":"GET","url":"http:/","invalidateInfo":{"tags":["EAV_ATTRIBUTE"],"mode":"matchingAnyTag"}} []
[2025-05-02T02:08:09.002450+00:00] main.DEBUG: cache_invalidate:  {"method":"GET","url":"http:/","invalidateInfo":{"tags":["EAV_ATTRIBUTE_73","FPC"],"mode":"matchingTag"}} []
[2025-05-02T02:08:09.002644+00:00] main.DEBUG: cache_invalidate:  {"method":"GET","url":"http:/","invalidateInfo":{"tags":["EAV_ENTITY_TYPES_CATALOG_PRODUCT_ENTITY","FPC"],"mode":"matchingTag"}} []
[2025-05-02T02:08:09.002822+00:00] main.DEBUG: cache_invalidate:  {"method":"GET","url":"http:/","invalidateInfo":{"tags":["EAV_ATTRIBUTE_catalog_product_name","FPC"],"mode":"matchingTag"}} []
[2025-05-02T02:08:09.003057+00:00] main.DEBUG: cache_invalidate:  {"method":"GET","url":"http:/","invalidateInfo":{"identifier":"request_declaration"}} []
[2025-05-02T02:08:09.012920+00:00] main.DEBUG: cache_invalidate:  {"method":"GET","url":"http:/","invalidateInfo":{"identifier":"request_declaration"}} []
[2025-05-02T02:08:09.030866+00:00] main.DEBUG: cache_invalidate:  {"method":"GET","url":"http:/","invalidateInfo":{"tags":["EAV_ATTRIBUTE_74","FPC"],"mode":"matchingTag"}} []
[2025-05-02T02:08:09.031126+00:00] main.DEBUG: cache_invalidate:  {"method":"GET","url":"http:/","invalidateInfo":{"tags":["EAV_ATTRIBUTE_catalog_product_sku","FPC"],"mode":"matchingTag"}} []
[2025-05-02T02:08:09.031394+00:00] main.DEBUG: cache_invalidate:  {"method":"GET","url":"http:/","invalidateInfo":{"tags":["EAV_ATTRIBUTE_73","FPC"],"mode":"matchingTag"}} []
[2025-05-02T02:08:09.031578+00:00] main.DEBUG: cache_invalidate:  {"method":"GET","url":"http:/","invalidateInfo":{"tags":["EAV_ATTRIBUTE_catalog_product_name","FPC"],"mode":"matchingTag"}} []
[2025-05-02T02:08:09.204036+00:00] main.DEBUG: cache_invalidate:  {"method":"GET","url":"http:/","invalidateInfo":{"tags":["EAV"],"mode":"matchingAnyTag"}} []
[2025-05-02T02:08:09.208038+00:00] main.DEBUG: cache_invalidate:  {"method":"GET","url":"http:/","invalidateInfo":{"tags":["EAV","EAV_ATTRIBUTE"],"mode":"matchingAnyTag"}} []
[2025-05-02T02:08:09.211315+00:00] main.DEBUG: cache_invalidate:  {"method":"GET","url":"http:/","invalidateInfo":{"tags":["EAV","EAV_ATTRIBUTE"],"mode":"matchingAnyTag"}} []
[2025-05-02T02:08:09.431648+00:00] main.DEBUG: cache_invalidate:  {"method":"GET","url":"http:/","invalidateInfo":{"tags":["EAV","EAV_ATTRIBUTE"],"mode":"matchingAnyTag"}} []
[2025-05-02T02:08:09.434570+00:00] main.DEBUG: cache_invalidate:  {"method":"GET","url":"http:/","invalidateInfo":{"tags":["EAV","EAV_ATTRIBUTE"],"mode":"matchingAnyTag"}} []
[2025-05-02T02:08:09.475982+00:00] main.DEBUG: cache_invalidate:  {"method":"GET","url":"http:/","invalidateInfo":{"tags":["EAV","EAV_ATTRIBUTE"],"mode":"matchingAnyTag"}} []
[2025-05-02T02:08:09.505353+00:00] main.DEBUG: cache_invalidate:  {"method":"GET","url":"http:/","invalidateInfo":{"tags":["EAV","EAV_ATTRIBUTE"],"mode":"matchingAnyTag"}} []
[2025-05-02T02:08:09.514193+00:00] main.DEBUG: cache_invalidate:  {"method":"GET","url":"http:/","invalidateInfo":{"tags":["EAV","EAV_ATTRIBUTE"],"mode":"matchingAnyTag"}} []
[2025-05-02T02:08:09.519856+00:00] main.DEBUG: cache_invalidate:  {"method":"GET","url":"http:/","invalidateInfo":{"tags":["EAV","EAV_ATTRIBUTE"],"mode":"matchingAnyTag"}} []
[2025-05-02T02:08:09.939264+00:00] main.DEBUG: cache_invalidate:  {"method":"GET","url":"http:/","invalidateInfo":{"tags":["cms_p"],"mode":"matchingAnyTag"}} []
[2025-05-02T02:08:09.939815+00:00] main.DEBUG: cache_invalidate:  {"method":"GET","url":"http:/","invalidateInfo":{"tags":["cms_p_2","GRAPHQL_QUERY_RESOLVER_RESULT"],"mode":"matchingTag"}} []
[2025-05-02T02:08:09.940161+00:00] main.DEBUG: cache_invalidate:  {"method":"GET","url":"http:/","invalidateInfo":{"tags":["cms_p_2","FPC"],"mode":"matchingTag"}} []
[2025-05-02T02:08:09.944880+00:00] main.DEBUG: cache_invalidate:  {"method":"GET","url":"http:/","invalidateInfo":{"tags":["cms_p_2","FPC"],"mode":"matchingTag"}} []
[2025-05-02T02:08:10.155795+00:00] main.DEBUG: cache_invalidate:  {"method":"GET","url":"http:/","invalidateInfo":{"tags":["CONFIG"],"mode":"matchingTag"}} []
[2025-05-02T02:08:10.992051+00:00] main.DEBUG: cache_invalidate:  {"method":"GET","url":"http:/","invalidateInfo":{"identifier":"DB_PDO_MYSQL_DDL_design_config_grid_flat_1"}} []
[2025-05-02T02:08:10.992383+00:00] main.DEBUG: cache_invalidate:  {"method":"GET","url":"http:/","invalidateInfo":{"identifier":"DB_PDO_MYSQL_DDL_design_config_grid_flat_2"}} []
[2025-05-02T02:08:10.992566+00:00] main.DEBUG: cache_invalidate:  {"method":"GET","url":"http:/","invalidateInfo":{"identifier":"DB_PDO_MYSQL_DDL_design_config_grid_flat_3"}} []
[2025-05-02T02:08:10.992733+00:00] main.DEBUG: cache_invalidate:  {"method":"GET","url":"http:/","invalidateInfo":{"identifier":"DB_PDO_MYSQL_DDL_design_config_grid_flat_4"}} []
[2025-05-02T02:08:10.992902+00:00] main.DEBUG: cache_invalidate:  {"method":"GET","url":"http:/","invalidateInfo":{"identifier":"DB_PDO_MYSQL_DDL_design_config_grid_flat_5"}} []
[2025-05-02T02:08:11.206885+00:00] main.DEBUG: cache_invalidate:  {"method":"GET","url":"http:/","invalidateInfo":{"identifier":"DB_PDO_MYSQL_DDL_customer_grid_flat_1"}} []
[2025-05-02T02:08:11.207264+00:00] main.DEBUG: cache_invalidate:  {"method":"GET","url":"http:/","invalidateInfo":{"identifier":"DB_PDO_MYSQL_DDL_customer_grid_flat_2"}} []
[2025-05-02T02:08:11.207442+00:00] main.DEBUG: cache_invalidate:  {"method":"GET","url":"http:/","invalidateInfo":{"identifier":"DB_PDO_MYSQL_DDL_customer_grid_flat_3"}} []
[2025-05-02T02:08:11.207615+00:00] main.DEBUG: cache_invalidate:  {"method":"GET","url":"http:/","invalidateInfo":{"identifier":"DB_PDO_MYSQL_DDL_customer_grid_flat_4"}} []
[2025-05-02T02:08:11.207784+00:00] main.DEBUG: cache_invalidate:  {"method":"GET","url":"http:/","invalidateInfo":{"identifier":"DB_PDO_MYSQL_DDL_customer_grid_flat_5"}} []
[2025-05-02T02:08:11.477669+00:00] main.DEBUG: cache_invalidate:  {"method":"GET","url":"http:/","invalidateInfo":{"tags":["CONFIG"],"mode":"matchingTag"}} []
[2025-05-02T02:08:11.492161+00:00] main.DEBUG: cache_invalidate:  {"method":"GET","url":"http:/","invalidateInfo":{"tags":["LAYOUT_GENERAL_CACHE_TAG"],"mode":"matchingTag"}} []
[2025-05-02T02:08:11.492948+00:00] main.DEBUG: cache_invalidate:  {"method":"GET","url":"http:/","invalidateInfo":{"tags":["BLOCK_HTML"],"mode":"matchingTag"}} []
[2025-05-02T02:08:11.493648+00:00] main.DEBUG: cache_invalidate:  {"method":"GET","url":"http:/","invalidateInfo":{"tags":["COLLECTION_DATA"],"mode":"matchingTag"}} []
[2025-05-02T02:08:11.494344+00:00] main.DEBUG: cache_invalidate:  {"method":"GET","url":"http:/","invalidateInfo":{"tags":["REFLECTION"],"mode":"matchingTag"}} []
[2025-05-02T02:08:11.506420+00:00] main.DEBUG: cache_invalidate:  {"method":"GET","url":"http:/","invalidateInfo":{"tags":["DB_DDL"],"mode":"matchingTag"}} []
[2025-05-02T02:08:11.507537+00:00] main.DEBUG: cache_invalidate:  {"method":"GET","url":"http:/","invalidateInfo":{"tags":["COMPILED_CONFIG"],"mode":"matchingTag"}} []
[2025-05-02T02:08:11.508294+00:00] main.DEBUG: cache_invalidate:  {"method":"GET","url":"http:/","invalidateInfo":{"tags":["EAV"],"mode":"matchingTag"}} []
[2025-05-02T02:08:11.508981+00:00] main.DEBUG: cache_invalidate:  {"method":"GET","url":"http:/","invalidateInfo":{"tags":["CUSTOMER_NOTIFICATION"],"mode":"matchingTag"}} []
[2025-05-02T02:08:11.509674+00:00] main.DEBUG: cache_invalidate:  {"method":"GET","url":"http:/","invalidateInfo":{"tags":["INTEGRATION"],"mode":"matchingTag"}} []
[2025-05-02T02:08:11.510384+00:00] main.DEBUG: cache_invalidate:  {"method":"GET","url":"http:/","invalidateInfo":{"tags":["INTEGRATION_API_CONFIG"],"mode":"matchingTag"}} []
[2025-05-02T02:08:11.511072+00:00] main.DEBUG: cache_invalidate:  {"method":"GET","url":"http:/","invalidateInfo":{"tags":["GRAPHQL_QUERY_RESOLVER_RESULT"],"mode":"matchingTag"}} []
[2025-05-02T02:08:11.511793+00:00] main.DEBUG: cache_invalidate:  {"method":"GET","url":"http:/","invalidateInfo":{"tags":["FPC"],"mode":"matchingTag"}} []
[2025-05-02T02:08:11.512483+00:00] main.DEBUG: cache_invalidate:  {"method":"GET","url":"http:/","invalidateInfo":{"tags":["WEBSERVICE"],"mode":"matchingTag"}} []
[2025-05-02T02:08:11.513169+00:00] main.DEBUG: cache_invalidate:  {"method":"GET","url":"http:/","invalidateInfo":{"tags":["TRANSLATE"],"mode":"matchingTag"}} []
[2025-05-02T02:08:11.982956+00:00] main.DEBUG: cache_invalidate:  {"method":"GET","url":"http:/","invalidateInfo":{"identifier":"DB_PDO_MYSQL_DDL_cataloginventory_stock_status_1"}} []
[2025-05-02T02:08:11.983287+00:00] main.DEBUG: cache_invalidate:  {"method":"GET","url":"http:/","invalidateInfo":{"identifier":"DB_PDO_MYSQL_DDL_cataloginventory_stock_status_2"}} []
[2025-05-02T02:08:11.983475+00:00] main.DEBUG: cache_invalidate:  {"method":"GET","url":"http:/","invalidateInfo":{"identifier":"DB_PDO_MYSQL_DDL_cataloginventory_stock_status_3"}} []
[2025-05-02T02:08:11.983658+00:00] main.DEBUG: cache_invalidate:  {"method":"GET","url":"http:/","invalidateInfo":{"identifier":"DB_PDO_MYSQL_DDL_cataloginventory_stock_status_4"}} []
[2025-05-02T02:08:11.983840+00:00] main.DEBUG: cache_invalidate:  {"method":"GET","url":"http:/","invalidateInfo":{"identifier":"DB_PDO_MYSQL_DDL_cataloginventory_stock_status_5"}} []
[2025-05-02T02:08:11.984018+00:00] main.DEBUG: cache_invalidate:  {"method":"GET","url":"http:/","invalidateInfo":{"identifier":"DB_PDO_MYSQL_DDL_cataloginventory_stock_status_outdated_1"}} []
[2025-05-02T02:08:11.984195+00:00] main.DEBUG: cache_invalidate:  {"method":"GET","url":"http:/","invalidateInfo":{"identifier":"DB_PDO_MYSQL_DDL_cataloginventory_stock_status_outdated_2"}} []
[2025-05-02T02:08:11.984369+00:00] main.DEBUG: cache_invalidate:  {"method":"GET","url":"http:/","invalidateInfo":{"identifier":"DB_PDO_MYSQL_DDL_cataloginventory_stock_status_outdated_3"}} []
[2025-05-02T02:08:11.984537+00:00] main.DEBUG: cache_invalidate:  {"method":"GET","url":"http:/","invalidateInfo":{"identifier":"DB_PDO_MYSQL_DDL_cataloginventory_stock_status_outdated_4"}} []
[2025-05-02T02:08:11.984699+00:00] main.DEBUG: cache_invalidate:  {"method":"GET","url":"http:/","invalidateInfo":{"identifier":"DB_PDO_MYSQL_DDL_cataloginventory_stock_status_outdated_5"}} []
[2025-05-02T02:08:11.984864+00:00] main.DEBUG: cache_invalidate:  {"method":"GET","url":"http:/","invalidateInfo":{"identifier":"DB_PDO_MYSQL_DDL_cataloginventory_stock_status_replica_1"}} []
[2025-05-02T02:08:11.985037+00:00] main.DEBUG: cache_invalidate:  {"method":"GET","url":"http:/","invalidateInfo":{"identifier":"DB_PDO_MYSQL_DDL_cataloginventory_stock_status_replica_2"}} []
[2025-05-02T02:08:11.985202+00:00] main.DEBUG: cache_invalidate:  {"method":"GET","url":"http:/","invalidateInfo":{"identifier":"DB_PDO_MYSQL_DDL_cataloginventory_stock_status_replica_3"}} []
[2025-05-02T02:08:11.985371+00:00] main.DEBUG: cache_invalidate:  {"method":"GET","url":"http:/","invalidateInfo":{"identifier":"DB_PDO_MYSQL_DDL_cataloginventory_stock_status_replica_4"}} []
[2025-05-02T02:08:11.986616+00:00] main.DEBUG: cache_invalidate:  {"method":"GET","url":"http:/","invalidateInfo":{"identifier":"DB_PDO_MYSQL_DDL_cataloginventory_stock_status_replica_5"}} []
[2025-05-02T02:08:11.987036+00:00] main.DEBUG: cache_invalidate:  {"method":"GET","url":"http:/","invalidateInfo":{"tags":["cat_c","FPC"],"mode":"matchingTag"}} []
[2025-05-02T02:08:11.987226+00:00] main.DEBUG: cache_invalidate:  {"method":"GET","url":"http:/","invalidateInfo":{"tags":["cat_p","FPC"],"mode":"matchingTag"}} []
[2025-05-02T02:08:11.987446+00:00] main.DEBUG: cache_invalidate:  {"method":"GET","url":"http:/","invalidateInfo":{"tags":["cat_c","cat_p"],"mode":"matchingAnyTag"}} []
[2025-05-02T02:08:12.123462+00:00] main.DEBUG: cache_invalidate:  {"method":"GET","url":"http:/","invalidateInfo":{"identifier":"DB_PDO_MYSQL_DDL_customer_grid_flat_1"}} []
[2025-05-02T02:08:12.123757+00:00] main.DEBUG: cache_invalidate:  {"method":"GET","url":"http:/","invalidateInfo":{"identifier":"DB_PDO_MYSQL_DDL_customer_grid_flat_2"}} []
[2025-05-02T02:08:12.123942+00:00] main.DEBUG: cache_invalidate:  {"method":"GET","url":"http:/","invalidateInfo":{"identifier":"DB_PDO_MYSQL_DDL_customer_grid_flat_3"}} []
[2025-05-02T02:08:12.124125+00:00] main.DEBUG: cache_invalidate:  {"method":"GET","url":"http:/","invalidateInfo":{"identifier":"DB_PDO_MYSQL_DDL_customer_grid_flat_4"}} []
[2025-05-02T02:08:12.125374+00:00] main.DEBUG: cache_invalidate:  {"method":"GET","url":"http:/","invalidateInfo":{"identifier":"DB_PDO_MYSQL_DDL_customer_grid_flat_5"}} []
[2025-05-02T02:08:12.284023+00:00] main.DEBUG: cache_invalidate:  {"method":"GET","url":"http:/","invalidateInfo":{"identifier":"DB_PDO_MYSQL_DDL_customer_grid_flat_1"}} []
[2025-05-02T02:08:12.285053+00:00] main.DEBUG: cache_invalidate:  {"method":"GET","url":"http:/","invalidateInfo":{"identifier":"DB_PDO_MYSQL_DDL_customer_grid_flat_2"}} []
[2025-05-02T02:08:12.285926+00:00] main.DEBUG: cache_invalidate:  {"method":"GET","url":"http:/","invalidateInfo":{"identifier":"DB_PDO_MYSQL_DDL_customer_grid_flat_3"}} []
[2025-05-02T02:08:12.286765+00:00] main.DEBUG: cache_invalidate:  {"method":"GET","url":"http:/","invalidateInfo":{"identifier":"DB_PDO_MYSQL_DDL_customer_grid_flat_4"}} []
[2025-05-02T02:08:12.287635+00:00] main.DEBUG: cache_invalidate:  {"method":"GET","url":"http:/","invalidateInfo":{"identifier":"DB_PDO_MYSQL_DDL_customer_grid_flat_5"}} []
[2025-05-02T02:08:12.528853+00:00] main.DEBUG: cache_invalidate:  {"method":"GET","url":"http:/","invalidateInfo":{"identifier":"DB_PDO_MYSQL_DDL_catalog_category_product_index_store1_1"}} []
[2025-05-02T02:08:12.529195+00:00] main.DEBUG: cache_invalidate:  {"method":"GET","url":"http:/","invalidateInfo":{"identifier":"DB_PDO_MYSQL_DDL_catalog_category_product_index_store1_2"}} []
[2025-05-02T02:08:12.529383+00:00] main.DEBUG: cache_invalidate:  {"method":"GET","url":"http:/","invalidateInfo":{"identifier":"DB_PDO_MYSQL_DDL_catalog_category_product_index_store1_3"}} []
[2025-05-02T02:08:12.529571+00:00] main.DEBUG: cache_invalidate:  {"method":"GET","url":"http:/","invalidateInfo":{"identifier":"DB_PDO_MYSQL_DDL_catalog_category_product_index_store1_4"}} []
[2025-05-02T02:08:12.530920+00:00] main.DEBUG: cache_invalidate:  {"method":"GET","url":"http:/","invalidateInfo":{"identifier":"DB_PDO_MYSQL_DDL_catalog_category_product_index_store1_5"}} []
[2025-05-02T02:08:12.531201+00:00] main.DEBUG: cache_invalidate:  {"method":"GET","url":"http:/","invalidateInfo":{"identifier":"DB_PDO_MYSQL_DDL_catalog_category_product_index_store1_outdated_1"}} []
[2025-05-02T02:08:12.531391+00:00] main.DEBUG: cache_invalidate:  {"method":"GET","url":"http:/","invalidateInfo":{"identifier":"DB_PDO_MYSQL_DDL_catalog_category_product_index_store1_outdated_2"}} []
[2025-05-02T02:08:12.531573+00:00] main.DEBUG: cache_invalidate:  {"method":"GET","url":"http:/","invalidateInfo":{"identifier":"DB_PDO_MYSQL_DDL_catalog_category_product_index_store1_outdated_3"}} []
[2025-05-02T02:08:12.531753+00:00] main.DEBUG: cache_invalidate:  {"method":"GET","url":"http:/","invalidateInfo":{"identifier":"DB_PDO_MYSQL_DDL_catalog_category_product_index_store1_outdated_4"}} []
[2025-05-02T02:08:12.531938+00:00] main.DEBUG: cache_invalidate:  {"method":"GET","url":"http:/","invalidateInfo":{"identifier":"DB_PDO_MYSQL_DDL_catalog_category_product_index_store1_outdated_5"}} []
[2025-05-02T02:08:12.533240+00:00] main.DEBUG: cache_invalidate:  {"method":"GET","url":"http:/","invalidateInfo":{"identifier":"DB_PDO_MYSQL_DDL_catalog_category_product_index_store1_replica_1"}} []
[2025-05-02T02:08:12.533504+00:00] main.DEBUG: cache_invalidate:  {"method":"GET","url":"http:/","invalidateInfo":{"identifier":"DB_PDO_MYSQL_DDL_catalog_category_product_index_store1_replica_2"}} []
[2025-05-02T02:08:12.533694+00:00] main.DEBUG: cache_invalidate:  {"method":"GET","url":"http:/","invalidateInfo":{"identifier":"DB_PDO_MYSQL_DDL_catalog_category_product_index_store1_replica_3"}} []
[2025-05-02T02:08:12.533874+00:00] main.DEBUG: cache_invalidate:  {"method":"GET","url":"http:/","invalidateInfo":{"identifier":"DB_PDO_MYSQL_DDL_catalog_category_product_index_store1_replica_4"}} []
[2025-05-02T02:08:12.535172+00:00] main.DEBUG: cache_invalidate:  {"method":"GET","url":"http:/","invalidateInfo":{"identifier":"DB_PDO_MYSQL_DDL_catalog_category_product_index_store1_replica_5"}} []
[2025-05-02T02:08:12.535848+00:00] main.DEBUG: cache_invalidate:  {"method":"GET","url":"http:/","invalidateInfo":{"tags":["cat_c","FPC"],"mode":"matchingTag"}} []
[2025-05-02T02:08:12.536086+00:00] main.DEBUG: cache_invalidate:  {"method":"GET","url":"http:/","invalidateInfo":{"tags":["cat_c"],"mode":"matchingAnyTag"}} []
[2025-05-02T02:08:12.737778+00:00] main.DEBUG: cache_invalidate:  {"method":"GET","url":"http:/","invalidateInfo":{"identifier":"DB_PDO_MYSQL_DDL_catalog_category_product_index_store1_1"}} []
[2025-05-02T02:08:12.738825+00:00] main.DEBUG: cache_invalidate:  {"method":"GET","url":"http:/","invalidateInfo":{"identifier":"DB_PDO_MYSQL_DDL_catalog_category_product_index_store1_2"}} []
[2025-05-02T02:08:12.739711+00:00] main.DEBUG: cache_invalidate:  {"method":"GET","url":"http:/","invalidateInfo":{"identifier":"DB_PDO_MYSQL_DDL_catalog_category_product_index_store1_3"}} []
[2025-05-02T02:08:12.740568+00:00] main.DEBUG: cache_invalidate:  {"method":"GET","url":"http:/","invalidateInfo":{"identifier":"DB_PDO_MYSQL_DDL_catalog_category_product_index_store1_4"}} []
[2025-05-02T02:08:12.747501+00:00] main.DEBUG: cache_invalidate:  {"method":"GET","url":"http:/","invalidateInfo":{"identifier":"DB_PDO_MYSQL_DDL_catalog_category_product_index_store1_5"}} []
[2025-05-02T02:08:12.748800+00:00] main.DEBUG: cache_invalidate:  {"method":"GET","url":"http:/","invalidateInfo":{"identifier":"DB_PDO_MYSQL_DDL_catalog_category_product_index_store1_outdated_1"}} []
[2025-05-02T02:08:12.749693+00:00] main.DEBUG: cache_invalidate:  {"method":"GET","url":"http:/","invalidateInfo":{"identifier":"DB_PDO_MYSQL_DDL_catalog_category_product_index_store1_outdated_2"}} []
[2025-05-02T02:08:12.750547+00:00] main.DEBUG: cache_invalidate:  {"method":"GET","url":"http:/","invalidateInfo":{"identifier":"DB_PDO_MYSQL_DDL_catalog_category_product_index_store1_outdated_3"}} []
[2025-05-02T02:08:12.751628+00:00] main.DEBUG: cache_invalidate:  {"method":"GET","url":"http:/","invalidateInfo":{"identifier":"DB_PDO_MYSQL_DDL_catalog_category_product_index_store1_outdated_4"}} []
[2025-05-02T02:08:12.752478+00:00] main.DEBUG: cache_invalidate:  {"method":"GET","url":"http:/","invalidateInfo":{"identifier":"DB_PDO_MYSQL_DDL_catalog_category_product_index_store1_outdated_5"}} []
[2025-05-02T02:08:12.757541+00:00] main.DEBUG: cache_invalidate:  {"method":"GET","url":"http:/","invalidateInfo":{"identifier":"DB_PDO_MYSQL_DDL_catalog_category_product_index_store1_replica_1"}} []
[2025-05-02T02:08:12.758436+00:00] main.DEBUG: cache_invalidate:  {"method":"GET","url":"http:/","invalidateInfo":{"identifier":"DB_PDO_MYSQL_DDL_catalog_category_product_index_store1_replica_2"}} []
[2025-05-02T02:08:12.759060+00:00] main.DEBUG: cache_invalidate:  {"method":"GET","url":"http:/","invalidateInfo":{"identifier":"DB_PDO_MYSQL_DDL_catalog_category_product_index_store1_replica_3"}} []
[2025-05-02T02:08:12.759661+00:00] main.DEBUG: cache_invalidate:  {"method":"GET","url":"http:/","invalidateInfo":{"identifier":"DB_PDO_MYSQL_DDL_catalog_category_product_index_store1_replica_4"}} []
[2025-05-02T02:08:12.762850+00:00] main.DEBUG: cache_invalidate:  {"method":"GET","url":"http:/","invalidateInfo":{"identifier":"DB_PDO_MYSQL_DDL_catalog_category_product_index_store1_replica_5"}} []
[2025-05-02T02:08:12.764275+00:00] main.DEBUG: cache_invalidate:  {"method":"GET","url":"http:/","invalidateInfo":{"tags":["cat_c","FPC"],"mode":"matchingTag"}} []
[2025-05-02T02:08:12.764805+00:00] main.DEBUG: cache_invalidate:  {"method":"GET","url":"http:/","invalidateInfo":{"tags":["cat_p","FPC"],"mode":"matchingTag"}} []
[2025-05-02T02:08:12.765294+00:00] main.DEBUG: cache_invalidate:  {"method":"GET","url":"http:/","invalidateInfo":{"tags":["cat_c","cat_p"],"mode":"matchingAnyTag"}} []
[2025-05-02T02:08:13.367522+00:00] main.DEBUG: cache_invalidate:  {"method":"GET","url":"http:/","invalidateInfo":{"identifier":"DB_PDO_MYSQL_DDL_catalogrule_product_1"}} []
[2025-05-02T02:08:13.367841+00:00] main.DEBUG: cache_invalidate:  {"method":"GET","url":"http:/","invalidateInfo":{"identifier":"DB_PDO_MYSQL_DDL_catalogrule_product_2"}} []
[2025-05-02T02:08:13.368025+00:00] main.DEBUG: cache_invalidate:  {"method":"GET","url":"http:/","invalidateInfo":{"identifier":"DB_PDO_MYSQL_DDL_catalogrule_product_3"}} []
[2025-05-02T02:08:13.368200+00:00] main.DEBUG: cache_invalidate:  {"method":"GET","url":"http:/","invalidateInfo":{"identifier":"DB_PDO_MYSQL_DDL_catalogrule_product_4"}} []
[2025-05-02T02:08:13.368372+00:00] main.DEBUG: cache_invalidate:  {"method":"GET","url":"http:/","invalidateInfo":{"identifier":"DB_PDO_MYSQL_DDL_catalogrule_product_5"}} []
[2025-05-02T02:08:13.368547+00:00] main.DEBUG: cache_invalidate:  {"method":"GET","url":"http:/","invalidateInfo":{"identifier":"DB_PDO_MYSQL_DDL_catalogrule_product5fbd7b4d_1"}} []
[2025-05-02T02:08:13.368716+00:00] main.DEBUG: cache_invalidate:  {"method":"GET","url":"http:/","invalidateInfo":{"identifier":"DB_PDO_MYSQL_DDL_catalogrule_product5fbd7b4d_2"}} []
[2025-05-02T02:08:13.368897+00:00] main.DEBUG: cache_invalidate:  {"method":"GET","url":"http:/","invalidateInfo":{"identifier":"DB_PDO_MYSQL_DDL_catalogrule_product5fbd7b4d_3"}} []
[2025-05-02T02:08:13.369073+00:00] main.DEBUG: cache_invalidate:  {"method":"GET","url":"http:/","invalidateInfo":{"identifier":"DB_PDO_MYSQL_DDL_catalogrule_product5fbd7b4d_4"}} []
[2025-05-02T02:08:13.369239+00:00] main.DEBUG: cache_invalidate:  {"method":"GET","url":"http:/","invalidateInfo":{"identifier":"DB_PDO_MYSQL_DDL_catalogrule_product5fbd7b4d_5"}} []
[2025-05-02T02:08:13.369408+00:00] main.DEBUG: cache_invalidate:  {"method":"GET","url":"http:/","invalidateInfo":{"identifier":"DB_PDO_MYSQL_DDL_catalogrule_product__temp9197aaf8_1"}} []
[2025-05-02T02:08:13.369572+00:00] main.DEBUG: cache_invalidate:  {"method":"GET","url":"http:/","invalidateInfo":{"identifier":"DB_PDO_MYSQL_DDL_catalogrule_product__temp9197aaf8_2"}} []
[2025-05-02T02:08:13.369733+00:00] main.DEBUG: cache_invalidate:  {"method":"GET","url":"http:/","invalidateInfo":{"identifier":"DB_PDO_MYSQL_DDL_catalogrule_product__temp9197aaf8_3"}} []
[2025-05-02T02:08:13.369897+00:00] main.DEBUG: cache_invalidate:  {"method":"GET","url":"http:/","invalidateInfo":{"identifier":"DB_PDO_MYSQL_DDL_catalogrule_product__temp9197aaf8_4"}} []
[2025-05-02T02:08:13.370059+00:00] main.DEBUG: cache_invalidate:  {"method":"GET","url":"http:/","invalidateInfo":{"identifier":"DB_PDO_MYSQL_DDL_catalogrule_product__temp9197aaf8_5"}} []
[2025-05-02T02:08:13.370229+00:00] main.DEBUG: cache_invalidate:  {"method":"GET","url":"http:/","invalidateInfo":{"identifier":"DB_PDO_MYSQL_DDL_catalogrule_product_price_1"}} []
[2025-05-02T02:08:13.370393+00:00] main.DEBUG: cache_invalidate:  {"method":"GET","url":"http:/","invalidateInfo":{"identifier":"DB_PDO_MYSQL_DDL_catalogrule_product_price_2"}} []
[2025-05-02T02:08:13.370557+00:00] main.DEBUG: cache_invalidate:  {"method":"GET","url":"http:/","invalidateInfo":{"identifier":"DB_PDO_MYSQL_DDL_catalogrule_product_price_3"}} []
[2025-05-02T02:08:13.370716+00:00] main.DEBUG: cache_invalidate:  {"method":"GET","url":"http:/","invalidateInfo":{"identifier":"DB_PDO_MYSQL_DDL_catalogrule_product_price_4"}} []
[2025-05-02T02:08:13.370874+00:00] main.DEBUG: cache_invalidate:  {"method":"GET","url":"http:/","invalidateInfo":{"identifier":"DB_PDO_MYSQL_DDL_catalogrule_product_price_5"}} []
[2025-05-02T02:08:13.371043+00:00] main.DEBUG: cache_invalidate:  {"method":"GET","url":"http:/","invalidateInfo":{"identifier":"DB_PDO_MYSQL_DDL_catalogrule_product_priceddbdfcfd_1"}} []
[2025-05-02T02:08:13.371206+00:00] main.DEBUG: cache_invalidate:  {"method":"GET","url":"http:/","invalidateInfo":{"identifier":"DB_PDO_MYSQL_DDL_catalogrule_product_priceddbdfcfd_2"}} []
[2025-05-02T02:08:13.371365+00:00] main.DEBUG: cache_invalidate:  {"method":"GET","url":"http:/","invalidateInfo":{"identifier":"DB_PDO_MYSQL_DDL_catalogrule_product_priceddbdfcfd_3"}} []
[2025-05-02T02:08:13.371528+00:00] main.DEBUG: cache_invalidate:  {"method":"GET","url":"http:/","invalidateInfo":{"identifier":"DB_PDO_MYSQL_DDL_catalogrule_product_priceddbdfcfd_4"}} []
[2025-05-02T02:08:13.371689+00:00] main.DEBUG: cache_invalidate:  {"method":"GET","url":"http:/","invalidateInfo":{"identifier":"DB_PDO_MYSQL_DDL_catalogrule_product_priceddbdfcfd_5"}} []
[2025-05-02T02:08:13.371856+00:00] main.DEBUG: cache_invalidate:  {"method":"GET","url":"http:/","invalidateInfo":{"identifier":"DB_PDO_MYSQL_DDL_catalogrule_product_price__temp154dc93a_1"}} []
[2025-05-02T02:08:13.372020+00:00] main.DEBUG: cache_invalidate:  {"method":"GET","url":"http:/","invalidateInfo":{"identifier":"DB_PDO_MYSQL_DDL_catalogrule_product_price__temp154dc93a_2"}} []
[2025-05-02T02:08:13.372197+00:00] main.DEBUG: cache_invalidate:  {"method":"GET","url":"http:/","invalidateInfo":{"identifier":"DB_PDO_MYSQL_DDL_catalogrule_product_price__temp154dc93a_3"}} []
[2025-05-02T02:08:13.372362+00:00] main.DEBUG: cache_invalidate:  {"method":"GET","url":"http:/","invalidateInfo":{"identifier":"DB_PDO_MYSQL_DDL_catalogrule_product_price__temp154dc93a_4"}} []
[2025-05-02T02:08:13.372524+00:00] main.DEBUG: cache_invalidate:  {"method":"GET","url":"http:/","invalidateInfo":{"identifier":"DB_PDO_MYSQL_DDL_catalogrule_product_price__temp154dc93a_5"}} []
[2025-05-02T02:08:13.372691+00:00] main.DEBUG: cache_invalidate:  {"method":"GET","url":"http:/","invalidateInfo":{"identifier":"DB_PDO_MYSQL_DDL_catalogrule_group_website_1"}} []
[2025-05-02T02:08:13.372851+00:00] main.DEBUG: cache_invalidate:  {"method":"GET","url":"http:/","invalidateInfo":{"identifier":"DB_PDO_MYSQL_DDL_catalogrule_group_website_2"}} []
[2025-05-02T02:08:13.373012+00:00] main.DEBUG: cache_invalidate:  {"method":"GET","url":"http:/","invalidateInfo":{"identifier":"DB_PDO_MYSQL_DDL_catalogrule_group_website_3"}} []
[2025-05-02T02:08:13.373171+00:00] main.DEBUG: cache_invalidate:  {"method":"GET","url":"http:/","invalidateInfo":{"identifier":"DB_PDO_MYSQL_DDL_catalogrule_group_website_4"}} []
[2025-05-02T02:08:13.373330+00:00] main.DEBUG: cache_invalidate:  {"method":"GET","url":"http:/","invalidateInfo":{"identifier":"DB_PDO_MYSQL_DDL_catalogrule_group_website_5"}} []
[2025-05-02T02:08:13.373494+00:00] main.DEBUG: cache_invalidate:  {"method":"GET","url":"http:/","invalidateInfo":{"identifier":"DB_PDO_MYSQL_DDL_catalogrule_group_website59455fa4_1"}} []
[2025-05-02T02:08:13.373655+00:00] main.DEBUG: cache_invalidate:  {"method":"GET","url":"http:/","invalidateInfo":{"identifier":"DB_PDO_MYSQL_DDL_catalogrule_group_website59455fa4_2"}} []
[2025-05-02T02:08:13.373814+00:00] main.DEBUG: cache_invalidate:  {"method":"GET","url":"http:/","invalidateInfo":{"identifier":"DB_PDO_MYSQL_DDL_catalogrule_group_website59455fa4_3"}} []
[2025-05-02T02:08:13.373975+00:00] main.DEBUG: cache_invalidate:  {"method":"GET","url":"http:/","invalidateInfo":{"identifier":"DB_PDO_MYSQL_DDL_catalogrule_group_website59455fa4_4"}} []
[2025-05-02T02:08:13.374133+00:00] main.DEBUG: cache_invalidate:  {"method":"GET","url":"http:/","invalidateInfo":{"identifier":"DB_PDO_MYSQL_DDL_catalogrule_group_website59455fa4_5"}} []
[2025-05-02T02:08:13.374298+00:00] main.DEBUG: cache_invalidate:  {"method":"GET","url":"http:/","invalidateInfo":{"identifier":"DB_PDO_MYSQL_DDL_catalogrule_group_website__temp02fd1295_1"}} []
[2025-05-02T02:08:13.374462+00:00] main.DEBUG: cache_invalidate:  {"method":"GET","url":"http:/","invalidateInfo":{"identifier":"DB_PDO_MYSQL_DDL_catalogrule_group_website__temp02fd1295_2"}} []
[2025-05-02T02:08:13.374625+00:00] main.DEBUG: cache_invalidate:  {"method":"GET","url":"http:/","invalidateInfo":{"identifier":"DB_PDO_MYSQL_DDL_catalogrule_group_website__temp02fd1295_3"}} []
[2025-05-02T02:08:13.374784+00:00] main.DEBUG: cache_invalidate:  {"method":"GET","url":"http:/","invalidateInfo":{"identifier":"DB_PDO_MYSQL_DDL_catalogrule_group_website__temp02fd1295_4"}} []
[2025-05-02T02:08:13.374943+00:00] main.DEBUG: cache_invalidate:  {"method":"GET","url":"http:/","invalidateInfo":{"identifier":"DB_PDO_MYSQL_DDL_catalogrule_group_website__temp02fd1295_5"}} []
[2025-05-02T02:08:13.390643+00:00] main.DEBUG: cache_invalidate:  {"method":"GET","url":"http:/","invalidateInfo":{"identifier":"DB_PDO_MYSQL_DDL_catalogrule_product5fbd7b4d_1"}} []
[2025-05-02T02:08:13.390877+00:00] main.DEBUG: cache_invalidate:  {"method":"GET","url":"http:/","invalidateInfo":{"identifier":"DB_PDO_MYSQL_DDL_catalogrule_product5fbd7b4d_2"}} []
[2025-05-02T02:08:13.391055+00:00] main.DEBUG: cache_invalidate:  {"method":"GET","url":"http:/","invalidateInfo":{"identifier":"DB_PDO_MYSQL_DDL_catalogrule_product5fbd7b4d_3"}} []
[2025-05-02T02:08:13.391227+00:00] main.DEBUG: cache_invalidate:  {"method":"GET","url":"http:/","invalidateInfo":{"identifier":"DB_PDO_MYSQL_DDL_catalogrule_product5fbd7b4d_4"}} []
[2025-05-02T02:08:13.391394+00:00] main.DEBUG: cache_invalidate:  {"method":"GET","url":"http:/","invalidateInfo":{"identifier":"DB_PDO_MYSQL_DDL_catalogrule_product5fbd7b4d_5"}} []
[2025-05-02T02:08:13.403393+00:00] main.DEBUG: cache_invalidate:  {"method":"GET","url":"http:/","invalidateInfo":{"identifier":"DB_PDO_MYSQL_DDL_catalogrule_product_priceddbdfcfd_1"}} []
[2025-05-02T02:08:13.403596+00:00] main.DEBUG: cache_invalidate:  {"method":"GET","url":"http:/","invalidateInfo":{"identifier":"DB_PDO_MYSQL_DDL_catalogrule_product_priceddbdfcfd_2"}} []
[2025-05-02T02:08:13.403774+00:00] main.DEBUG: cache_invalidate:  {"method":"GET","url":"http:/","invalidateInfo":{"identifier":"DB_PDO_MYSQL_DDL_catalogrule_product_priceddbdfcfd_3"}} []
[2025-05-02T02:08:13.403945+00:00] main.DEBUG: cache_invalidate:  {"method":"GET","url":"http:/","invalidateInfo":{"identifier":"DB_PDO_MYSQL_DDL_catalogrule_product_priceddbdfcfd_4"}} []
[2025-05-02T02:08:13.404115+00:00] main.DEBUG: cache_invalidate:  {"method":"GET","url":"http:/","invalidateInfo":{"identifier":"DB_PDO_MYSQL_DDL_catalogrule_product_priceddbdfcfd_5"}} []
[2025-05-02T02:08:13.412309+00:00] main.DEBUG: cache_invalidate:  {"method":"GET","url":"http:/","invalidateInfo":{"identifier":"DB_PDO_MYSQL_DDL_catalogrule_group_website59455fa4_1"}} []
[2025-05-02T02:08:13.412537+00:00] main.DEBUG: cache_invalidate:  {"method":"GET","url":"http:/","invalidateInfo":{"identifier":"DB_PDO_MYSQL_DDL_catalogrule_group_website59455fa4_2"}} []
[2025-05-02T02:08:13.412716+00:00] main.DEBUG: cache_invalidate:  {"method":"GET","url":"http:/","invalidateInfo":{"identifier":"DB_PDO_MYSQL_DDL_catalogrule_group_website59455fa4_3"}} []
[2025-05-02T02:08:13.412888+00:00] main.DEBUG: cache_invalidate:  {"method":"GET","url":"http:/","invalidateInfo":{"identifier":"DB_PDO_MYSQL_DDL_catalogrule_group_website59455fa4_4"}} []
[2025-05-02T02:08:13.413056+00:00] main.DEBUG: cache_invalidate:  {"method":"GET","url":"http:/","invalidateInfo":{"identifier":"DB_PDO_MYSQL_DDL_catalogrule_group_website59455fa4_5"}} []
[2025-05-02T02:08:13.429785+00:00] main.DEBUG: cache_invalidate:  {"method":"GET","url":"http:/","invalidateInfo":{"tags":["cat_c","FPC"],"mode":"matchingTag"}} []
[2025-05-02T02:08:13.430035+00:00] main.DEBUG: cache_invalidate:  {"method":"GET","url":"http:/","invalidateInfo":{"tags":["cat_p","FPC"],"mode":"matchingTag"}} []
[2025-05-02T02:08:13.430225+00:00] main.DEBUG: cache_invalidate:  {"method":"GET","url":"http:/","invalidateInfo":{"tags":["BLOCK_HTML","FPC"],"mode":"matchingTag"}} []
[2025-05-02T02:08:13.430488+00:00] main.DEBUG: cache_invalidate:  {"method":"GET","url":"http:/","invalidateInfo":{"tags":["cat_c","cat_p","BLOCK_HTML"],"mode":"matchingAnyTag"}} []
[2025-05-02T02:08:13.585577+00:00] main.DEBUG: cache_invalidate:  {"method":"GET","url":"http:/","invalidateInfo":{"identifier":"DB_PDO_MYSQL_DDL_catalog_product_index_eav_1"}} []
[2025-05-02T02:08:13.585893+00:00] main.DEBUG: cache_invalidate:  {"method":"GET","url":"http:/","invalidateInfo":{"identifier":"DB_PDO_MYSQL_DDL_catalog_product_index_eav_2"}} []
[2025-05-02T02:08:13.586074+00:00] main.DEBUG: cache_invalidate:  {"method":"GET","url":"http:/","invalidateInfo":{"identifier":"DB_PDO_MYSQL_DDL_catalog_product_index_eav_3"}} []
[2025-05-02T02:08:13.586241+00:00] main.DEBUG: cache_invalidate:  {"method":"GET","url":"http:/","invalidateInfo":{"identifier":"DB_PDO_MYSQL_DDL_catalog_product_index_eav_4"}} []
[2025-05-02T02:08:13.586420+00:00] main.DEBUG: cache_invalidate:  {"method":"GET","url":"http:/","invalidateInfo":{"identifier":"DB_PDO_MYSQL_DDL_catalog_product_index_eav_5"}} []
[2025-05-02T02:08:13.586594+00:00] main.DEBUG: cache_invalidate:  {"method":"GET","url":"http:/","invalidateInfo":{"identifier":"DB_PDO_MYSQL_DDL_catalog_product_index_eav_outdated_1"}} []
[2025-05-02T02:08:13.586759+00:00] main.DEBUG: cache_invalidate:  {"method":"GET","url":"http:/","invalidateInfo":{"identifier":"DB_PDO_MYSQL_DDL_catalog_product_index_eav_outdated_2"}} []
[2025-05-02T02:08:13.586921+00:00] main.DEBUG: cache_invalidate:  {"method":"GET","url":"http:/","invalidateInfo":{"identifier":"DB_PDO_MYSQL_DDL_catalog_product_index_eav_outdated_3"}} []
[2025-05-02T02:08:13.587082+00:00] main.DEBUG: cache_invalidate:  {"method":"GET","url":"http:/","invalidateInfo":{"identifier":"DB_PDO_MYSQL_DDL_catalog_product_index_eav_outdated_4"}} []
[2025-05-02T02:08:13.587239+00:00] main.DEBUG: cache_invalidate:  {"method":"GET","url":"http:/","invalidateInfo":{"identifier":"DB_PDO_MYSQL_DDL_catalog_product_index_eav_outdated_5"}} []
[2025-05-02T02:08:13.587402+00:00] main.DEBUG: cache_invalidate:  {"method":"GET","url":"http:/","invalidateInfo":{"identifier":"DB_PDO_MYSQL_DDL_catalog_product_index_eav_replica_1"}} []
[2025-05-02T02:08:13.587564+00:00] main.DEBUG: cache_invalidate:  {"method":"GET","url":"http:/","invalidateInfo":{"identifier":"DB_PDO_MYSQL_DDL_catalog_product_index_eav_replica_2"}} []
[2025-05-02T02:08:13.587724+00:00] main.DEBUG: cache_invalidate:  {"method":"GET","url":"http:/","invalidateInfo":{"identifier":"DB_PDO_MYSQL_DDL_catalog_product_index_eav_replica_3"}} []
[2025-05-02T02:08:13.587884+00:00] main.DEBUG: cache_invalidate:  {"method":"GET","url":"http:/","invalidateInfo":{"identifier":"DB_PDO_MYSQL_DDL_catalog_product_index_eav_replica_4"}} []
[2025-05-02T02:08:13.589241+00:00] main.DEBUG: cache_invalidate:  {"method":"GET","url":"http:/","invalidateInfo":{"identifier":"DB_PDO_MYSQL_DDL_catalog_product_index_eav_replica_5"}} []
[2025-05-02T02:08:13.705192+00:00] main.DEBUG: cache_invalidate:  {"method":"GET","url":"http:/","invalidateInfo":{"identifier":"DB_PDO_MYSQL_DDL_catalog_product_index_eav_decimal_1"}} []
[2025-05-02T02:08:13.705466+00:00] main.DEBUG: cache_invalidate:  {"method":"GET","url":"http:/","invalidateInfo":{"identifier":"DB_PDO_MYSQL_DDL_catalog_product_index_eav_decimal_2"}} []
[2025-05-02T02:08:13.705671+00:00] main.DEBUG: cache_invalidate:  {"method":"GET","url":"http:/","invalidateInfo":{"identifier":"DB_PDO_MYSQL_DDL_catalog_product_index_eav_decimal_3"}} []
[2025-05-02T02:08:13.705846+00:00] main.DEBUG: cache_invalidate:  {"method":"GET","url":"http:/","invalidateInfo":{"identifier":"DB_PDO_MYSQL_DDL_catalog_product_index_eav_decimal_4"}} []
[2025-05-02T02:08:13.706016+00:00] main.DEBUG: cache_invalidate:  {"method":"GET","url":"http:/","invalidateInfo":{"identifier":"DB_PDO_MYSQL_DDL_catalog_product_index_eav_decimal_5"}} []
[2025-05-02T02:08:13.706192+00:00] main.DEBUG: cache_invalidate:  {"method":"GET","url":"http:/","invalidateInfo":{"identifier":"DB_PDO_MYSQL_DDL_catalog_product_index_eav_decimal_outdated_1"}} []
[2025-05-02T02:08:13.706363+00:00] main.DEBUG: cache_invalidate:  {"method":"GET","url":"http:/","invalidateInfo":{"identifier":"DB_PDO_MYSQL_DDL_catalog_product_index_eav_decimal_outdated_2"}} []
[2025-05-02T02:08:13.706531+00:00] main.DEBUG: cache_invalidate:  {"method":"GET","url":"http:/","invalidateInfo":{"identifier":"DB_PDO_MYSQL_DDL_catalog_product_index_eav_decimal_outdated_3"}} []
[2025-05-02T02:08:13.706697+00:00] main.DEBUG: cache_invalidate:  {"method":"GET","url":"http:/","invalidateInfo":{"identifier":"DB_PDO_MYSQL_DDL_catalog_product_index_eav_decimal_outdated_4"}} []
[2025-05-02T02:08:13.706868+00:00] main.DEBUG: cache_invalidate:  {"method":"GET","url":"http:/","invalidateInfo":{"identifier":"DB_PDO_MYSQL_DDL_catalog_product_index_eav_decimal_outdated_5"}} []
[2025-05-02T02:08:13.707034+00:00] main.DEBUG: cache_invalidate:  {"method":"GET","url":"http:/","invalidateInfo":{"identifier":"DB_PDO_MYSQL_DDL_catalog_product_index_eav_decimal_replica_1"}} []
[2025-05-02T02:08:13.707197+00:00] main.DEBUG: cache_invalidate:  {"method":"GET","url":"http:/","invalidateInfo":{"identifier":"DB_PDO_MYSQL_DDL_catalog_product_index_eav_decimal_replica_2"}} []
[2025-05-02T02:08:13.707356+00:00] main.DEBUG: cache_invalidate:  {"method":"GET","url":"http:/","invalidateInfo":{"identifier":"DB_PDO_MYSQL_DDL_catalog_product_index_eav_decimal_replica_3"}} []
[2025-05-02T02:08:13.707513+00:00] main.DEBUG: cache_invalidate:  {"method":"GET","url":"http:/","invalidateInfo":{"identifier":"DB_PDO_MYSQL_DDL_catalog_product_index_eav_decimal_replica_4"}} []
[2025-05-02T02:08:13.708744+00:00] main.DEBUG: cache_invalidate:  {"method":"GET","url":"http:/","invalidateInfo":{"identifier":"DB_PDO_MYSQL_DDL_catalog_product_index_eav_decimal_replica_5"}} []
[2025-05-02T02:08:13.709122+00:00] main.DEBUG: cache_invalidate:  {"method":"GET","url":"http:/","invalidateInfo":{"tags":["cat_c","FPC"],"mode":"matchingTag"}} []
[2025-05-02T02:08:13.709307+00:00] main.DEBUG: cache_invalidate:  {"method":"GET","url":"http:/","invalidateInfo":{"tags":["cat_p","FPC"],"mode":"matchingTag"}} []
[2025-05-02T02:08:13.709523+00:00] main.DEBUG: cache_invalidate:  {"method":"GET","url":"http:/","invalidateInfo":{"tags":["cat_c","cat_p"],"mode":"matchingAnyTag"}} []
[2025-05-02T02:08:13.955513+00:00] main.WARNING: Memory size allocated for the temporary table is more than 20% of innodb_buffer_pool_size. Please update innodb_buffer_pool_size or decrease batch size value (which decreases memory usages for the temporary table). Current batch size: 5000; Allocated memory size: 4000000 bytes; InnoDB buffer pool size: 16777216 bytes. [] []
[2025-05-02T02:08:13.958182+00:00] main.WARNING: Memory size allocated for the temporary table is more than 20% of innodb_buffer_pool_size. Please update innodb_buffer_pool_size or decrease batch size value (which decreases memory usages for the temporary table). Current batch size: 5000; Allocated memory size: 4000000 bytes; InnoDB buffer pool size: 16777216 bytes. [] []
[2025-05-02T02:08:13.959991+00:00] main.WARNING: Memory size allocated for the temporary table is more than 20% of innodb_buffer_pool_size. Please update innodb_buffer_pool_size or decrease batch size value (which decreases memory usages for the temporary table). Current batch size: 5000; Allocated memory size: 4000000 bytes; InnoDB buffer pool size: 16777216 bytes. [] []
[2025-05-02T02:08:14.030007+00:00] main.DEBUG: cache_invalidate:  {"method":"GET","url":"http:/","invalidateInfo":{"identifier":"DB_PDO_MYSQL_DDL_catalog_product_index_price_1"}} []
[2025-05-02T02:08:14.031027+00:00] main.DEBUG: cache_invalidate:  {"method":"GET","url":"http:/","invalidateInfo":{"identifier":"DB_PDO_MYSQL_DDL_catalog_product_index_price_2"}} []
[2025-05-02T02:08:14.031894+00:00] main.DEBUG: cache_invalidate:  {"method":"GET","url":"http:/","invalidateInfo":{"identifier":"DB_PDO_MYSQL_DDL_catalog_product_index_price_3"}} []
[2025-05-02T02:08:14.032728+00:00] main.DEBUG: cache_invalidate:  {"method":"GET","url":"http:/","invalidateInfo":{"identifier":"DB_PDO_MYSQL_DDL_catalog_product_index_price_4"}} []
[2025-05-02T02:08:14.033555+00:00] main.DEBUG: cache_invalidate:  {"method":"GET","url":"http:/","invalidateInfo":{"identifier":"DB_PDO_MYSQL_DDL_catalog_product_index_price_5"}} []
[2025-05-02T02:08:14.034454+00:00] main.DEBUG: cache_invalidate:  {"method":"GET","url":"http:/","invalidateInfo":{"identifier":"DB_PDO_MYSQL_DDL_catalog_product_index_price_outdated_1"}} []
[2025-05-02T02:08:14.034955+00:00] main.DEBUG: cache_invalidate:  {"method":"GET","url":"http:/","invalidateInfo":{"identifier":"DB_PDO_MYSQL_DDL_catalog_product_index_price_outdated_2"}} []
[2025-05-02T02:08:14.035117+00:00] main.DEBUG: cache_invalidate:  {"method":"GET","url":"http:/","invalidateInfo":{"identifier":"DB_PDO_MYSQL_DDL_catalog_product_index_price_outdated_3"}} []
[2025-05-02T02:08:14.035278+00:00] main.DEBUG: cache_invalidate:  {"method":"GET","url":"http:/","invalidateInfo":{"identifier":"DB_PDO_MYSQL_DDL_catalog_product_index_price_outdated_4"}} []
[2025-05-02T02:08:14.035437+00:00] main.DEBUG: cache_invalidate:  {"method":"GET","url":"http:/","invalidateInfo":{"identifier":"DB_PDO_MYSQL_DDL_catalog_product_index_price_outdated_5"}} []
[2025-05-02T02:08:14.035598+00:00] main.DEBUG: cache_invalidate:  {"method":"GET","url":"http:/","invalidateInfo":{"identifier":"DB_PDO_MYSQL_DDL_catalog_product_index_price_replica_1"}} []
[2025-05-02T02:08:14.035760+00:00] main.DEBUG: cache_invalidate:  {"method":"GET","url":"http:/","invalidateInfo":{"identifier":"DB_PDO_MYSQL_DDL_catalog_product_index_price_replica_2"}} []
[2025-05-02T02:08:14.035919+00:00] main.DEBUG: cache_invalidate:  {"method":"GET","url":"http:/","invalidateInfo":{"identifier":"DB_PDO_MYSQL_DDL_catalog_product_index_price_replica_3"}} []
[2025-05-02T02:08:14.036078+00:00] main.DEBUG: cache_invalidate:  {"method":"GET","url":"http:/","invalidateInfo":{"identifier":"DB_PDO_MYSQL_DDL_catalog_product_index_price_replica_4"}} []
[2025-05-02T02:08:14.037435+00:00] main.DEBUG: cache_invalidate:  {"method":"GET","url":"http:/","invalidateInfo":{"identifier":"DB_PDO_MYSQL_DDL_catalog_product_index_price_replica_5"}} []
[2025-05-02T02:08:14.037813+00:00] main.DEBUG: cache_invalidate:  {"method":"GET","url":"http:/","invalidateInfo":{"tags":["cat_c","FPC"],"mode":"matchingTag"}} []
[2025-05-02T02:08:14.037998+00:00] main.DEBUG: cache_invalidate:  {"method":"GET","url":"http:/","invalidateInfo":{"tags":["cat_p","FPC"],"mode":"matchingTag"}} []
[2025-05-02T02:08:14.038214+00:00] main.DEBUG: cache_invalidate:  {"method":"GET","url":"http:/","invalidateInfo":{"tags":["cat_c","cat_p"],"mode":"matchingAnyTag"}} []
[2025-05-02T02:08:14.499623+00:00] main.DEBUG: cache_invalidate:  {"method":"GET","url":"http:/","invalidateInfo":{"identifier":"DB_PDO_MYSQL_DDL_catalogrule_product_1"}} []
[2025-05-02T02:08:14.499878+00:00] main.DEBUG: cache_invalidate:  {"method":"GET","url":"http:/","invalidateInfo":{"identifier":"DB_PDO_MYSQL_DDL_catalogrule_product_2"}} []
[2025-05-02T02:08:14.500058+00:00] main.DEBUG: cache_invalidate:  {"method":"GET","url":"http:/","invalidateInfo":{"identifier":"DB_PDO_MYSQL_DDL_catalogrule_product_3"}} []
[2025-05-02T02:08:14.500228+00:00] main.DEBUG: cache_invalidate:  {"method":"GET","url":"http:/","invalidateInfo":{"identifier":"DB_PDO_MYSQL_DDL_catalogrule_product_4"}} []
[2025-05-02T02:08:14.500411+00:00] main.DEBUG: cache_invalidate:  {"method":"GET","url":"http:/","invalidateInfo":{"identifier":"DB_PDO_MYSQL_DDL_catalogrule_product_5"}} []
[2025-05-02T02:08:14.500591+00:00] main.DEBUG: cache_invalidate:  {"method":"GET","url":"http:/","invalidateInfo":{"identifier":"DB_PDO_MYSQL_DDL_catalogrule_productd6c5f580_1"}} []
[2025-05-02T02:08:14.500761+00:00] main.DEBUG: cache_invalidate:  {"method":"GET","url":"http:/","invalidateInfo":{"identifier":"DB_PDO_MYSQL_DDL_catalogrule_productd6c5f580_2"}} []
[2025-05-02T02:08:14.500926+00:00] main.DEBUG: cache_invalidate:  {"method":"GET","url":"http:/","invalidateInfo":{"identifier":"DB_PDO_MYSQL_DDL_catalogrule_productd6c5f580_3"}} []
[2025-05-02T02:08:14.501089+00:00] main.DEBUG: cache_invalidate:  {"method":"GET","url":"http:/","invalidateInfo":{"identifier":"DB_PDO_MYSQL_DDL_catalogrule_productd6c5f580_4"}} []
[2025-05-02T02:08:14.501255+00:00] main.DEBUG: cache_invalidate:  {"method":"GET","url":"http:/","invalidateInfo":{"identifier":"DB_PDO_MYSQL_DDL_catalogrule_productd6c5f580_5"}} []
[2025-05-02T02:08:14.501426+00:00] main.DEBUG: cache_invalidate:  {"method":"GET","url":"http:/","invalidateInfo":{"identifier":"DB_PDO_MYSQL_DDL_catalogrule_product__temp2a71c886_1"}} []
[2025-05-02T02:08:14.501603+00:00] main.DEBUG: cache_invalidate:  {"method":"GET","url":"http:/","invalidateInfo":{"identifier":"DB_PDO_MYSQL_DDL_catalogrule_product__temp2a71c886_2"}} []
[2025-05-02T02:08:14.501766+00:00] main.DEBUG: cache_invalidate:  {"method":"GET","url":"http:/","invalidateInfo":{"identifier":"DB_PDO_MYSQL_DDL_catalogrule_product__temp2a71c886_3"}} []
[2025-05-02T02:08:14.501928+00:00] main.DEBUG: cache_invalidate:  {"method":"GET","url":"http:/","invalidateInfo":{"identifier":"DB_PDO_MYSQL_DDL_catalogrule_product__temp2a71c886_4"}} []
[2025-05-02T02:08:14.502090+00:00] main.DEBUG: cache_invalidate:  {"method":"GET","url":"http:/","invalidateInfo":{"identifier":"DB_PDO_MYSQL_DDL_catalogrule_product__temp2a71c886_5"}} []
[2025-05-02T02:08:14.502254+00:00] main.DEBUG: cache_invalidate:  {"method":"GET","url":"http:/","invalidateInfo":{"identifier":"DB_PDO_MYSQL_DDL_catalogrule_product_price_1"}} []
[2025-05-02T02:08:14.502416+00:00] main.DEBUG: cache_invalidate:  {"method":"GET","url":"http:/","invalidateInfo":{"identifier":"DB_PDO_MYSQL_DDL_catalogrule_product_price_2"}} []
[2025-05-02T02:08:14.502579+00:00] main.DEBUG: cache_invalidate:  {"method":"GET","url":"http:/","invalidateInfo":{"identifier":"DB_PDO_MYSQL_DDL_catalogrule_product_price_3"}} []
[2025-05-02T02:08:14.502739+00:00] main.DEBUG: cache_invalidate:  {"method":"GET","url":"http:/","invalidateInfo":{"identifier":"DB_PDO_MYSQL_DDL_catalogrule_product_price_4"}} []
[2025-05-02T02:08:14.502897+00:00] main.DEBUG: cache_invalidate:  {"method":"GET","url":"http:/","invalidateInfo":{"identifier":"DB_PDO_MYSQL_DDL_catalogrule_product_price_5"}} []
[2025-05-02T02:08:14.503061+00:00] main.DEBUG: cache_invalidate:  {"method":"GET","url":"http:/","invalidateInfo":{"identifier":"DB_PDO_MYSQL_DDL_catalogrule_product_price6f2bd06f_1"}} []
[2025-05-02T02:08:14.503224+00:00] main.DEBUG: cache_invalidate:  {"method":"GET","url":"http:/","invalidateInfo":{"identifier":"DB_PDO_MYSQL_DDL_catalogrule_product_price6f2bd06f_2"}} []
[2025-05-02T02:08:14.503384+00:00] main.DEBUG: cache_invalidate:  {"method":"GET","url":"http:/","invalidateInfo":{"identifier":"DB_PDO_MYSQL_DDL_catalogrule_product_price6f2bd06f_3"}} []
[2025-05-02T02:08:14.503546+00:00] main.DEBUG: cache_invalidate:  {"method":"GET","url":"http:/","invalidateInfo":{"identifier":"DB_PDO_MYSQL_DDL_catalogrule_product_price6f2bd06f_4"}} []
[2025-05-02T02:08:14.503707+00:00] main.DEBUG: cache_invalidate:  {"method":"GET","url":"http:/","invalidateInfo":{"identifier":"DB_PDO_MYSQL_DDL_catalogrule_product_price6f2bd06f_5"}} []
[2025-05-02T02:08:14.503871+00:00] main.DEBUG: cache_invalidate:  {"method":"GET","url":"http:/","invalidateInfo":{"identifier":"DB_PDO_MYSQL_DDL_catalogrule_product_price__temp8f7dcc82_1"}} []
[2025-05-02T02:08:14.504033+00:00] main.DEBUG: cache_invalidate:  {"method":"GET","url":"http:/","invalidateInfo":{"identifier":"DB_PDO_MYSQL_DDL_catalogrule_product_price__temp8f7dcc82_2"}} []
[2025-05-02T02:08:14.504196+00:00] main.DEBUG: cache_invalidate:  {"method":"GET","url":"http:/","invalidateInfo":{"identifier":"DB_PDO_MYSQL_DDL_catalogrule_product_price__temp8f7dcc82_3"}} []
[2025-05-02T02:08:14.504355+00:00] main.DEBUG: cache_invalidate:  {"method":"GET","url":"http:/","invalidateInfo":{"identifier":"DB_PDO_MYSQL_DDL_catalogrule_product_price__temp8f7dcc82_4"}} []
[2025-05-02T02:08:14.504520+00:00] main.DEBUG: cache_invalidate:  {"method":"GET","url":"http:/","invalidateInfo":{"identifier":"DB_PDO_MYSQL_DDL_catalogrule_product_price__temp8f7dcc82_5"}} []
[2025-05-02T02:08:14.504684+00:00] main.DEBUG: cache_invalidate:  {"method":"GET","url":"http:/","invalidateInfo":{"identifier":"DB_PDO_MYSQL_DDL_catalogrule_group_website_1"}} []
[2025-05-02T02:08:14.504848+00:00] main.DEBUG: cache_invalidate:  {"method":"GET","url":"http:/","invalidateInfo":{"identifier":"DB_PDO_MYSQL_DDL_catalogrule_group_website_2"}} []
[2025-05-02T02:08:14.505012+00:00] main.DEBUG: cache_invalidate:  {"method":"GET","url":"http:/","invalidateInfo":{"identifier":"DB_PDO_MYSQL_DDL_catalogrule_group_website_3"}} []
[2025-05-02T02:08:14.505173+00:00] main.DEBUG: cache_invalidate:  {"method":"GET","url":"http:/","invalidateInfo":{"identifier":"DB_PDO_MYSQL_DDL_catalogrule_group_website_4"}} []
[2025-05-02T02:08:14.505334+00:00] main.DEBUG: cache_invalidate:  {"method":"GET","url":"http:/","invalidateInfo":{"identifier":"DB_PDO_MYSQL_DDL_catalogrule_group_website_5"}} []
[2025-05-02T02:08:14.505502+00:00] main.DEBUG: cache_invalidate:  {"method":"GET","url":"http:/","invalidateInfo":{"identifier":"DB_PDO_MYSQL_DDL_catalogrule_group_website5052de02_1"}} []
[2025-05-02T02:08:14.505665+00:00] main.DEBUG: cache_invalidate:  {"method":"GET","url":"http:/","invalidateInfo":{"identifier":"DB_PDO_MYSQL_DDL_catalogrule_group_website5052de02_2"}} []
[2025-05-02T02:08:14.505825+00:00] main.DEBUG: cache_invalidate:  {"method":"GET","url":"http:/","invalidateInfo":{"identifier":"DB_PDO_MYSQL_DDL_catalogrule_group_website5052de02_3"}} []
[2025-05-02T02:08:14.505987+00:00] main.DEBUG: cache_invalidate:  {"method":"GET","url":"http:/","invalidateInfo":{"identifier":"DB_PDO_MYSQL_DDL_catalogrule_group_website5052de02_4"}} []
[2025-05-02T02:08:14.506146+00:00] main.DEBUG: cache_invalidate:  {"method":"GET","url":"http:/","invalidateInfo":{"identifier":"DB_PDO_MYSQL_DDL_catalogrule_group_website5052de02_5"}} []
[2025-05-02T02:08:14.506310+00:00] main.DEBUG: cache_invalidate:  {"method":"GET","url":"http:/","invalidateInfo":{"identifier":"DB_PDO_MYSQL_DDL_catalogrule_group_website__temp5a35bee8_1"}} []
[2025-05-02T02:08:14.506474+00:00] main.DEBUG: cache_invalidate:  {"method":"GET","url":"http:/","invalidateInfo":{"identifier":"DB_PDO_MYSQL_DDL_catalogrule_group_website__temp5a35bee8_2"}} []
[2025-05-02T02:08:14.506634+00:00] main.DEBUG: cache_invalidate:  {"method":"GET","url":"http:/","invalidateInfo":{"identifier":"DB_PDO_MYSQL_DDL_catalogrule_group_website__temp5a35bee8_3"}} []
[2025-05-02T02:08:14.506794+00:00] main.DEBUG: cache_invalidate:  {"method":"GET","url":"http:/","invalidateInfo":{"identifier":"DB_PDO_MYSQL_DDL_catalogrule_group_website__temp5a35bee8_4"}} []
[2025-05-02T02:08:14.506956+00:00] main.DEBUG: cache_invalidate:  {"method":"GET","url":"http:/","invalidateInfo":{"identifier":"DB_PDO_MYSQL_DDL_catalogrule_group_website__temp5a35bee8_5"}} []
[2025-05-02T02:08:14.526378+00:00] main.DEBUG: cache_invalidate:  {"method":"GET","url":"http:/","invalidateInfo":{"identifier":"DB_PDO_MYSQL_DDL_catalogrule_productd6c5f580_1"}} []
[2025-05-02T02:08:14.526634+00:00] main.DEBUG: cache_invalidate:  {"method":"GET","url":"http:/","invalidateInfo":{"identifier":"DB_PDO_MYSQL_DDL_catalogrule_productd6c5f580_2"}} []
[2025-05-02T02:08:14.526816+00:00] main.DEBUG: cache_invalidate:  {"method":"GET","url":"http:/","invalidateInfo":{"identifier":"DB_PDO_MYSQL_DDL_catalogrule_productd6c5f580_3"}} []
[2025-05-02T02:08:14.526986+00:00] main.DEBUG: cache_invalidate:  {"method":"GET","url":"http:/","invalidateInfo":{"identifier":"DB_PDO_MYSQL_DDL_catalogrule_productd6c5f580_4"}} []
[2025-05-02T02:08:14.527154+00:00] main.DEBUG: cache_invalidate:  {"method":"GET","url":"http:/","invalidateInfo":{"identifier":"DB_PDO_MYSQL_DDL_catalogrule_productd6c5f580_5"}} []
[2025-05-02T02:08:14.546250+00:00] main.DEBUG: cache_invalidate:  {"method":"GET","url":"http:/","invalidateInfo":{"identifier":"DB_PDO_MYSQL_DDL_catalogrule_product_price6f2bd06f_1"}} []
[2025-05-02T02:08:14.546486+00:00] main.DEBUG: cache_invalidate:  {"method":"GET","url":"http:/","invalidateInfo":{"identifier":"DB_PDO_MYSQL_DDL_catalogrule_product_price6f2bd06f_2"}} []
[2025-05-02T02:08:14.546668+00:00] main.DEBUG: cache_invalidate:  {"method":"GET","url":"http:/","invalidateInfo":{"identifier":"DB_PDO_MYSQL_DDL_catalogrule_product_price6f2bd06f_3"}} []
[2025-05-02T02:08:14.546843+00:00] main.DEBUG: cache_invalidate:  {"method":"GET","url":"http:/","invalidateInfo":{"identifier":"DB_PDO_MYSQL_DDL_catalogrule_product_price6f2bd06f_4"}} []
[2025-05-02T02:08:14.547018+00:00] main.DEBUG: cache_invalidate:  {"method":"GET","url":"http:/","invalidateInfo":{"identifier":"DB_PDO_MYSQL_DDL_catalogrule_product_price6f2bd06f_5"}} []
[2025-05-02T02:08:14.565443+00:00] main.DEBUG: cache_invalidate:  {"method":"GET","url":"http:/","invalidateInfo":{"identifier":"DB_PDO_MYSQL_DDL_catalogrule_group_website5052de02_1"}} []
[2025-05-02T02:08:14.565678+00:00] main.DEBUG: cache_invalidate:  {"method":"GET","url":"http:/","invalidateInfo":{"identifier":"DB_PDO_MYSQL_DDL_catalogrule_group_website5052de02_2"}} []
[2025-05-02T02:08:14.565860+00:00] main.DEBUG: cache_invalidate:  {"method":"GET","url":"http:/","invalidateInfo":{"identifier":"DB_PDO_MYSQL_DDL_catalogrule_group_website5052de02_3"}} []
[2025-05-02T02:08:14.566034+00:00] main.DEBUG: cache_invalidate:  {"method":"GET","url":"http:/","invalidateInfo":{"identifier":"DB_PDO_MYSQL_DDL_catalogrule_group_website5052de02_4"}} []
[2025-05-02T02:08:14.566204+00:00] main.DEBUG: cache_invalidate:  {"method":"GET","url":"http:/","invalidateInfo":{"identifier":"DB_PDO_MYSQL_DDL_catalogrule_group_website5052de02_5"}} []
[2025-05-02T02:08:14.609214+00:00] main.DEBUG: cache_invalidate:  {"method":"GET","url":"http:/","invalidateInfo":{"tags":["cat_c","FPC"],"mode":"matchingTag"}} []
[2025-05-02T02:08:14.609476+00:00] main.DEBUG: cache_invalidate:  {"method":"GET","url":"http:/","invalidateInfo":{"tags":["cat_p","FPC"],"mode":"matchingTag"}} []
[2025-05-02T02:08:14.609666+00:00] main.DEBUG: cache_invalidate:  {"method":"GET","url":"http:/","invalidateInfo":{"tags":["BLOCK_HTML","FPC"],"mode":"matchingTag"}} []
[2025-05-02T02:08:14.609930+00:00] main.DEBUG: cache_invalidate:  {"method":"GET","url":"http:/","invalidateInfo":{"tags":["cat_c","cat_p","BLOCK_HTML"],"mode":"matchingAnyTag"}} []
[2025-05-02T02:09:15.339592+00:00] main.INFO: {"feed":"salesOrders","operation":"full reindex(legacy)","status":"Initialize","elapsed":"1 ms","pid":"11504","caller":"bin\/magento setup:install --base-url=http:\/\/localhost\/magento-loja5 --db-host=127.0.0.1 --db-name=magento2 --db-user=root"} [] []
[2025-05-02T02:09:15.404778+00:00] main.DEBUG: cache_invalidate:  {"method":"GET","url":"http:/","invalidateInfo":{"identifier":"DB_PDO_MYSQL_DDL_sales_data_exporter_orders_index_sequence_1"}} []
[2025-05-02T02:09:15.405009+00:00] main.DEBUG: cache_invalidate:  {"method":"GET","url":"http:/","invalidateInfo":{"identifier":"DB_PDO_MYSQL_DDL_sales_data_exporter_orders_index_sequence_2"}} []
[2025-05-02T02:09:15.405189+00:00] main.DEBUG: cache_invalidate:  {"method":"GET","url":"http:/","invalidateInfo":{"identifier":"DB_PDO_MYSQL_DDL_sales_data_exporter_orders_index_sequence_3"}} []
[2025-05-02T02:09:15.405363+00:00] main.DEBUG: cache_invalidate:  {"method":"GET","url":"http:/","invalidateInfo":{"identifier":"DB_PDO_MYSQL_DDL_sales_data_exporter_orders_index_sequence_4"}} []
[2025-05-02T02:09:15.405530+00:00] main.DEBUG: cache_invalidate:  {"method":"GET","url":"http:/","invalidateInfo":{"identifier":"DB_PDO_MYSQL_DDL_sales_data_exporter_orders_index_sequence_5"}} []
[2025-05-02T02:09:15.428175+00:00] main.DEBUG: cache_invalidate:  {"method":"GET","url":"http:/","invalidateInfo":{"identifier":"DB_PDO_MYSQL_DDL_sales_data_exporter_orders_index_sequence_1"}} []
[2025-05-02T02:09:15.428434+00:00] main.DEBUG: cache_invalidate:  {"method":"GET","url":"http:/","invalidateInfo":{"identifier":"DB_PDO_MYSQL_DDL_sales_data_exporter_orders_index_sequence_2"}} []
[2025-05-02T02:09:15.428616+00:00] main.DEBUG: cache_invalidate:  {"method":"GET","url":"http:/","invalidateInfo":{"identifier":"DB_PDO_MYSQL_DDL_sales_data_exporter_orders_index_sequence_3"}} []
[2025-05-02T02:09:15.428788+00:00] main.DEBUG: cache_invalidate:  {"method":"GET","url":"http:/","invalidateInfo":{"identifier":"DB_PDO_MYSQL_DDL_sales_data_exporter_orders_index_sequence_4"}} []
[2025-05-02T02:09:15.428960+00:00] main.DEBUG: cache_invalidate:  {"method":"GET","url":"http:/","invalidateInfo":{"identifier":"DB_PDO_MYSQL_DDL_sales_data_exporter_orders_index_sequence_5"}} []
[2025-05-02T02:09:15.430737+00:00] main.INFO: {"feed":"salesOrders","operation":"full reindex(legacy)","status":"Creating batch table `sales_data_exporter_orders_index_batches`. Start position: 0","elapsed":"92 ms","pid":"11504","caller":"bin\/magento setup:install --base-url=http:\/\/localhost\/magento-loja5 --db-host=127.0.0.1 --db-name=magento2 --db-user=root"} [] []
[2025-05-02T02:09:15.431379+00:00] main.DEBUG: cache_invalidate:  {"method":"GET","url":"http:/","invalidateInfo":{"identifier":"DB_PDO_MYSQL_DDL_sales_data_exporter_orders_index_batches_1"}} []
[2025-05-02T02:09:15.431571+00:00] main.DEBUG: cache_invalidate:  {"method":"GET","url":"http:/","invalidateInfo":{"identifier":"DB_PDO_MYSQL_DDL_sales_data_exporter_orders_index_batches_2"}} []
[2025-05-02T02:09:15.431748+00:00] main.DEBUG: cache_invalidate:  {"method":"GET","url":"http:/","invalidateInfo":{"identifier":"DB_PDO_MYSQL_DDL_sales_data_exporter_orders_index_batches_3"}} []
[2025-05-02T02:09:15.431921+00:00] main.DEBUG: cache_invalidate:  {"method":"GET","url":"http:/","invalidateInfo":{"identifier":"DB_PDO_MYSQL_DDL_sales_data_exporter_orders_index_batches_4"}} []
[2025-05-02T02:09:15.432088+00:00] main.DEBUG: cache_invalidate:  {"method":"GET","url":"http:/","invalidateInfo":{"identifier":"DB_PDO_MYSQL_DDL_sales_data_exporter_orders_index_batches_5"}} []
[2025-05-02T02:09:15.454730+00:00] main.DEBUG: cache_invalidate:  {"method":"GET","url":"http:/","invalidateInfo":{"identifier":"DB_PDO_MYSQL_DDL_sales_data_exporter_orders_index_batches_1"}} []
[2025-05-02T02:09:15.454982+00:00] main.DEBUG: cache_invalidate:  {"method":"GET","url":"http:/","invalidateInfo":{"identifier":"DB_PDO_MYSQL_DDL_sales_data_exporter_orders_index_batches_2"}} []
[2025-05-02T02:09:15.455165+00:00] main.DEBUG: cache_invalidate:  {"method":"GET","url":"http:/","invalidateInfo":{"identifier":"DB_PDO_MYSQL_DDL_sales_data_exporter_orders_index_batches_3"}} []
[2025-05-02T02:09:15.455335+00:00] main.DEBUG: cache_invalidate:  {"method":"GET","url":"http:/","invalidateInfo":{"identifier":"DB_PDO_MYSQL_DDL_sales_data_exporter_orders_index_batches_4"}} []
[2025-05-02T02:09:15.455501+00:00] main.DEBUG: cache_invalidate:  {"method":"GET","url":"http:/","invalidateInfo":{"identifier":"DB_PDO_MYSQL_DDL_sales_data_exporter_orders_index_batches_5"}} []
[2025-05-02T02:09:15.467889+00:00] main.INFO: {"feed":"salesOrders","operation":"full reindex(legacy)","status":"Batch table `sales_data_exporter_orders_index_batches` created. Total Items: 0, batches: ~0","elapsed":"130 ms","pid":"11504","caller":"bin\/magento setup:install --base-url=http:\/\/localhost\/magento-loja5 --db-host=127.0.0.1 --db-name=magento2 --db-user=root"} [] []
[2025-05-02T02:09:15.468154+00:00] main.INFO: {"feed":"salesOrders","operation":"full reindex(legacy)","status":"nothing to process - no items to sync. Not expected? Are there any items in source table `sales_order`?","elapsed":"130 ms","pid":"11504","caller":"bin\/magento setup:install --base-url=http:\/\/localhost\/magento-loja5 --db-host=127.0.0.1 --db-name=magento2 --db-user=root"} [] []
[2025-05-02T02:09:15.472532+00:00] main.INFO: {"feed":"salesOrders","operation":"full reindex(legacy)","status":"Complete","elapsed":"134 ms","pid":"11504","caller":"bin\/magento setup:install --base-url=http:\/\/localhost\/magento-loja5 --db-host=127.0.0.1 --db-name=magento2 --db-user=root"} [] []
[2025-05-02T02:09:15.496070+00:00] main.INFO: {"feed":"salesOrderStatuses","operation":"full reindex(legacy)","status":"Initialize","elapsed":"314 ms","pid":"11504","caller":"bin\/magento setup:install --base-url=http:\/\/localhost\/magento-loja5 --db-host=127.0.0.1 --db-name=magento2 --db-user=root"} [] []
[2025-05-02T02:09:15.543800+00:00] main.DEBUG: cache_invalidate:  {"method":"GET","url":"http:/","invalidateInfo":{"identifier":"DB_PDO_MYSQL_DDL_sales_data_exporter_order_statuses_index_sequence_1"}} []
[2025-05-02T02:09:15.544071+00:00] main.DEBUG: cache_invalidate:  {"method":"GET","url":"http:/","invalidateInfo":{"identifier":"DB_PDO_MYSQL_DDL_sales_data_exporter_order_statuses_index_sequence_2"}} []
[2025-05-02T02:09:15.544258+00:00] main.DEBUG: cache_invalidate:  {"method":"GET","url":"http:/","invalidateInfo":{"identifier":"DB_PDO_MYSQL_DDL_sales_data_exporter_order_statuses_index_sequence_3"}} []
[2025-05-02T02:09:15.544432+00:00] main.DEBUG: cache_invalidate:  {"method":"GET","url":"http:/","invalidateInfo":{"identifier":"DB_PDO_MYSQL_DDL_sales_data_exporter_order_statuses_index_sequence_4"}} []
[2025-05-02T02:09:15.544600+00:00] main.DEBUG: cache_invalidate:  {"method":"GET","url":"http:/","invalidateInfo":{"identifier":"DB_PDO_MYSQL_DDL_sales_data_exporter_order_statuses_index_sequence_5"}} []
[2025-05-02T02:09:15.568164+00:00] main.DEBUG: cache_invalidate:  {"method":"GET","url":"http:/","invalidateInfo":{"identifier":"DB_PDO_MYSQL_DDL_sales_data_exporter_order_statuses_index_sequence_1"}} []
[2025-05-02T02:09:15.568410+00:00] main.DEBUG: cache_invalidate:  {"method":"GET","url":"http:/","invalidateInfo":{"identifier":"DB_PDO_MYSQL_DDL_sales_data_exporter_order_statuses_index_sequence_2"}} []
[2025-05-02T02:09:15.568593+00:00] main.DEBUG: cache_invalidate:  {"method":"GET","url":"http:/","invalidateInfo":{"identifier":"DB_PDO_MYSQL_DDL_sales_data_exporter_order_statuses_index_sequence_3"}} []
[2025-05-02T02:09:15.568766+00:00] main.DEBUG: cache_invalidate:  {"method":"GET","url":"http:/","invalidateInfo":{"identifier":"DB_PDO_MYSQL_DDL_sales_data_exporter_order_statuses_index_sequence_4"}} []
[2025-05-02T02:09:15.568935+00:00] main.DEBUG: cache_invalidate:  {"method":"GET","url":"http:/","invalidateInfo":{"identifier":"DB_PDO_MYSQL_DDL_sales_data_exporter_order_statuses_index_sequence_5"}} []
[2025-05-02T02:09:15.569465+00:00] main.INFO: {"feed":"salesOrderStatuses","operation":"full reindex(legacy)","status":"Creating batch table `sales_data_exporter_order_statuses_index_batches`. Start position: ","elapsed":"388 ms","pid":"11504","caller":"bin\/magento setup:install --base-url=http:\/\/localhost\/magento-loja5 --db-host=127.0.0.1 --db-name=magento2 --db-user=root"} [] []
[2025-05-02T02:09:15.570039+00:00] main.DEBUG: cache_invalidate:  {"method":"GET","url":"http:/","invalidateInfo":{"identifier":"DB_PDO_MYSQL_DDL_sales_data_exporter_order_statuses_index_batches_1"}} []
[2025-05-02T02:09:15.570235+00:00] main.DEBUG: cache_invalidate:  {"method":"GET","url":"http:/","invalidateInfo":{"identifier":"DB_PDO_MYSQL_DDL_sales_data_exporter_order_statuses_index_batches_2"}} []
[2025-05-02T02:09:15.570413+00:00] main.DEBUG: cache_invalidate:  {"method":"GET","url":"http:/","invalidateInfo":{"identifier":"DB_PDO_MYSQL_DDL_sales_data_exporter_order_statuses_index_batches_3"}} []
[2025-05-02T02:09:15.570584+00:00] main.DEBUG: cache_invalidate:  {"method":"GET","url":"http:/","invalidateInfo":{"identifier":"DB_PDO_MYSQL_DDL_sales_data_exporter_order_statuses_index_batches_4"}} []
[2025-05-02T02:09:15.570749+00:00] main.DEBUG: cache_invalidate:  {"method":"GET","url":"http:/","invalidateInfo":{"identifier":"DB_PDO_MYSQL_DDL_sales_data_exporter_order_statuses_index_batches_5"}} []
[2025-05-02T02:09:15.595678+00:00] main.DEBUG: cache_invalidate:  {"method":"GET","url":"http:/","invalidateInfo":{"identifier":"DB_PDO_MYSQL_DDL_sales_data_exporter_order_statuses_index_batches_1"}} []
[2025-05-02T02:09:15.595936+00:00] main.DEBUG: cache_invalidate:  {"method":"GET","url":"http:/","invalidateInfo":{"identifier":"DB_PDO_MYSQL_DDL_sales_data_exporter_order_statuses_index_batches_2"}} []
[2025-05-02T02:09:15.596120+00:00] main.DEBUG: cache_invalidate:  {"method":"GET","url":"http:/","invalidateInfo":{"identifier":"DB_PDO_MYSQL_DDL_sales_data_exporter_order_statuses_index_batches_3"}} []
[2025-05-02T02:09:15.596293+00:00] main.DEBUG: cache_invalidate:  {"method":"GET","url":"http:/","invalidateInfo":{"identifier":"DB_PDO_MYSQL_DDL_sales_data_exporter_order_statuses_index_batches_4"}} []
[2025-05-02T02:09:15.596466+00:00] main.DEBUG: cache_invalidate:  {"method":"GET","url":"http:/","invalidateInfo":{"identifier":"DB_PDO_MYSQL_DDL_sales_data_exporter_order_statuses_index_batches_5"}} []
[2025-05-02T02:09:15.618703+00:00] main.INFO: {"feed":"salesOrderStatuses","operation":"full reindex(legacy)","status":"Batch table `sales_data_exporter_order_statuses_index_batches` created. Total Items: 12, batches: ~0","elapsed":"437 ms","pid":"11504","caller":"bin\/magento setup:install --base-url=http:\/\/localhost\/magento-loja5 --db-host=127.0.0.1 --db-name=magento2 --db-user=root"} [] []
[2025-05-02T02:09:15.618996+00:00] main.INFO: {"feed":"salesOrderStatuses","operation":"full reindex(legacy)","status":"start processing `12` items in `1` threads with `100` batch size","elapsed":"437 ms","pid":"11504","caller":"bin\/magento setup:install --base-url=http:\/\/localhost\/magento-loja5 --db-host=127.0.0.1 --db-name=magento2 --db-user=root"} [] []
[2025-05-02T02:09:15.659547+00:00] main.INFO: {"feed":"salesOrderStatuses","operation":"full reindex(legacy)","status":"Progress 1\/1, processed 12, synced 12","elapsed":"478 ms","pid":"11504","caller":"bin\/magento setup:install --base-url=http:\/\/localhost\/magento-loja5 --db-host=127.0.0.1 --db-name=magento2 --db-user=root"} [] []
[2025-05-02T02:09:15.672810+00:00] main.INFO: {"feed":"salesOrderStatuses","operation":"full reindex(legacy)","status":"Complete","elapsed":"491 ms","pid":"11504","caller":"bin\/magento setup:install --base-url=http:\/\/localhost\/magento-loja5 --db-host=127.0.0.1 --db-name=magento2 --db-user=root"} [] []
[2025-05-02T02:09:15.695433+00:00] main.INFO: {"feed":"stores","operation":"full reindex(legacy)","status":"Initialize","elapsed":"713 ms","pid":"11504","caller":"bin\/magento setup:install --base-url=http:\/\/localhost\/magento-loja5 --db-host=127.0.0.1 --db-name=magento2 --db-user=root"} [] []
[2025-05-02T02:09:15.742308+00:00] main.DEBUG: cache_invalidate:  {"method":"GET","url":"http:/","invalidateInfo":{"identifier":"DB_PDO_MYSQL_DDL_stores_data_exporter_index_sequence_1"}} []
[2025-05-02T02:09:15.742567+00:00] main.DEBUG: cache_invalidate:  {"method":"GET","url":"http:/","invalidateInfo":{"identifier":"DB_PDO_MYSQL_DDL_stores_data_exporter_index_sequence_2"}} []
[2025-05-02T02:09:15.742753+00:00] main.DEBUG: cache_invalidate:  {"method":"GET","url":"http:/","invalidateInfo":{"identifier":"DB_PDO_MYSQL_DDL_stores_data_exporter_index_sequence_3"}} []
[2025-05-02T02:09:15.742933+00:00] main.DEBUG: cache_invalidate:  {"method":"GET","url":"http:/","invalidateInfo":{"identifier":"DB_PDO_MYSQL_DDL_stores_data_exporter_index_sequence_4"}} []
[2025-05-02T02:09:15.743100+00:00] main.DEBUG: cache_invalidate:  {"method":"GET","url":"http:/","invalidateInfo":{"identifier":"DB_PDO_MYSQL_DDL_stores_data_exporter_index_sequence_5"}} []
[2025-05-02T02:09:15.765411+00:00] main.DEBUG: cache_invalidate:  {"method":"GET","url":"http:/","invalidateInfo":{"identifier":"DB_PDO_MYSQL_DDL_stores_data_exporter_index_sequence_1"}} []
[2025-05-02T02:09:15.765684+00:00] main.DEBUG: cache_invalidate:  {"method":"GET","url":"http:/","invalidateInfo":{"identifier":"DB_PDO_MYSQL_DDL_stores_data_exporter_index_sequence_2"}} []
[2025-05-02T02:09:15.765866+00:00] main.DEBUG: cache_invalidate:  {"method":"GET","url":"http:/","invalidateInfo":{"identifier":"DB_PDO_MYSQL_DDL_stores_data_exporter_index_sequence_3"}} []
[2025-05-02T02:09:15.766038+00:00] main.DEBUG: cache_invalidate:  {"method":"GET","url":"http:/","invalidateInfo":{"identifier":"DB_PDO_MYSQL_DDL_stores_data_exporter_index_sequence_4"}} []
[2025-05-02T02:09:15.766204+00:00] main.DEBUG: cache_invalidate:  {"method":"GET","url":"http:/","invalidateInfo":{"identifier":"DB_PDO_MYSQL_DDL_stores_data_exporter_index_sequence_5"}} []
[2025-05-02T02:09:15.767558+00:00] main.INFO: {"feed":"stores","operation":"full reindex(legacy)","status":"Creating batch table `stores_data_exporter_index_batches`. Start position: 0","elapsed":"785 ms","pid":"11504","caller":"bin\/magento setup:install --base-url=http:\/\/localhost\/magento-loja5 --db-host=127.0.0.1 --db-name=magento2 --db-user=root"} [] []
[2025-05-02T02:09:15.768129+00:00] main.DEBUG: cache_invalidate:  {"method":"GET","url":"http:/","invalidateInfo":{"identifier":"DB_PDO_MYSQL_DDL_stores_data_exporter_index_batches_1"}} []
[2025-05-02T02:09:15.768328+00:00] main.DEBUG: cache_invalidate:  {"method":"GET","url":"http:/","invalidateInfo":{"identifier":"DB_PDO_MYSQL_DDL_stores_data_exporter_index_batches_2"}} []
[2025-05-02T02:09:15.768507+00:00] main.DEBUG: cache_invalidate:  {"method":"GET","url":"http:/","invalidateInfo":{"identifier":"DB_PDO_MYSQL_DDL_stores_data_exporter_index_batches_3"}} []
[2025-05-02T02:09:15.768680+00:00] main.DEBUG: cache_invalidate:  {"method":"GET","url":"http:/","invalidateInfo":{"identifier":"DB_PDO_MYSQL_DDL_stores_data_exporter_index_batches_4"}} []
[2025-05-02T02:09:15.768847+00:00] main.DEBUG: cache_invalidate:  {"method":"GET","url":"http:/","invalidateInfo":{"identifier":"DB_PDO_MYSQL_DDL_stores_data_exporter_index_batches_5"}} []
[2025-05-02T02:09:15.792920+00:00] main.DEBUG: cache_invalidate:  {"method":"GET","url":"http:/","invalidateInfo":{"identifier":"DB_PDO_MYSQL_DDL_stores_data_exporter_index_batches_1"}} []
[2025-05-02T02:09:15.793963+00:00] main.DEBUG: cache_invalidate:  {"method":"GET","url":"http:/","invalidateInfo":{"identifier":"DB_PDO_MYSQL_DDL_stores_data_exporter_index_batches_2"}} []
[2025-05-02T02:09:15.794832+00:00] main.DEBUG: cache_invalidate:  {"method":"GET","url":"http:/","invalidateInfo":{"identifier":"DB_PDO_MYSQL_DDL_stores_data_exporter_index_batches_3"}} []
[2025-05-02T02:09:15.795660+00:00] main.DEBUG: cache_invalidate:  {"method":"GET","url":"http:/","invalidateInfo":{"identifier":"DB_PDO_MYSQL_DDL_stores_data_exporter_index_batches_4"}} []
[2025-05-02T02:09:15.796111+00:00] main.DEBUG: cache_invalidate:  {"method":"GET","url":"http:/","invalidateInfo":{"identifier":"DB_PDO_MYSQL_DDL_stores_data_exporter_index_batches_5"}} []
[2025-05-02T02:09:15.810669+00:00] main.INFO: {"feed":"stores","operation":"full reindex(legacy)","status":"Batch table `stores_data_exporter_index_batches` created. Total Items: 1, batches: ~0","elapsed":"828 ms","pid":"11504","caller":"bin\/magento setup:install --base-url=http:\/\/localhost\/magento-loja5 --db-host=127.0.0.1 --db-name=magento2 --db-user=root"} [] []
[2025-05-02T02:09:15.810959+00:00] main.INFO: {"feed":"stores","operation":"full reindex(legacy)","status":"start processing `1` items in `1` threads with `100` batch size","elapsed":"828 ms","pid":"11504","caller":"bin\/magento setup:install --base-url=http:\/\/localhost\/magento-loja5 --db-host=127.0.0.1 --db-name=magento2 --db-user=root"} [] []
[2025-05-02T02:09:15.826229+00:00] main.INFO: {"feed":"stores","operation":"full reindex(legacy)","status":"Progress 1\/1, processed 1, synced 1","elapsed":"844 ms","pid":"11504","caller":"bin\/magento setup:install --base-url=http:\/\/localhost\/magento-loja5 --db-host=127.0.0.1 --db-name=magento2 --db-user=root"} [] []
[2025-05-02T02:09:15.831044+00:00] main.INFO: {"feed":"stores","operation":"full reindex(legacy)","status":"Complete","elapsed":"849 ms","pid":"11504","caller":"bin\/magento setup:install --base-url=http:\/\/localhost\/magento-loja5 --db-host=127.0.0.1 --db-name=magento2 --db-user=root"} [] []
[2025-05-02T02:16:37.829828+00:00] main.CRITICAL: Invalid template file: 'C:/xampp8/htdocs/magento-loja5/vendor/magento/module-theme/view/frontend/templates/page/js/require_js.phtml' in module: '' block's name: 'require.js' [] []
[2025-05-02T02:16:37.833028+00:00] main.CRITICAL: Invalid template file: 'C:/xampp8/htdocs/magento-loja5/vendor/magento/module-theme/view/frontend/templates/html/container.phtml' in module: '' block's name: 'head.critical' [] []
[2025-05-02T02:16:37.834075+00:00] main.CRITICAL: Invalid template file: 'C:/xampp8/htdocs/magento-loja5/vendor/magento/module-theme/view/frontend/templates/html/container.phtml' in module: '' block's name: 'head.additional' [] []
[2025-05-02T02:16:37.836535+00:00] main.CRITICAL: Invalid template file: 'C:/xampp8/htdocs/magento-loja5/vendor/magento/module-catalog/view/base/templates/js/components.phtml' in module: '' block's name: 'head.components' [] []
[2025-05-02T02:16:37.837368+00:00] main.CRITICAL: Invalid template file: 'C:/xampp8/htdocs/magento-loja5/vendor/magento/module-theme/view/frontend/templates/js/cookie_status.phtml' in module: '' block's name: 'cookie-status-check' [] []
[2025-05-02T02:16:37.838195+00:00] main.CRITICAL: Invalid template file: 'C:/xampp8/htdocs/magento-loja5/vendor/magento/module-theme/view/frontend/templates/js/cookie.phtml' in module: '' block's name: 'js_cookies' [] []
[2025-05-02T02:16:37.839006+00:00] main.CRITICAL: Invalid template file: 'C:/xampp8/htdocs/magento-loja5/vendor/magento/module-theme/view/frontend/templates/html/notices.phtml' in module: 'Magento_Theme' block's name: 'global_notices' [] []
[2025-05-02T02:16:37.839991+00:00] main.CRITICAL: Invalid template file: 'C:/xampp8/htdocs/magento-loja5/vendor/magento/module-cookie/view/frontend/templates/html/notices.phtml' in module: 'Magento_Cookie' block's name: 'cookie_notices' [] []
[2025-05-02T02:16:37.840904+00:00] main.CRITICAL: Invalid template file: 'C:/xampp8/htdocs/magento-loja5/vendor/magento/module-cookie/view/base/templates/html/cookie.phtml' in module: '' block's name: 'cookie_config' [] []
[2025-05-02T02:16:37.841916+00:00] main.CRITICAL: Invalid template file: 'C:/xampp8/htdocs/magento-loja5/vendor/magento/module-ui/view/base/templates/logger.phtml' in module: 'Magento_Ui' block's name: 'logger' [] []
[2025-05-02T02:16:37.842753+00:00] main.CRITICAL: Invalid template file: 'C:/xampp8/htdocs/magento-loja5/vendor/magento/module-ui/view/base/templates/wysiwyg/active_editor.phtml' in module: 'Magento_Ui' block's name: 'theme.active.editor' [] []
[2025-05-02T02:16:37.843738+00:00] main.CRITICAL: Invalid template file: 'C:/xampp8/htdocs/magento-loja5/vendor/magento/module-login-as-customer-frontend-ui/view/frontend/templates/html/notices.phtml' in module: '' block's name: 'login-as-customer-notice' [] []
[2025-05-02T02:16:37.844701+00:00] main.CRITICAL: Invalid template file: 'C:/xampp8/htdocs/magento-loja5/vendor/magento/module-page-builder/view/base/templates/googlemaps.phtml' in module: 'Magento_PageBuilder' block's name: 'google.maps.api' [] []
[2025-05-02T02:16:37.845821+00:00] main.CRITICAL: Invalid template file: 'C:/xampp8/htdocs/magento-loja5/vendor/magento/module-theme/view/frontend/templates/html/skip.phtml' in module: '' block's name: 'skip_to_content' [] []
[2025-05-02T02:16:37.846714+00:00] main.CRITICAL: Invalid template file: 'C:/xampp8/htdocs/magento-loja5/vendor/magento/module-directory/view/frontend/templates/currency.phtml' in module: 'Magento_Directory' block's name: 'currency' [] []
[2025-05-02T02:16:37.847690+00:00] main.CRITICAL: Invalid template file: 'C:/xampp8/htdocs/magento-loja5/vendor/magento/module-store/view/frontend/templates/switch/languages.phtml' in module: 'Magento_Store' block's name: 'store_language' [] []
[2025-05-02T02:16:37.848410+00:00] main.CRITICAL: Invalid template file: 'C:/xampp8/htdocs/magento-loja5/vendor/magento/module-theme/view/frontend/templates/html/header.phtml' in module: 'Magento_Theme' block's name: 'header' [] []
[2025-05-02T02:16:37.849386+00:00] main.CRITICAL: Invalid template file: 'C:/xampp8/htdocs/magento-loja5/vendor/magento/module-customer/view/frontend/templates/account/customer.phtml' in module: 'Magento_Customer' block's name: 'customer' [] []
[2025-05-02T02:16:37.850145+00:00] main.CRITICAL: Invalid template file: 'C:/xampp8/htdocs/magento-loja5/vendor/magento/module-customer/view/frontend/templates/account/link/authorization.phtml' in module: 'Magento_Customer' block's name: 'authorization-link-login' [] []
[2025-05-02T02:16:37.851625+00:00] main.CRITICAL: Invalid template file: 'C:/xampp8/htdocs/magento-loja5/vendor/magento/module-theme/view/frontend/templates/html/header/logo.phtml' in module: 'Magento_Theme' block's name: 'logo' [] []
[2025-05-02T02:16:37.852664+00:00] main.CRITICAL: Invalid template file: 'C:/xampp8/htdocs/magento-loja5/vendor/magento/module-checkout/view/frontend/templates/cart/minicart.phtml' in module: 'Magento_Checkout' block's name: 'minicart' [] []
[2025-05-02T02:16:37.853630+00:00] main.CRITICAL: Invalid template file: 'C:/xampp8/htdocs/magento-loja5/vendor/magento/module-search/view/frontend/templates/form.mini.phtml' in module: '' block's name: 'top.search' [] []
[2025-05-02T02:16:37.854581+00:00] main.CRITICAL: Invalid template file: 'C:/xampp8/htdocs/magento-loja5/vendor/magento/module-catalog/view/frontend/templates/product/compare/link.phtml' in module: '' block's name: 'catalog.compare.link' [] []
[2025-05-02T02:16:37.855598+00:00] main.CRITICAL: Invalid template file: 'C:/xampp8/htdocs/magento-loja5/vendor/magento/module-theme/view/frontend/templates/html/sections.phtml' in module: '' block's name: 'navigation.sections' [] []
[2025-05-02T02:16:37.856822+00:00] main.CRITICAL: Invalid template file: 'C:/xampp8/htdocs/magento-loja5/vendor/magento/module-theme/view/frontend/templates/html/breadcrumbs.phtml' in module: 'Magento_Theme' block's name: 'breadcrumbs' [] []
[2025-05-02T02:16:37.857615+00:00] main.CRITICAL: Invalid template file: 'C:/xampp8/htdocs/magento-loja5/vendor/magento/module-theme/view/frontend/templates/html/skiptarget.phtml' in module: '' block's name: 'skip_to_content.target' [] []
[2025-05-02T02:16:37.858293+00:00] main.CRITICAL: Invalid template file: 'C:/xampp8/htdocs/magento-loja5/vendor/magento/module-theme/view/frontend/templates/html/title.phtml' in module: 'Magento_Theme' block's name: 'page.main.title' [] []
[2025-05-02T02:16:37.859002+00:00] main.CRITICAL: Invalid template file: 'C:/xampp8/htdocs/magento-loja5/vendor/magento/module-theme/view/frontend/templates/html/messages.phtml' in module: '' block's name: 'ajax.message.placeholder' [] []
[2025-05-02T02:16:37.859740+00:00] main.CRITICAL: Invalid template file: 'C:/xampp8/htdocs/magento-loja5/vendor/magento/module-theme/view/frontend/templates/messages.phtml' in module: '' block's name: 'messages' [] []
[2025-05-02T02:16:37.861012+00:00] main.CRITICAL: Invalid template file: 'C:/xampp8/htdocs/magento-loja5/vendor/magento/module-customer/view/frontend/templates/account/authentication-popup.phtml' in module: 'Magento_Customer' block's name: 'authentication-popup' [] []
[2025-05-02T02:16:37.861800+00:00] main.CRITICAL: Invalid template file: 'C:/xampp8/htdocs/magento-loja5/vendor/magento/module-customer/view/frontend/templates/js/section-config.phtml' in module: 'Magento_Customer' block's name: 'customer.section.config' [] []
[2025-05-02T02:16:37.862492+00:00] main.CRITICAL: Invalid template file: 'C:/xampp8/htdocs/magento-loja5/vendor/magento/module-customer/view/frontend/templates/js/customer-data.phtml' in module: 'Magento_Customer' block's name: 'customer.customer.data' [] []
[2025-05-02T02:16:37.863271+00:00] main.CRITICAL: Invalid template file: 'C:/xampp8/htdocs/magento-loja5/vendor/magento/module-customer/view/frontend/templates/js/customer-data/invalidation-rules.phtml' in module: 'Magento_Customer' block's name: 'customer.data.invalidation.rules' [] []
[2025-05-02T02:16:37.864169+00:00] main.CRITICAL: Invalid template file: 'C:/xampp8/htdocs/magento-loja5/vendor/magento/module-page-cache/view/frontend/templates/javascript.phtml' in module: 'Magento_PageCache' block's name: 'pageCache' [] []
[2025-05-02T02:16:37.865047+00:00] main.CRITICAL: Invalid template file: 'C:/xampp8/htdocs/magento-loja5/vendor/magento/module-msrp/view/frontend/templates/popup.phtml' in module: 'Magento_Msrp' block's name: 'product.tooltip' [] []
[2025-05-02T02:16:37.904580+00:00] main.CRITICAL: Invalid template file: 'C:/xampp8/htdocs/magento-loja5/vendor/magento/module-newsletter/view/frontend/templates/subscribe.phtml' in module: 'Magento_Newsletter' block's name: 'form.subscribe' [] []
[2025-05-02T02:16:37.907587+00:00] main.CRITICAL: Invalid template file: 'C:/xampp8/htdocs/magento-loja5/vendor/magento/module-store/view/frontend/templates/switch/stores.phtml' in module: 'Magento_Store' block's name: 'store_switcher' [] []
[2025-05-02T02:16:37.908778+00:00] main.CRITICAL: Invalid template file: 'C:/xampp8/htdocs/magento-loja5/vendor/magento/module-catalog/view/frontend/templates/frontend_storage_manager.phtml' in module: 'Magento_Catalog' block's name: 'frontend-storage-manager' [] []
[2025-05-02T02:16:37.910694+00:00] main.CRITICAL: Invalid template file: 'C:/xampp8/htdocs/magento-loja5/vendor/magento/module-theme/view/frontend/templates/html/absolute_footer.phtml' in module: 'Magento_Theme' block's name: 'absolute_footer' [] []
[2025-05-02T02:16:37.913893+00:00] main.CRITICAL: Invalid template file: 'C:/xampp8/htdocs/magento-loja5/vendor/magento/module-theme/view/frontend/templates/html/copyright.phtml' in module: 'Magento_Theme' block's name: 'copyright' [] []
[2025-05-02T02:16:37.916630+00:00] main.CRITICAL: Invalid template file: 'C:/xampp8/htdocs/magento-loja5/vendor/magento/module-new-relic-reporting/view/base/templates/html/inline_js.phtml' in module: '' block's name: 'newrelicreporting.browser_monitoring.script.footer' [] []
[2025-05-02T02:18:52.340989+00:00] main.CRITICAL: Invalid template file: 'C:/xampp8/htdocs/magento-loja5/vendor/magento/module-theme/view/frontend/templates/page/js/require_js.phtml' in module: '' block's name: 'require.js' [] []
[2025-05-02T02:18:52.343283+00:00] main.CRITICAL: Invalid template file: 'C:/xampp8/htdocs/magento-loja5/vendor/magento/module-theme/view/frontend/templates/html/container.phtml' in module: '' block's name: 'head.critical' [] []
[2025-05-02T02:18:52.343984+00:00] main.CRITICAL: Invalid template file: 'C:/xampp8/htdocs/magento-loja5/vendor/magento/module-theme/view/frontend/templates/html/container.phtml' in module: '' block's name: 'head.additional' [] []
[2025-05-02T02:18:52.344904+00:00] main.CRITICAL: Invalid template file: 'C:/xampp8/htdocs/magento-loja5/vendor/magento/module-catalog/view/base/templates/js/components.phtml' in module: '' block's name: 'head.components' [] []
[2025-05-02T02:18:52.346272+00:00] main.CRITICAL: Invalid template file: 'C:/xampp8/htdocs/magento-loja5/vendor/magento/module-theme/view/frontend/templates/js/cookie_status.phtml' in module: '' block's name: 'cookie-status-check' [] []
[2025-05-02T02:18:52.347235+00:00] main.CRITICAL: Invalid template file: 'C:/xampp8/htdocs/magento-loja5/vendor/magento/module-theme/view/frontend/templates/js/cookie.phtml' in module: '' block's name: 'js_cookies' [] []
[2025-05-02T02:18:52.348113+00:00] main.CRITICAL: Invalid template file: 'C:/xampp8/htdocs/magento-loja5/vendor/magento/module-theme/view/frontend/templates/html/notices.phtml' in module: 'Magento_Theme' block's name: 'global_notices' [] []
[2025-05-02T02:18:52.349114+00:00] main.CRITICAL: Invalid template file: 'C:/xampp8/htdocs/magento-loja5/vendor/magento/module-cookie/view/frontend/templates/html/notices.phtml' in module: 'Magento_Cookie' block's name: 'cookie_notices' [] []
[2025-05-02T02:18:52.350107+00:00] main.CRITICAL: Invalid template file: 'C:/xampp8/htdocs/magento-loja5/vendor/magento/module-cookie/view/base/templates/html/cookie.phtml' in module: '' block's name: 'cookie_config' [] []
[2025-05-02T02:18:52.351106+00:00] main.CRITICAL: Invalid template file: 'C:/xampp8/htdocs/magento-loja5/vendor/magento/module-ui/view/base/templates/logger.phtml' in module: 'Magento_Ui' block's name: 'logger' [] []
[2025-05-02T02:18:52.351909+00:00] main.CRITICAL: Invalid template file: 'C:/xampp8/htdocs/magento-loja5/vendor/magento/module-ui/view/base/templates/wysiwyg/active_editor.phtml' in module: 'Magento_Ui' block's name: 'theme.active.editor' [] []
[2025-05-02T02:18:52.352860+00:00] main.CRITICAL: Invalid template file: 'C:/xampp8/htdocs/magento-loja5/vendor/magento/module-login-as-customer-frontend-ui/view/frontend/templates/html/notices.phtml' in module: '' block's name: 'login-as-customer-notice' [] []
[2025-05-02T02:18:52.353870+00:00] main.CRITICAL: Invalid template file: 'C:/xampp8/htdocs/magento-loja5/vendor/magento/module-page-builder/view/base/templates/googlemaps.phtml' in module: 'Magento_PageBuilder' block's name: 'google.maps.api' [] []
[2025-05-02T02:18:52.355076+00:00] main.CRITICAL: Invalid template file: 'C:/xampp8/htdocs/magento-loja5/vendor/magento/module-theme/view/frontend/templates/html/skip.phtml' in module: '' block's name: 'skip_to_content' [] []
[2025-05-02T02:18:52.356017+00:00] main.CRITICAL: Invalid template file: 'C:/xampp8/htdocs/magento-loja5/vendor/magento/module-directory/view/frontend/templates/currency.phtml' in module: 'Magento_Directory' block's name: 'currency' [] []
[2025-05-02T02:18:52.356935+00:00] main.CRITICAL: Invalid template file: 'C:/xampp8/htdocs/magento-loja5/vendor/magento/module-store/view/frontend/templates/switch/languages.phtml' in module: 'Magento_Store' block's name: 'store_language' [] []
[2025-05-02T02:18:52.357653+00:00] main.CRITICAL: Invalid template file: 'C:/xampp8/htdocs/magento-loja5/vendor/magento/module-theme/view/frontend/templates/html/header.phtml' in module: 'Magento_Theme' block's name: 'header' [] []
[2025-05-02T02:18:52.358573+00:00] main.CRITICAL: Invalid template file: 'C:/xampp8/htdocs/magento-loja5/vendor/magento/module-customer/view/frontend/templates/account/customer.phtml' in module: 'Magento_Customer' block's name: 'customer' [] []
[2025-05-02T02:18:52.359296+00:00] main.CRITICAL: Invalid template file: 'C:/xampp8/htdocs/magento-loja5/vendor/magento/module-customer/view/frontend/templates/account/link/authorization.phtml' in module: 'Magento_Customer' block's name: 'authorization-link-login' [] []
[2025-05-02T02:18:52.360777+00:00] main.CRITICAL: Invalid template file: 'C:/xampp8/htdocs/magento-loja5/vendor/magento/module-theme/view/frontend/templates/html/header/logo.phtml' in module: 'Magento_Theme' block's name: 'logo' [] []
[2025-05-02T02:18:52.361719+00:00] main.CRITICAL: Invalid template file: 'C:/xampp8/htdocs/magento-loja5/vendor/magento/module-checkout/view/frontend/templates/cart/minicart.phtml' in module: 'Magento_Checkout' block's name: 'minicart' [] []
[2025-05-02T02:18:52.362589+00:00] main.CRITICAL: Invalid template file: 'C:/xampp8/htdocs/magento-loja5/vendor/magento/module-search/view/frontend/templates/form.mini.phtml' in module: '' block's name: 'top.search' [] []
[2025-05-02T02:18:52.363509+00:00] main.CRITICAL: Invalid template file: 'C:/xampp8/htdocs/magento-loja5/vendor/magento/module-catalog/view/frontend/templates/product/compare/link.phtml' in module: '' block's name: 'catalog.compare.link' [] []
[2025-05-02T02:18:52.364655+00:00] main.CRITICAL: Invalid template file: 'C:/xampp8/htdocs/magento-loja5/vendor/magento/module-theme/view/frontend/templates/html/sections.phtml' in module: '' block's name: 'navigation.sections' [] []
[2025-05-02T02:18:52.365474+00:00] main.CRITICAL: Invalid template file: 'C:/xampp8/htdocs/magento-loja5/vendor/magento/module-theme/view/frontend/templates/html/breadcrumbs.phtml' in module: 'Magento_Theme' block's name: 'breadcrumbs' [] []
[2025-05-02T02:18:52.366275+00:00] main.CRITICAL: Invalid template file: 'C:/xampp8/htdocs/magento-loja5/vendor/magento/module-theme/view/frontend/templates/html/skiptarget.phtml' in module: '' block's name: 'skip_to_content.target' [] []
[2025-05-02T02:18:52.366940+00:00] main.CRITICAL: Invalid template file: 'C:/xampp8/htdocs/magento-loja5/vendor/magento/module-theme/view/frontend/templates/html/title.phtml' in module: 'Magento_Theme' block's name: 'page.main.title' [] []
[2025-05-02T02:18:52.367612+00:00] main.CRITICAL: Invalid template file: 'C:/xampp8/htdocs/magento-loja5/vendor/magento/module-theme/view/frontend/templates/html/messages.phtml' in module: '' block's name: 'ajax.message.placeholder' [] []
[2025-05-02T02:18:52.368272+00:00] main.CRITICAL: Invalid template file: 'C:/xampp8/htdocs/magento-loja5/vendor/magento/module-theme/view/frontend/templates/messages.phtml' in module: '' block's name: 'messages' [] []
[2025-05-02T02:18:52.369582+00:00] main.CRITICAL: Invalid template file: 'C:/xampp8/htdocs/magento-loja5/vendor/magento/module-customer/view/frontend/templates/account/authentication-popup.phtml' in module: 'Magento_Customer' block's name: 'authentication-popup' [] []
[2025-05-02T02:18:52.370328+00:00] main.CRITICAL: Invalid template file: 'C:/xampp8/htdocs/magento-loja5/vendor/magento/module-customer/view/frontend/templates/js/section-config.phtml' in module: 'Magento_Customer' block's name: 'customer.section.config' [] []
[2025-05-02T02:18:52.371111+00:00] main.CRITICAL: Invalid template file: 'C:/xampp8/htdocs/magento-loja5/vendor/magento/module-customer/view/frontend/templates/js/customer-data.phtml' in module: 'Magento_Customer' block's name: 'customer.customer.data' [] []
[2025-05-02T02:18:52.371841+00:00] main.CRITICAL: Invalid template file: 'C:/xampp8/htdocs/magento-loja5/vendor/magento/module-customer/view/frontend/templates/js/customer-data/invalidation-rules.phtml' in module: 'Magento_Customer' block's name: 'customer.data.invalidation.rules' [] []
[2025-05-02T02:18:52.372727+00:00] main.CRITICAL: Invalid template file: 'C:/xampp8/htdocs/magento-loja5/vendor/magento/module-page-cache/view/frontend/templates/javascript.phtml' in module: 'Magento_PageCache' block's name: 'pageCache' [] []
[2025-05-02T02:18:52.373538+00:00] main.CRITICAL: Invalid template file: 'C:/xampp8/htdocs/magento-loja5/vendor/magento/module-customer/view/frontend/templates/form/register.phtml' in module: 'Magento_Customer' block's name: 'customer_form_register' [] []
[2025-05-02T02:18:52.374241+00:00] main.CRITICAL: Invalid template file: 'C:/xampp8/htdocs/magento-loja5/vendor/magento/module-cookie/view/frontend/templates/require_cookie.phtml' in module: 'Magento_Cookie' block's name: 'require-cookie' [] []
[2025-05-02T02:18:52.376062+00:00] main.CRITICAL: Invalid template file: 'C:/xampp8/htdocs/magento-loja5/vendor/magento/module-newsletter/view/frontend/templates/subscribe.phtml' in module: 'Magento_Newsletter' block's name: 'form.subscribe' [] []
[2025-05-02T02:18:52.378478+00:00] main.CRITICAL: Invalid template file: 'C:/xampp8/htdocs/magento-loja5/vendor/magento/module-store/view/frontend/templates/switch/stores.phtml' in module: 'Magento_Store' block's name: 'store_switcher' [] []
[2025-05-02T02:18:52.379394+00:00] main.CRITICAL: Invalid template file: 'C:/xampp8/htdocs/magento-loja5/vendor/magento/module-catalog/view/frontend/templates/frontend_storage_manager.phtml' in module: 'Magento_Catalog' block's name: 'frontend-storage-manager' [] []
[2025-05-02T02:18:52.382116+00:00] main.CRITICAL: Invalid template file: 'C:/xampp8/htdocs/magento-loja5/vendor/magento/module-new-relic-reporting/view/base/templates/html/inline_js.phtml' in module: '' block's name: 'newrelicreporting.browser_monitoring.script.footer' [] []
[2025-05-02T02:27:40.971379+00:00] main.CRITICAL: Invalid template file: 'C:/xampp8/htdocs/magento-loja5/vendor/magento/module-theme/view/frontend/templates/page/js/require_js.phtml' in module: '' block's name: 'require.js' [] []
[2025-05-02T02:27:40.974727+00:00] main.CRITICAL: Invalid template file: 'C:/xampp8/htdocs/magento-loja5/vendor/magento/module-theme/view/frontend/templates/html/container.phtml' in module: '' block's name: 'head.critical' [] []
[2025-05-02T02:27:40.975766+00:00] main.CRITICAL: Invalid template file: 'C:/xampp8/htdocs/magento-loja5/vendor/magento/module-theme/view/frontend/templates/html/container.phtml' in module: '' block's name: 'head.additional' [] []
[2025-05-02T02:27:40.978489+00:00] main.CRITICAL: Invalid template file: 'C:/xampp8/htdocs/magento-loja5/vendor/magento/module-catalog/view/base/templates/js/components.phtml' in module: '' block's name: 'head.components' [] []
[2025-05-02T02:27:40.979828+00:00] main.CRITICAL: Invalid template file: 'C:/xampp8/htdocs/magento-loja5/vendor/magento/module-theme/view/frontend/templates/js/cookie_status.phtml' in module: '' block's name: 'cookie-status-check' [] []
[2025-05-02T02:27:40.981177+00:00] main.CRITICAL: Invalid template file: 'C:/xampp8/htdocs/magento-loja5/vendor/magento/module-theme/view/frontend/templates/js/cookie.phtml' in module: '' block's name: 'js_cookies' [] []
[2025-05-02T02:27:40.982279+00:00] main.CRITICAL: Invalid template file: 'C:/xampp8/htdocs/magento-loja5/vendor/magento/module-theme/view/frontend/templates/html/notices.phtml' in module: 'Magento_Theme' block's name: 'global_notices' [] []
[2025-05-02T02:27:40.983759+00:00] main.CRITICAL: Invalid template file: 'C:/xampp8/htdocs/magento-loja5/vendor/magento/module-cookie/view/frontend/templates/html/notices.phtml' in module: 'Magento_Cookie' block's name: 'cookie_notices' [] []
[2025-05-02T02:27:40.985317+00:00] main.CRITICAL: Invalid template file: 'C:/xampp8/htdocs/magento-loja5/vendor/magento/module-cookie/view/base/templates/html/cookie.phtml' in module: '' block's name: 'cookie_config' [] []
[2025-05-02T02:27:40.986791+00:00] main.CRITICAL: Invalid template file: 'C:/xampp8/htdocs/magento-loja5/vendor/magento/module-ui/view/base/templates/logger.phtml' in module: 'Magento_Ui' block's name: 'logger' [] []
[2025-05-02T02:27:40.987999+00:00] main.CRITICAL: Invalid template file: 'C:/xampp8/htdocs/magento-loja5/vendor/magento/module-ui/view/base/templates/wysiwyg/active_editor.phtml' in module: 'Magento_Ui' block's name: 'theme.active.editor' [] []
[2025-05-02T02:27:40.989493+00:00] main.CRITICAL: Invalid template file: 'C:/xampp8/htdocs/magento-loja5/vendor/magento/module-login-as-customer-frontend-ui/view/frontend/templates/html/notices.phtml' in module: '' block's name: 'login-as-customer-notice' [] []
[2025-05-02T02:27:40.990958+00:00] main.CRITICAL: Invalid template file: 'C:/xampp8/htdocs/magento-loja5/vendor/magento/module-page-builder/view/base/templates/googlemaps.phtml' in module: 'Magento_PageBuilder' block's name: 'google.maps.api' [] []
[2025-05-02T02:27:40.992683+00:00] main.CRITICAL: Invalid template file: 'C:/xampp8/htdocs/magento-loja5/vendor/magento/module-theme/view/frontend/templates/html/skip.phtml' in module: '' block's name: 'skip_to_content' [] []
[2025-05-02T02:27:40.994041+00:00] main.CRITICAL: Invalid template file: 'C:/xampp8/htdocs/magento-loja5/vendor/magento/module-directory/view/frontend/templates/currency.phtml' in module: 'Magento_Directory' block's name: 'currency' [] []
[2025-05-02T02:27:40.995515+00:00] main.CRITICAL: Invalid template file: 'C:/xampp8/htdocs/magento-loja5/vendor/magento/module-store/view/frontend/templates/switch/languages.phtml' in module: 'Magento_Store' block's name: 'store_language' [] []
[2025-05-02T02:27:40.996634+00:00] main.CRITICAL: Invalid template file: 'C:/xampp8/htdocs/magento-loja5/vendor/magento/module-theme/view/frontend/templates/html/header.phtml' in module: 'Magento_Theme' block's name: 'header' [] []
[2025-05-02T02:27:40.998068+00:00] main.CRITICAL: Invalid template file: 'C:/xampp8/htdocs/magento-loja5/vendor/magento/module-customer/view/frontend/templates/account/customer.phtml' in module: 'Magento_Customer' block's name: 'customer' [] []
[2025-05-02T02:27:40.999229+00:00] main.CRITICAL: Invalid template file: 'C:/xampp8/htdocs/magento-loja5/vendor/magento/module-customer/view/frontend/templates/account/link/authorization.phtml' in module: 'Magento_Customer' block's name: 'authorization-link-login' [] []
[2025-05-02T02:27:41.001758+00:00] main.CRITICAL: Invalid template file: 'C:/xampp8/htdocs/magento-loja5/vendor/magento/module-theme/view/frontend/templates/html/header/logo.phtml' in module: 'Magento_Theme' block's name: 'logo' [] []
[2025-05-02T02:27:41.003041+00:00] main.CRITICAL: Invalid template file: 'C:/xampp8/htdocs/magento-loja5/vendor/magento/module-checkout/view/frontend/templates/cart/minicart.phtml' in module: 'Magento_Checkout' block's name: 'minicart' [] []
[2025-05-02T02:27:41.004484+00:00] main.CRITICAL: Invalid template file: 'C:/xampp8/htdocs/magento-loja5/vendor/magento/module-search/view/frontend/templates/form.mini.phtml' in module: '' block's name: 'top.search' [] []
[2025-05-02T02:27:41.005951+00:00] main.CRITICAL: Invalid template file: 'C:/xampp8/htdocs/magento-loja5/vendor/magento/module-catalog/view/frontend/templates/product/compare/link.phtml' in module: '' block's name: 'catalog.compare.link' [] []
[2025-05-02T02:27:41.007687+00:00] main.CRITICAL: Invalid template file: 'C:/xampp8/htdocs/magento-loja5/vendor/magento/module-theme/view/frontend/templates/html/sections.phtml' in module: '' block's name: 'navigation.sections' [] []
[2025-05-02T02:27:41.008996+00:00] main.CRITICAL: Invalid template file: 'C:/xampp8/htdocs/magento-loja5/vendor/magento/module-theme/view/frontend/templates/html/breadcrumbs.phtml' in module: 'Magento_Theme' block's name: 'breadcrumbs' [] []
[2025-05-02T02:27:41.010244+00:00] main.CRITICAL: Invalid template file: 'C:/xampp8/htdocs/magento-loja5/vendor/magento/module-theme/view/frontend/templates/html/skiptarget.phtml' in module: '' block's name: 'skip_to_content.target' [] []
[2025-05-02T02:27:41.011317+00:00] main.CRITICAL: Invalid template file: 'C:/xampp8/htdocs/magento-loja5/vendor/magento/module-theme/view/frontend/templates/html/title.phtml' in module: 'Magento_Theme' block's name: 'page.main.title' [] []
[2025-05-02T02:27:41.012399+00:00] main.CRITICAL: Invalid template file: 'C:/xampp8/htdocs/magento-loja5/vendor/magento/module-theme/view/frontend/templates/html/messages.phtml' in module: '' block's name: 'ajax.message.placeholder' [] []
[2025-05-02T02:27:41.013396+00:00] main.CRITICAL: Invalid template file: 'C:/xampp8/htdocs/magento-loja5/vendor/magento/module-theme/view/frontend/templates/messages.phtml' in module: '' block's name: 'messages' [] []
[2025-05-02T02:27:41.015364+00:00] main.CRITICAL: Invalid template file: 'C:/xampp8/htdocs/magento-loja5/vendor/magento/module-customer/view/frontend/templates/account/authentication-popup.phtml' in module: 'Magento_Customer' block's name: 'authentication-popup' [] []
[2025-05-02T02:27:41.016608+00:00] main.CRITICAL: Invalid template file: 'C:/xampp8/htdocs/magento-loja5/vendor/magento/module-customer/view/frontend/templates/js/section-config.phtml' in module: 'Magento_Customer' block's name: 'customer.section.config' [] []
[2025-05-02T02:27:41.017765+00:00] main.CRITICAL: Invalid template file: 'C:/xampp8/htdocs/magento-loja5/vendor/magento/module-customer/view/frontend/templates/js/customer-data.phtml' in module: 'Magento_Customer' block's name: 'customer.customer.data' [] []
[2025-05-02T02:27:41.018981+00:00] main.CRITICAL: Invalid template file: 'C:/xampp8/htdocs/magento-loja5/vendor/magento/module-customer/view/frontend/templates/js/customer-data/invalidation-rules.phtml' in module: 'Magento_Customer' block's name: 'customer.data.invalidation.rules' [] []
[2025-05-02T02:27:41.020365+00:00] main.CRITICAL: Invalid template file: 'C:/xampp8/htdocs/magento-loja5/vendor/magento/module-page-cache/view/frontend/templates/javascript.phtml' in module: 'Magento_PageCache' block's name: 'pageCache' [] []
[2025-05-02T02:27:41.047512+00:00] main.CRITICAL: Invalid template file: 'C:/xampp8/htdocs/magento-loja5/vendor/magento/module-catalog/view/frontend/templates/product/compare/sidebar.phtml' in module: '' block's name: 'catalog.compare.sidebar' [] []
[2025-05-02T02:27:41.049299+00:00] main.CRITICAL: Invalid template file: 'C:/xampp8/htdocs/magento-loja5/vendor/magento/module-wishlist/view/frontend/templates/sidebar.phtml' in module: 'Magento_Wishlist' block's name: 'wishlist_sidebar' [] []
[2025-05-02T02:27:41.052077+00:00] main.CRITICAL: Invalid template file: 'C:/xampp8/htdocs/magento-loja5/vendor/magento/module-newsletter/view/frontend/templates/subscribe.phtml' in module: 'Magento_Newsletter' block's name: 'form.subscribe' [] []
[2025-05-02T02:27:41.055946+00:00] main.CRITICAL: Invalid template file: 'C:/xampp8/htdocs/magento-loja5/vendor/magento/module-store/view/frontend/templates/switch/stores.phtml' in module: 'Magento_Store' block's name: 'store_switcher' [] []
[2025-05-02T02:27:41.057482+00:00] main.CRITICAL: Invalid template file: 'C:/xampp8/htdocs/magento-loja5/vendor/magento/module-catalog/view/frontend/templates/frontend_storage_manager.phtml' in module: 'Magento_Catalog' block's name: 'frontend-storage-manager' [] []
[2025-05-02T02:27:41.061535+00:00] main.CRITICAL: Invalid template file: 'C:/xampp8/htdocs/magento-loja5/vendor/magento/module-new-relic-reporting/view/base/templates/html/inline_js.phtml' in module: '' block's name: 'newrelicreporting.browser_monitoring.script.footer' [] []
[2025-05-02T02:27:49.668279+00:00] main.CRITICAL: Invalid template file: 'C:/xampp8/htdocs/magento-loja5/vendor/magento/module-theme/view/frontend/templates/page/js/require_js.phtml' in module: '' block's name: 'require.js' [] []
[2025-05-02T02:27:49.670652+00:00] main.CRITICAL: Invalid template file: 'C:/xampp8/htdocs/magento-loja5/vendor/magento/module-theme/view/frontend/templates/html/container.phtml' in module: '' block's name: 'head.critical' [] []
[2025-05-02T02:27:49.671337+00:00] main.CRITICAL: Invalid template file: 'C:/xampp8/htdocs/magento-loja5/vendor/magento/module-theme/view/frontend/templates/html/container.phtml' in module: '' block's name: 'head.additional' [] []
[2025-05-02T02:27:49.673124+00:00] main.CRITICAL: Invalid template file: 'C:/xampp8/htdocs/magento-loja5/vendor/magento/module-catalog/view/base/templates/js/components.phtml' in module: '' block's name: 'head.components' [] []
[2025-05-02T02:27:49.673927+00:00] main.CRITICAL: Invalid template file: 'C:/xampp8/htdocs/magento-loja5/vendor/magento/module-theme/view/frontend/templates/js/cookie_status.phtml' in module: '' block's name: 'cookie-status-check' [] []
[2025-05-02T02:27:49.674751+00:00] main.CRITICAL: Invalid template file: 'C:/xampp8/htdocs/magento-loja5/vendor/magento/module-theme/view/frontend/templates/js/cookie.phtml' in module: '' block's name: 'js_cookies' [] []
[2025-05-02T02:27:49.675501+00:00] main.CRITICAL: Invalid template file: 'C:/xampp8/htdocs/magento-loja5/vendor/magento/module-theme/view/frontend/templates/html/notices.phtml' in module: 'Magento_Theme' block's name: 'global_notices' [] []
[2025-05-02T02:27:49.676502+00:00] main.CRITICAL: Invalid template file: 'C:/xampp8/htdocs/magento-loja5/vendor/magento/module-cookie/view/frontend/templates/html/notices.phtml' in module: 'Magento_Cookie' block's name: 'cookie_notices' [] []
[2025-05-02T02:27:49.677432+00:00] main.CRITICAL: Invalid template file: 'C:/xampp8/htdocs/magento-loja5/vendor/magento/module-cookie/view/base/templates/html/cookie.phtml' in module: '' block's name: 'cookie_config' [] []
[2025-05-02T02:27:49.678386+00:00] main.CRITICAL: Invalid template file: 'C:/xampp8/htdocs/magento-loja5/vendor/magento/module-ui/view/base/templates/logger.phtml' in module: 'Magento_Ui' block's name: 'logger' [] []
[2025-05-02T02:27:49.679179+00:00] main.CRITICAL: Invalid template file: 'C:/xampp8/htdocs/magento-loja5/vendor/magento/module-ui/view/base/templates/wysiwyg/active_editor.phtml' in module: 'Magento_Ui' block's name: 'theme.active.editor' [] []
[2025-05-02T02:27:49.680137+00:00] main.CRITICAL: Invalid template file: 'C:/xampp8/htdocs/magento-loja5/vendor/magento/module-login-as-customer-frontend-ui/view/frontend/templates/html/notices.phtml' in module: '' block's name: 'login-as-customer-notice' [] []
[2025-05-02T02:27:49.681079+00:00] main.CRITICAL: Invalid template file: 'C:/xampp8/htdocs/magento-loja5/vendor/magento/module-page-builder/view/base/templates/googlemaps.phtml' in module: 'Magento_PageBuilder' block's name: 'google.maps.api' [] []
[2025-05-02T02:27:49.682220+00:00] main.CRITICAL: Invalid template file: 'C:/xampp8/htdocs/magento-loja5/vendor/magento/module-theme/view/frontend/templates/html/skip.phtml' in module: '' block's name: 'skip_to_content' [] []
[2025-05-02T02:27:49.683100+00:00] main.CRITICAL: Invalid template file: 'C:/xampp8/htdocs/magento-loja5/vendor/magento/module-directory/view/frontend/templates/currency.phtml' in module: 'Magento_Directory' block's name: 'currency' [] []
[2025-05-02T02:27:49.684092+00:00] main.CRITICAL: Invalid template file: 'C:/xampp8/htdocs/magento-loja5/vendor/magento/module-store/view/frontend/templates/switch/languages.phtml' in module: 'Magento_Store' block's name: 'store_language' [] []
[2025-05-02T02:27:49.685015+00:00] main.CRITICAL: Invalid template file: 'C:/xampp8/htdocs/magento-loja5/vendor/magento/module-theme/view/frontend/templates/html/header.phtml' in module: 'Magento_Theme' block's name: 'header' [] []
[2025-05-02T02:27:49.686075+00:00] main.CRITICAL: Invalid template file: 'C:/xampp8/htdocs/magento-loja5/vendor/magento/module-customer/view/frontend/templates/account/customer.phtml' in module: 'Magento_Customer' block's name: 'customer' [] []
[2025-05-02T02:27:49.686851+00:00] main.CRITICAL: Invalid template file: 'C:/xampp8/htdocs/magento-loja5/vendor/magento/module-customer/view/frontend/templates/account/link/authorization.phtml' in module: 'Magento_Customer' block's name: 'authorization-link-login' [] []
[2025-05-02T02:27:49.688315+00:00] main.CRITICAL: Invalid template file: 'C:/xampp8/htdocs/magento-loja5/vendor/magento/module-theme/view/frontend/templates/html/header/logo.phtml' in module: 'Magento_Theme' block's name: 'logo' [] []
[2025-05-02T02:27:49.689273+00:00] main.CRITICAL: Invalid template file: 'C:/xampp8/htdocs/magento-loja5/vendor/magento/module-checkout/view/frontend/templates/cart/minicart.phtml' in module: 'Magento_Checkout' block's name: 'minicart' [] []
[2025-05-02T02:27:49.690163+00:00] main.CRITICAL: Invalid template file: 'C:/xampp8/htdocs/magento-loja5/vendor/magento/module-search/view/frontend/templates/form.mini.phtml' in module: '' block's name: 'top.search' [] []
[2025-05-02T02:27:49.691064+00:00] main.CRITICAL: Invalid template file: 'C:/xampp8/htdocs/magento-loja5/vendor/magento/module-catalog/view/frontend/templates/product/compare/link.phtml' in module: '' block's name: 'catalog.compare.link' [] []
[2025-05-02T02:27:49.692079+00:00] main.CRITICAL: Invalid template file: 'C:/xampp8/htdocs/magento-loja5/vendor/magento/module-theme/view/frontend/templates/html/sections.phtml' in module: '' block's name: 'navigation.sections' [] []
[2025-05-02T02:27:49.692875+00:00] main.CRITICAL: Invalid template file: 'C:/xampp8/htdocs/magento-loja5/vendor/magento/module-theme/view/frontend/templates/html/breadcrumbs.phtml' in module: 'Magento_Theme' block's name: 'breadcrumbs' [] []
[2025-05-02T02:27:49.693663+00:00] main.CRITICAL: Invalid template file: 'C:/xampp8/htdocs/magento-loja5/vendor/magento/module-theme/view/frontend/templates/html/skiptarget.phtml' in module: '' block's name: 'skip_to_content.target' [] []
[2025-05-02T02:27:49.694330+00:00] main.CRITICAL: Invalid template file: 'C:/xampp8/htdocs/magento-loja5/vendor/magento/module-theme/view/frontend/templates/html/title.phtml' in module: 'Magento_Theme' block's name: 'page.main.title' [] []
[2025-05-02T02:27:49.694998+00:00] main.CRITICAL: Invalid template file: 'C:/xampp8/htdocs/magento-loja5/vendor/magento/module-theme/view/frontend/templates/html/messages.phtml' in module: '' block's name: 'ajax.message.placeholder' [] []
[2025-05-02T02:27:49.695657+00:00] main.CRITICAL: Invalid template file: 'C:/xampp8/htdocs/magento-loja5/vendor/magento/module-theme/view/frontend/templates/messages.phtml' in module: '' block's name: 'messages' [] []
[2025-05-02T02:27:49.696908+00:00] main.CRITICAL: Invalid template file: 'C:/xampp8/htdocs/magento-loja5/vendor/magento/module-customer/view/frontend/templates/account/authentication-popup.phtml' in module: 'Magento_Customer' block's name: 'authentication-popup' [] []
[2025-05-02T02:27:49.697654+00:00] main.CRITICAL: Invalid template file: 'C:/xampp8/htdocs/magento-loja5/vendor/magento/module-customer/view/frontend/templates/js/section-config.phtml' in module: 'Magento_Customer' block's name: 'customer.section.config' [] []
[2025-05-02T02:27:49.698325+00:00] main.CRITICAL: Invalid template file: 'C:/xampp8/htdocs/magento-loja5/vendor/magento/module-customer/view/frontend/templates/js/customer-data.phtml' in module: 'Magento_Customer' block's name: 'customer.customer.data' [] []
[2025-05-02T02:27:49.699058+00:00] main.CRITICAL: Invalid template file: 'C:/xampp8/htdocs/magento-loja5/vendor/magento/module-customer/view/frontend/templates/js/customer-data/invalidation-rules.phtml' in module: 'Magento_Customer' block's name: 'customer.data.invalidation.rules' [] []
[2025-05-02T02:27:49.699986+00:00] main.CRITICAL: Invalid template file: 'C:/xampp8/htdocs/magento-loja5/vendor/magento/module-page-cache/view/frontend/templates/javascript.phtml' in module: 'Magento_PageCache' block's name: 'pageCache' [] []
[2025-05-02T02:27:49.721536+00:00] main.CRITICAL: Invalid template file: 'C:/xampp8/htdocs/magento-loja5/vendor/magento/module-catalog/view/frontend/templates/product/compare/sidebar.phtml' in module: '' block's name: 'catalog.compare.sidebar' [] []
[2025-05-02T02:27:49.722696+00:00] main.CRITICAL: Invalid template file: 'C:/xampp8/htdocs/magento-loja5/vendor/magento/module-wishlist/view/frontend/templates/sidebar.phtml' in module: 'Magento_Wishlist' block's name: 'wishlist_sidebar' [] []
[2025-05-02T02:27:49.724335+00:00] main.CRITICAL: Invalid template file: 'C:/xampp8/htdocs/magento-loja5/vendor/magento/module-newsletter/view/frontend/templates/subscribe.phtml' in module: 'Magento_Newsletter' block's name: 'form.subscribe' [] []
[2025-05-02T02:27:49.726772+00:00] main.CRITICAL: Invalid template file: 'C:/xampp8/htdocs/magento-loja5/vendor/magento/module-store/view/frontend/templates/switch/stores.phtml' in module: 'Magento_Store' block's name: 'store_switcher' [] []
[2025-05-02T02:27:49.727753+00:00] main.CRITICAL: Invalid template file: 'C:/xampp8/htdocs/magento-loja5/vendor/magento/module-catalog/view/frontend/templates/frontend_storage_manager.phtml' in module: 'Magento_Catalog' block's name: 'frontend-storage-manager' [] []
[2025-05-02T02:27:49.730363+00:00] main.CRITICAL: Invalid template file: 'C:/xampp8/htdocs/magento-loja5/vendor/magento/module-new-relic-reporting/view/base/templates/html/inline_js.phtml' in module: '' block's name: 'newrelicreporting.browser_monitoring.script.footer' [] []
[2025-05-02T02:36:04.621194+00:00] main.CRITICAL: Invalid template file: 'C:/xampp8/htdocs/magento-loja5/vendor/magento/module-theme/view/frontend/templates/page/js/require_js.phtml' in module: '' block's name: 'require.js' [] []
[2025-05-02T02:36:04.623334+00:00] main.CRITICAL: Invalid template file: 'C:/xampp8/htdocs/magento-loja5/vendor/magento/module-theme/view/frontend/templates/html/container.phtml' in module: '' block's name: 'head.critical' [] []
[2025-05-02T02:36:04.623955+00:00] main.CRITICAL: Invalid template file: 'C:/xampp8/htdocs/magento-loja5/vendor/magento/module-theme/view/frontend/templates/html/container.phtml' in module: '' block's name: 'head.additional' [] []
[2025-05-02T02:36:04.624855+00:00] main.CRITICAL: Invalid template file: 'C:/xampp8/htdocs/magento-loja5/vendor/magento/module-catalog/view/base/templates/js/components.phtml' in module: '' block's name: 'head.components' [] []
[2025-05-02T02:36:04.626063+00:00] main.CRITICAL: Invalid template file: 'C:/xampp8/htdocs/magento-loja5/vendor/magento/module-theme/view/frontend/templates/js/cookie_status.phtml' in module: '' block's name: 'cookie-status-check' [] []
[2025-05-02T02:36:04.626855+00:00] main.CRITICAL: Invalid template file: 'C:/xampp8/htdocs/magento-loja5/vendor/magento/module-theme/view/frontend/templates/js/cookie.phtml' in module: '' block's name: 'js_cookies' [] []
[2025-05-02T02:36:04.627494+00:00] main.CRITICAL: Invalid template file: 'C:/xampp8/htdocs/magento-loja5/vendor/magento/module-theme/view/frontend/templates/html/notices.phtml' in module: 'Magento_Theme' block's name: 'global_notices' [] []
[2025-05-02T02:36:04.628380+00:00] main.CRITICAL: Invalid template file: 'C:/xampp8/htdocs/magento-loja5/vendor/magento/module-cookie/view/frontend/templates/html/notices.phtml' in module: 'Magento_Cookie' block's name: 'cookie_notices' [] []
[2025-05-02T02:36:04.629197+00:00] main.CRITICAL: Invalid template file: 'C:/xampp8/htdocs/magento-loja5/vendor/magento/module-cookie/view/base/templates/html/cookie.phtml' in module: '' block's name: 'cookie_config' [] []
[2025-05-02T02:36:04.630061+00:00] main.CRITICAL: Invalid template file: 'C:/xampp8/htdocs/magento-loja5/vendor/magento/module-ui/view/base/templates/logger.phtml' in module: 'Magento_Ui' block's name: 'logger' [] []
[2025-05-02T02:36:04.630826+00:00] main.CRITICAL: Invalid template file: 'C:/xampp8/htdocs/magento-loja5/vendor/magento/module-ui/view/base/templates/wysiwyg/active_editor.phtml' in module: 'Magento_Ui' block's name: 'theme.active.editor' [] []
[2025-05-02T02:36:04.631738+00:00] main.CRITICAL: Invalid template file: 'C:/xampp8/htdocs/magento-loja5/vendor/magento/module-login-as-customer-frontend-ui/view/frontend/templates/html/notices.phtml' in module: '' block's name: 'login-as-customer-notice' [] []
[2025-05-02T02:36:04.632649+00:00] main.CRITICAL: Invalid template file: 'C:/xampp8/htdocs/magento-loja5/vendor/magento/module-page-builder/view/base/templates/googlemaps.phtml' in module: 'Magento_PageBuilder' block's name: 'google.maps.api' [] []
[2025-05-02T02:36:04.633736+00:00] main.CRITICAL: Invalid template file: 'C:/xampp8/htdocs/magento-loja5/vendor/magento/module-theme/view/frontend/templates/html/skip.phtml' in module: '' block's name: 'skip_to_content' [] []
[2025-05-02T02:36:04.634575+00:00] main.CRITICAL: Invalid template file: 'C:/xampp8/htdocs/magento-loja5/vendor/magento/module-directory/view/frontend/templates/currency.phtml' in module: 'Magento_Directory' block's name: 'currency' [] []
[2025-05-02T02:36:04.635462+00:00] main.CRITICAL: Invalid template file: 'C:/xampp8/htdocs/magento-loja5/vendor/magento/module-store/view/frontend/templates/switch/languages.phtml' in module: 'Magento_Store' block's name: 'store_language' [] []
[2025-05-02T02:36:04.636151+00:00] main.CRITICAL: Invalid template file: 'C:/xampp8/htdocs/magento-loja5/vendor/magento/module-theme/view/frontend/templates/html/header.phtml' in module: 'Magento_Theme' block's name: 'header' [] []
[2025-05-02T02:36:04.637055+00:00] main.CRITICAL: Invalid template file: 'C:/xampp8/htdocs/magento-loja5/vendor/magento/module-customer/view/frontend/templates/account/customer.phtml' in module: 'Magento_Customer' block's name: 'customer' [] []
[2025-05-02T02:36:04.637758+00:00] main.CRITICAL: Invalid template file: 'C:/xampp8/htdocs/magento-loja5/vendor/magento/module-customer/view/frontend/templates/account/link/authorization.phtml' in module: 'Magento_Customer' block's name: 'authorization-link-login' [] []
[2025-05-02T02:36:04.639158+00:00] main.CRITICAL: Invalid template file: 'C:/xampp8/htdocs/magento-loja5/vendor/magento/module-theme/view/frontend/templates/html/header/logo.phtml' in module: 'Magento_Theme' block's name: 'logo' [] []
[2025-05-02T02:36:04.640074+00:00] main.CRITICAL: Invalid template file: 'C:/xampp8/htdocs/magento-loja5/vendor/magento/module-checkout/view/frontend/templates/cart/minicart.phtml' in module: 'Magento_Checkout' block's name: 'minicart' [] []
[2025-05-02T02:36:04.640919+00:00] main.CRITICAL: Invalid template file: 'C:/xampp8/htdocs/magento-loja5/vendor/magento/module-search/view/frontend/templates/form.mini.phtml' in module: '' block's name: 'top.search' [] []
[2025-05-02T02:36:04.641779+00:00] main.CRITICAL: Invalid template file: 'C:/xampp8/htdocs/magento-loja5/vendor/magento/module-catalog/view/frontend/templates/product/compare/link.phtml' in module: '' block's name: 'catalog.compare.link' [] []
[2025-05-02T02:36:04.642775+00:00] main.CRITICAL: Invalid template file: 'C:/xampp8/htdocs/magento-loja5/vendor/magento/module-theme/view/frontend/templates/html/sections.phtml' in module: '' block's name: 'navigation.sections' [] []
[2025-05-02T02:36:04.643545+00:00] main.CRITICAL: Invalid template file: 'C:/xampp8/htdocs/magento-loja5/vendor/magento/module-theme/view/frontend/templates/html/breadcrumbs.phtml' in module: 'Magento_Theme' block's name: 'breadcrumbs' [] []
[2025-05-02T02:36:04.644313+00:00] main.CRITICAL: Invalid template file: 'C:/xampp8/htdocs/magento-loja5/vendor/magento/module-theme/view/frontend/templates/html/skiptarget.phtml' in module: '' block's name: 'skip_to_content.target' [] []
[2025-05-02T02:36:04.644962+00:00] main.CRITICAL: Invalid template file: 'C:/xampp8/htdocs/magento-loja5/vendor/magento/module-theme/view/frontend/templates/html/title.phtml' in module: 'Magento_Theme' block's name: 'page.main.title' [] []
[2025-05-02T02:36:04.645637+00:00] main.CRITICAL: Invalid template file: 'C:/xampp8/htdocs/magento-loja5/vendor/magento/module-theme/view/frontend/templates/html/messages.phtml' in module: '' block's name: 'ajax.message.placeholder' [] []
[2025-05-02T02:36:04.646281+00:00] main.CRITICAL: Invalid template file: 'C:/xampp8/htdocs/magento-loja5/vendor/magento/module-theme/view/frontend/templates/messages.phtml' in module: '' block's name: 'messages' [] []
[2025-05-02T02:36:04.647520+00:00] main.CRITICAL: Invalid template file: 'C:/xampp8/htdocs/magento-loja5/vendor/magento/module-customer/view/frontend/templates/account/authentication-popup.phtml' in module: 'Magento_Customer' block's name: 'authentication-popup' [] []
[2025-05-02T02:36:04.648242+00:00] main.CRITICAL: Invalid template file: 'C:/xampp8/htdocs/magento-loja5/vendor/magento/module-customer/view/frontend/templates/js/section-config.phtml' in module: 'Magento_Customer' block's name: 'customer.section.config' [] []
[2025-05-02T02:36:04.648907+00:00] main.CRITICAL: Invalid template file: 'C:/xampp8/htdocs/magento-loja5/vendor/magento/module-customer/view/frontend/templates/js/customer-data.phtml' in module: 'Magento_Customer' block's name: 'customer.customer.data' [] []
[2025-05-02T02:36:04.649634+00:00] main.CRITICAL: Invalid template file: 'C:/xampp8/htdocs/magento-loja5/vendor/magento/module-customer/view/frontend/templates/js/customer-data/invalidation-rules.phtml' in module: 'Magento_Customer' block's name: 'customer.data.invalidation.rules' [] []
[2025-05-02T02:36:04.650505+00:00] main.CRITICAL: Invalid template file: 'C:/xampp8/htdocs/magento-loja5/vendor/magento/module-page-cache/view/frontend/templates/javascript.phtml' in module: 'Magento_PageCache' block's name: 'pageCache' [] []
[2025-05-02T02:36:04.651291+00:00] main.CRITICAL: Invalid template file: 'C:/xampp8/htdocs/magento-loja5/vendor/magento/module-customer/view/frontend/templates/form/register.phtml' in module: 'Magento_Customer' block's name: 'customer_form_register' [] []
[2025-05-02T02:36:04.652007+00:00] main.CRITICAL: Invalid template file: 'C:/xampp8/htdocs/magento-loja5/vendor/magento/module-cookie/view/frontend/templates/require_cookie.phtml' in module: 'Magento_Cookie' block's name: 'require-cookie' [] []
[2025-05-02T02:36:04.653884+00:00] main.CRITICAL: Invalid template file: 'C:/xampp8/htdocs/magento-loja5/vendor/magento/module-newsletter/view/frontend/templates/subscribe.phtml' in module: 'Magento_Newsletter' block's name: 'form.subscribe' [] []
[2025-05-02T02:36:04.656341+00:00] main.CRITICAL: Invalid template file: 'C:/xampp8/htdocs/magento-loja5/vendor/magento/module-store/view/frontend/templates/switch/stores.phtml' in module: 'Magento_Store' block's name: 'store_switcher' [] []
[2025-05-02T02:36:04.657265+00:00] main.CRITICAL: Invalid template file: 'C:/xampp8/htdocs/magento-loja5/vendor/magento/module-catalog/view/frontend/templates/frontend_storage_manager.phtml' in module: 'Magento_Catalog' block's name: 'frontend-storage-manager' [] []
[2025-05-02T02:36:04.659750+00:00] main.CRITICAL: Invalid template file: 'C:/xampp8/htdocs/magento-loja5/vendor/magento/module-new-relic-reporting/view/base/templates/html/inline_js.phtml' in module: '' block's name: 'newrelicreporting.browser_monitoring.script.footer' [] []
[2025-05-02T02:36:10.897272+00:00] main.CRITICAL: Invalid template file: 'C:/xampp8/htdocs/magento-loja5/vendor/magento/module-theme/view/frontend/templates/page/js/require_js.phtml' in module: '' block's name: 'require.js' [] []
[2025-05-02T02:36:10.899526+00:00] main.CRITICAL: Invalid template file: 'C:/xampp8/htdocs/magento-loja5/vendor/magento/module-theme/view/frontend/templates/html/container.phtml' in module: '' block's name: 'head.critical' [] []
[2025-05-02T02:36:10.900173+00:00] main.CRITICAL: Invalid template file: 'C:/xampp8/htdocs/magento-loja5/vendor/magento/module-theme/view/frontend/templates/html/container.phtml' in module: '' block's name: 'head.additional' [] []
[2025-05-02T02:36:10.901102+00:00] main.CRITICAL: Invalid template file: 'C:/xampp8/htdocs/magento-loja5/vendor/magento/module-catalog/view/base/templates/js/components.phtml' in module: '' block's name: 'head.components' [] []
[2025-05-02T02:36:10.902452+00:00] main.CRITICAL: Invalid template file: 'C:/xampp8/htdocs/magento-loja5/vendor/magento/module-theme/view/frontend/templates/js/cookie_status.phtml' in module: '' block's name: 'cookie-status-check' [] []
[2025-05-02T02:36:10.903297+00:00] main.CRITICAL: Invalid template file: 'C:/xampp8/htdocs/magento-loja5/vendor/magento/module-theme/view/frontend/templates/js/cookie.phtml' in module: '' block's name: 'js_cookies' [] []
[2025-05-02T02:36:10.903981+00:00] main.CRITICAL: Invalid template file: 'C:/xampp8/htdocs/magento-loja5/vendor/magento/module-theme/view/frontend/templates/html/notices.phtml' in module: 'Magento_Theme' block's name: 'global_notices' [] []
[2025-05-02T02:36:10.904929+00:00] main.CRITICAL: Invalid template file: 'C:/xampp8/htdocs/magento-loja5/vendor/magento/module-cookie/view/frontend/templates/html/notices.phtml' in module: 'Magento_Cookie' block's name: 'cookie_notices' [] []
[2025-05-02T02:36:10.905786+00:00] main.CRITICAL: Invalid template file: 'C:/xampp8/htdocs/magento-loja5/vendor/magento/module-cookie/view/base/templates/html/cookie.phtml' in module: '' block's name: 'cookie_config' [] []
[2025-05-02T02:36:10.906668+00:00] main.CRITICAL: Invalid template file: 'C:/xampp8/htdocs/magento-loja5/vendor/magento/module-ui/view/base/templates/logger.phtml' in module: 'Magento_Ui' block's name: 'logger' [] []
[2025-05-02T02:36:10.907408+00:00] main.CRITICAL: Invalid template file: 'C:/xampp8/htdocs/magento-loja5/vendor/magento/module-ui/view/base/templates/wysiwyg/active_editor.phtml' in module: 'Magento_Ui' block's name: 'theme.active.editor' [] []
[2025-05-02T02:36:10.908330+00:00] main.CRITICAL: Invalid template file: 'C:/xampp8/htdocs/magento-loja5/vendor/magento/module-login-as-customer-frontend-ui/view/frontend/templates/html/notices.phtml' in module: '' block's name: 'login-as-customer-notice' [] []
[2025-05-02T02:36:10.909220+00:00] main.CRITICAL: Invalid template file: 'C:/xampp8/htdocs/magento-loja5/vendor/magento/module-page-builder/view/base/templates/googlemaps.phtml' in module: 'Magento_PageBuilder' block's name: 'google.maps.api' [] []
[2025-05-02T02:36:10.910368+00:00] main.CRITICAL: Invalid template file: 'C:/xampp8/htdocs/magento-loja5/vendor/magento/module-theme/view/frontend/templates/html/skip.phtml' in module: '' block's name: 'skip_to_content' [] []
[2025-05-02T02:36:10.911231+00:00] main.CRITICAL: Invalid template file: 'C:/xampp8/htdocs/magento-loja5/vendor/magento/module-directory/view/frontend/templates/currency.phtml' in module: 'Magento_Directory' block's name: 'currency' [] []
[2025-05-02T02:36:10.912140+00:00] main.CRITICAL: Invalid template file: 'C:/xampp8/htdocs/magento-loja5/vendor/magento/module-store/view/frontend/templates/switch/languages.phtml' in module: 'Magento_Store' block's name: 'store_language' [] []
[2025-05-02T02:36:10.912842+00:00] main.CRITICAL: Invalid template file: 'C:/xampp8/htdocs/magento-loja5/vendor/magento/module-theme/view/frontend/templates/html/header.phtml' in module: 'Magento_Theme' block's name: 'header' [] []
[2025-05-02T02:36:10.913755+00:00] main.CRITICAL: Invalid template file: 'C:/xampp8/htdocs/magento-loja5/vendor/magento/module-customer/view/frontend/templates/account/customer.phtml' in module: 'Magento_Customer' block's name: 'customer' [] []
[2025-05-02T02:36:10.914463+00:00] main.CRITICAL: Invalid template file: 'C:/xampp8/htdocs/magento-loja5/vendor/magento/module-customer/view/frontend/templates/account/link/authorization.phtml' in module: 'Magento_Customer' block's name: 'authorization-link-login' [] []
[2025-05-02T02:36:10.915894+00:00] main.CRITICAL: Invalid template file: 'C:/xampp8/htdocs/magento-loja5/vendor/magento/module-theme/view/frontend/templates/html/header/logo.phtml' in module: 'Magento_Theme' block's name: 'logo' [] []
[2025-05-02T02:36:10.916823+00:00] main.CRITICAL: Invalid template file: 'C:/xampp8/htdocs/magento-loja5/vendor/magento/module-checkout/view/frontend/templates/cart/minicart.phtml' in module: 'Magento_Checkout' block's name: 'minicart' [] []
[2025-05-02T02:36:10.917727+00:00] main.CRITICAL: Invalid template file: 'C:/xampp8/htdocs/magento-loja5/vendor/magento/module-search/view/frontend/templates/form.mini.phtml' in module: '' block's name: 'top.search' [] []
[2025-05-02T02:36:10.918631+00:00] main.CRITICAL: Invalid template file: 'C:/xampp8/htdocs/magento-loja5/vendor/magento/module-catalog/view/frontend/templates/product/compare/link.phtml' in module: '' block's name: 'catalog.compare.link' [] []
[2025-05-02T02:36:10.919636+00:00] main.CRITICAL: Invalid template file: 'C:/xampp8/htdocs/magento-loja5/vendor/magento/module-theme/view/frontend/templates/html/sections.phtml' in module: '' block's name: 'navigation.sections' [] []
[2025-05-02T02:36:10.920444+00:00] main.CRITICAL: Invalid template file: 'C:/xampp8/htdocs/magento-loja5/vendor/magento/module-theme/view/frontend/templates/html/breadcrumbs.phtml' in module: 'Magento_Theme' block's name: 'breadcrumbs' [] []
[2025-05-02T02:36:10.921282+00:00] main.CRITICAL: Invalid template file: 'C:/xampp8/htdocs/magento-loja5/vendor/magento/module-theme/view/frontend/templates/html/skiptarget.phtml' in module: '' block's name: 'skip_to_content.target' [] []
[2025-05-02T02:36:10.921996+00:00] main.CRITICAL: Invalid template file: 'C:/xampp8/htdocs/magento-loja5/vendor/magento/module-theme/view/frontend/templates/html/title.phtml' in module: 'Magento_Theme' block's name: 'page.main.title' [] []
[2025-05-02T02:36:10.922666+00:00] main.CRITICAL: Invalid template file: 'C:/xampp8/htdocs/magento-loja5/vendor/magento/module-theme/view/frontend/templates/html/messages.phtml' in module: '' block's name: 'ajax.message.placeholder' [] []
[2025-05-02T02:36:10.923311+00:00] main.CRITICAL: Invalid template file: 'C:/xampp8/htdocs/magento-loja5/vendor/magento/module-theme/view/frontend/templates/messages.phtml' in module: '' block's name: 'messages' [] []
[2025-05-02T02:36:10.924553+00:00] main.CRITICAL: Invalid template file: 'C:/xampp8/htdocs/magento-loja5/vendor/magento/module-customer/view/frontend/templates/account/authentication-popup.phtml' in module: 'Magento_Customer' block's name: 'authentication-popup' [] []
[2025-05-02T02:36:10.925265+00:00] main.CRITICAL: Invalid template file: 'C:/xampp8/htdocs/magento-loja5/vendor/magento/module-customer/view/frontend/templates/js/section-config.phtml' in module: 'Magento_Customer' block's name: 'customer.section.config' [] []
[2025-05-02T02:36:10.925918+00:00] main.CRITICAL: Invalid template file: 'C:/xampp8/htdocs/magento-loja5/vendor/magento/module-customer/view/frontend/templates/js/customer-data.phtml' in module: 'Magento_Customer' block's name: 'customer.customer.data' [] []
[2025-05-02T02:36:10.926669+00:00] main.CRITICAL: Invalid template file: 'C:/xampp8/htdocs/magento-loja5/vendor/magento/module-customer/view/frontend/templates/js/customer-data/invalidation-rules.phtml' in module: 'Magento_Customer' block's name: 'customer.data.invalidation.rules' [] []
[2025-05-02T02:36:10.927661+00:00] main.CRITICAL: Invalid template file: 'C:/xampp8/htdocs/magento-loja5/vendor/magento/module-page-cache/view/frontend/templates/javascript.phtml' in module: 'Magento_PageCache' block's name: 'pageCache' [] []
[2025-05-02T02:36:10.928370+00:00] main.CRITICAL: Invalid template file: 'C:/xampp8/htdocs/magento-loja5/vendor/magento/module-customer/view/frontend/templates/form/register.phtml' in module: 'Magento_Customer' block's name: 'customer_form_register' [] []
[2025-05-02T02:36:10.929026+00:00] main.CRITICAL: Invalid template file: 'C:/xampp8/htdocs/magento-loja5/vendor/magento/module-cookie/view/frontend/templates/require_cookie.phtml' in module: 'Magento_Cookie' block's name: 'require-cookie' [] []
[2025-05-02T02:36:10.930870+00:00] main.CRITICAL: Invalid template file: 'C:/xampp8/htdocs/magento-loja5/vendor/magento/module-newsletter/view/frontend/templates/subscribe.phtml' in module: 'Magento_Newsletter' block's name: 'form.subscribe' [] []
[2025-05-02T02:36:10.933271+00:00] main.CRITICAL: Invalid template file: 'C:/xampp8/htdocs/magento-loja5/vendor/magento/module-store/view/frontend/templates/switch/stores.phtml' in module: 'Magento_Store' block's name: 'store_switcher' [] []
[2025-05-02T02:36:10.934202+00:00] main.CRITICAL: Invalid template file: 'C:/xampp8/htdocs/magento-loja5/vendor/magento/module-catalog/view/frontend/templates/frontend_storage_manager.phtml' in module: 'Magento_Catalog' block's name: 'frontend-storage-manager' [] []
[2025-05-02T02:36:10.936704+00:00] main.CRITICAL: Invalid template file: 'C:/xampp8/htdocs/magento-loja5/vendor/magento/module-new-relic-reporting/view/base/templates/html/inline_js.phtml' in module: '' block's name: 'newrelicreporting.browser_monitoring.script.footer' [] []
[2025-05-02T02:36:15.293405+00:00] main.CRITICAL: Invalid template file: 'C:/xampp8/htdocs/magento-loja5/vendor/magento/module-theme/view/frontend/templates/page/js/require_js.phtml' in module: '' block's name: 'require.js' [] []
[2025-05-02T02:36:15.295092+00:00] main.CRITICAL: Invalid template file: 'C:/xampp8/htdocs/magento-loja5/vendor/magento/module-theme/view/frontend/templates/html/container.phtml' in module: '' block's name: 'head.critical' [] []
[2025-05-02T02:36:15.295622+00:00] main.CRITICAL: Invalid template file: 'C:/xampp8/htdocs/magento-loja5/vendor/magento/module-theme/view/frontend/templates/html/container.phtml' in module: '' block's name: 'head.additional' [] []
[2025-05-02T02:36:15.296227+00:00] main.CRITICAL: Invalid template file: 'C:/xampp8/htdocs/magento-loja5/vendor/magento/module-catalog/view/base/templates/js/components.phtml' in module: '' block's name: 'head.components' [] []
[2025-05-02T02:36:15.297273+00:00] main.CRITICAL: Invalid template file: 'C:/xampp8/htdocs/magento-loja5/vendor/magento/module-theme/view/frontend/templates/js/cookie_status.phtml' in module: '' block's name: 'cookie-status-check' [] []
[2025-05-02T02:36:15.298017+00:00] main.CRITICAL: Invalid template file: 'C:/xampp8/htdocs/magento-loja5/vendor/magento/module-theme/view/frontend/templates/js/cookie.phtml' in module: '' block's name: 'js_cookies' [] []
[2025-05-02T02:36:15.298609+00:00] main.CRITICAL: Invalid template file: 'C:/xampp8/htdocs/magento-loja5/vendor/magento/module-theme/view/frontend/templates/html/notices.phtml' in module: 'Magento_Theme' block's name: 'global_notices' [] []
[2025-05-02T02:36:15.299202+00:00] main.CRITICAL: Invalid template file: 'C:/xampp8/htdocs/magento-loja5/vendor/magento/module-cookie/view/frontend/templates/html/notices.phtml' in module: 'Magento_Cookie' block's name: 'cookie_notices' [] []
[2025-05-02T02:36:15.299838+00:00] main.CRITICAL: Invalid template file: 'C:/xampp8/htdocs/magento-loja5/vendor/magento/module-cookie/view/base/templates/html/cookie.phtml' in module: '' block's name: 'cookie_config' [] []
[2025-05-02T02:36:15.300457+00:00] main.CRITICAL: Invalid template file: 'C:/xampp8/htdocs/magento-loja5/vendor/magento/module-ui/view/base/templates/logger.phtml' in module: 'Magento_Ui' block's name: 'logger' [] []
[2025-05-02T02:36:15.301083+00:00] main.CRITICAL: Invalid template file: 'C:/xampp8/htdocs/magento-loja5/vendor/magento/module-ui/view/base/templates/wysiwyg/active_editor.phtml' in module: 'Magento_Ui' block's name: 'theme.active.editor' [] []
[2025-05-02T02:36:15.301709+00:00] main.CRITICAL: Invalid template file: 'C:/xampp8/htdocs/magento-loja5/vendor/magento/module-login-as-customer-frontend-ui/view/frontend/templates/html/notices.phtml' in module: '' block's name: 'login-as-customer-notice' [] []
[2025-05-02T02:36:15.302347+00:00] main.CRITICAL: Invalid template file: 'C:/xampp8/htdocs/magento-loja5/vendor/magento/module-page-builder/view/base/templates/googlemaps.phtml' in module: 'Magento_PageBuilder' block's name: 'google.maps.api' [] []
[2025-05-02T02:36:15.303349+00:00] main.CRITICAL: Invalid template file: 'C:/xampp8/htdocs/magento-loja5/vendor/magento/module-theme/view/frontend/templates/html/skip.phtml' in module: '' block's name: 'skip_to_content' [] []
[2025-05-02T02:36:15.303956+00:00] main.CRITICAL: Invalid template file: 'C:/xampp8/htdocs/magento-loja5/vendor/magento/module-directory/view/frontend/templates/currency.phtml' in module: 'Magento_Directory' block's name: 'currency' [] []
[2025-05-02T02:36:15.304638+00:00] main.CRITICAL: Invalid template file: 'C:/xampp8/htdocs/magento-loja5/vendor/magento/module-store/view/frontend/templates/switch/languages.phtml' in module: 'Magento_Store' block's name: 'store_language' [] []
[2025-05-02T02:36:15.305345+00:00] main.CRITICAL: Invalid template file: 'C:/xampp8/htdocs/magento-loja5/vendor/magento/module-theme/view/frontend/templates/html/header.phtml' in module: 'Magento_Theme' block's name: 'header' [] []
[2025-05-02T02:36:15.305951+00:00] main.CRITICAL: Invalid template file: 'C:/xampp8/htdocs/magento-loja5/vendor/magento/module-customer/view/frontend/templates/account/customer.phtml' in module: 'Magento_Customer' block's name: 'customer' [] []
[2025-05-02T02:36:15.306553+00:00] main.CRITICAL: Invalid template file: 'C:/xampp8/htdocs/magento-loja5/vendor/magento/module-customer/view/frontend/templates/account/link/authorization.phtml' in module: 'Magento_Customer' block's name: 'authorization-link-login' [] []
[2025-05-02T02:36:15.307877+00:00] main.CRITICAL: Invalid template file: 'C:/xampp8/htdocs/magento-loja5/vendor/magento/module-theme/view/frontend/templates/html/header/logo.phtml' in module: 'Magento_Theme' block's name: 'logo' [] []
[2025-05-02T02:36:15.308493+00:00] main.CRITICAL: Invalid template file: 'C:/xampp8/htdocs/magento-loja5/vendor/magento/module-checkout/view/frontend/templates/cart/minicart.phtml' in module: 'Magento_Checkout' block's name: 'minicart' [] []
[2025-05-02T02:36:15.309091+00:00] main.CRITICAL: Invalid template file: 'C:/xampp8/htdocs/magento-loja5/vendor/magento/module-search/view/frontend/templates/form.mini.phtml' in module: '' block's name: 'top.search' [] []
[2025-05-02T02:36:15.309706+00:00] main.CRITICAL: Invalid template file: 'C:/xampp8/htdocs/magento-loja5/vendor/magento/module-catalog/view/frontend/templates/product/compare/link.phtml' in module: '' block's name: 'catalog.compare.link' [] []
[2025-05-02T02:36:15.310646+00:00] main.CRITICAL: Invalid template file: 'C:/xampp8/htdocs/magento-loja5/vendor/magento/module-theme/view/frontend/templates/html/sections.phtml' in module: '' block's name: 'navigation.sections' [] []
[2025-05-02T02:36:15.311364+00:00] main.CRITICAL: Invalid template file: 'C:/xampp8/htdocs/magento-loja5/vendor/magento/module-theme/view/frontend/templates/html/breadcrumbs.phtml' in module: 'Magento_Theme' block's name: 'breadcrumbs' [] []
[2025-05-02T02:36:15.312079+00:00] main.CRITICAL: Invalid template file: 'C:/xampp8/htdocs/magento-loja5/vendor/magento/module-theme/view/frontend/templates/html/skiptarget.phtml' in module: '' block's name: 'skip_to_content.target' [] []
[2025-05-02T02:36:15.312673+00:00] main.CRITICAL: Invalid template file: 'C:/xampp8/htdocs/magento-loja5/vendor/magento/module-theme/view/frontend/templates/html/title.phtml' in module: 'Magento_Theme' block's name: 'page.main.title' [] []
[2025-05-02T02:36:15.313264+00:00] main.CRITICAL: Invalid template file: 'C:/xampp8/htdocs/magento-loja5/vendor/magento/module-theme/view/frontend/templates/html/messages.phtml' in module: '' block's name: 'ajax.message.placeholder' [] []
[2025-05-02T02:36:15.313847+00:00] main.CRITICAL: Invalid template file: 'C:/xampp8/htdocs/magento-loja5/vendor/magento/module-theme/view/frontend/templates/messages.phtml' in module: '' block's name: 'messages' [] []
[2025-05-02T02:36:15.314964+00:00] main.CRITICAL: Invalid template file: 'C:/xampp8/htdocs/magento-loja5/vendor/magento/module-customer/view/frontend/templates/account/authentication-popup.phtml' in module: 'Magento_Customer' block's name: 'authentication-popup' [] []
[2025-05-02T02:36:15.315559+00:00] main.CRITICAL: Invalid template file: 'C:/xampp8/htdocs/magento-loja5/vendor/magento/module-customer/view/frontend/templates/js/section-config.phtml' in module: 'Magento_Customer' block's name: 'customer.section.config' [] []
[2025-05-02T02:36:15.316190+00:00] main.CRITICAL: Invalid template file: 'C:/xampp8/htdocs/magento-loja5/vendor/magento/module-customer/view/frontend/templates/js/customer-data.phtml' in module: 'Magento_Customer' block's name: 'customer.customer.data' [] []
[2025-05-02T02:36:15.316789+00:00] main.CRITICAL: Invalid template file: 'C:/xampp8/htdocs/magento-loja5/vendor/magento/module-customer/view/frontend/templates/js/customer-data/invalidation-rules.phtml' in module: 'Magento_Customer' block's name: 'customer.data.invalidation.rules' [] []
[2025-05-02T02:36:15.317406+00:00] main.CRITICAL: Invalid template file: 'C:/xampp8/htdocs/magento-loja5/vendor/magento/module-page-cache/view/frontend/templates/javascript.phtml' in module: 'Magento_PageCache' block's name: 'pageCache' [] []
[2025-05-02T02:36:15.318006+00:00] main.CRITICAL: Invalid template file: 'C:/xampp8/htdocs/magento-loja5/vendor/magento/module-customer/view/frontend/templates/form/register.phtml' in module: 'Magento_Customer' block's name: 'customer_form_register' [] []
[2025-05-02T02:36:15.318599+00:00] main.CRITICAL: Invalid template file: 'C:/xampp8/htdocs/magento-loja5/vendor/magento/module-cookie/view/frontend/templates/require_cookie.phtml' in module: 'Magento_Cookie' block's name: 'require-cookie' [] []
[2025-05-02T02:36:15.320144+00:00] main.CRITICAL: Invalid template file: 'C:/xampp8/htdocs/magento-loja5/vendor/magento/module-newsletter/view/frontend/templates/subscribe.phtml' in module: 'Magento_Newsletter' block's name: 'form.subscribe' [] []
[2025-05-02T02:36:15.322477+00:00] main.CRITICAL: Invalid template file: 'C:/xampp8/htdocs/magento-loja5/vendor/magento/module-store/view/frontend/templates/switch/stores.phtml' in module: 'Magento_Store' block's name: 'store_switcher' [] []
[2025-05-02T02:36:15.323372+00:00] main.CRITICAL: Invalid template file: 'C:/xampp8/htdocs/magento-loja5/vendor/magento/module-catalog/view/frontend/templates/frontend_storage_manager.phtml' in module: 'Magento_Catalog' block's name: 'frontend-storage-manager' [] []
[2025-05-02T02:36:15.325400+00:00] main.CRITICAL: Invalid template file: 'C:/xampp8/htdocs/magento-loja5/vendor/magento/module-new-relic-reporting/view/base/templates/html/inline_js.phtml' in module: '' block's name: 'newrelicreporting.browser_monitoring.script.footer' [] []
[2025-05-02T02:36:20.359098+00:00] main.CRITICAL: Invalid template file: 'C:/xampp8/htdocs/magento-loja5/vendor/magento/module-theme/view/frontend/templates/page/js/require_js.phtml' in module: '' block's name: 'require.js' [] []
[2025-05-02T02:36:20.360805+00:00] main.CRITICAL: Invalid template file: 'C:/xampp8/htdocs/magento-loja5/vendor/magento/module-theme/view/frontend/templates/html/container.phtml' in module: '' block's name: 'head.critical' [] []
[2025-05-02T02:36:20.361323+00:00] main.CRITICAL: Invalid template file: 'C:/xampp8/htdocs/magento-loja5/vendor/magento/module-theme/view/frontend/templates/html/container.phtml' in module: '' block's name: 'head.additional' [] []
[2025-05-02T02:36:20.362534+00:00] main.CRITICAL: Invalid template file: 'C:/xampp8/htdocs/magento-loja5/vendor/magento/module-catalog/view/base/templates/js/components.phtml' in module: '' block's name: 'head.components' [] []
[2025-05-02T02:36:20.363126+00:00] main.CRITICAL: Invalid template file: 'C:/xampp8/htdocs/magento-loja5/vendor/magento/module-theme/view/frontend/templates/js/cookie_status.phtml' in module: '' block's name: 'cookie-status-check' [] []
[2025-05-02T02:36:20.363881+00:00] main.CRITICAL: Invalid template file: 'C:/xampp8/htdocs/magento-loja5/vendor/magento/module-theme/view/frontend/templates/js/cookie.phtml' in module: '' block's name: 'js_cookies' [] []
[2025-05-02T02:36:20.364458+00:00] main.CRITICAL: Invalid template file: 'C:/xampp8/htdocs/magento-loja5/vendor/magento/module-theme/view/frontend/templates/html/notices.phtml' in module: 'Magento_Theme' block's name: 'global_notices' [] []
[2025-05-02T02:36:20.365038+00:00] main.CRITICAL: Invalid template file: 'C:/xampp8/htdocs/magento-loja5/vendor/magento/module-cookie/view/frontend/templates/html/notices.phtml' in module: 'Magento_Cookie' block's name: 'cookie_notices' [] []
[2025-05-02T02:36:20.365699+00:00] main.CRITICAL: Invalid template file: 'C:/xampp8/htdocs/magento-loja5/vendor/magento/module-cookie/view/base/templates/html/cookie.phtml' in module: '' block's name: 'cookie_config' [] []
[2025-05-02T02:36:20.366305+00:00] main.CRITICAL: Invalid template file: 'C:/xampp8/htdocs/magento-loja5/vendor/magento/module-ui/view/base/templates/logger.phtml' in module: 'Magento_Ui' block's name: 'logger' [] []
[2025-05-02T02:36:20.366947+00:00] main.CRITICAL: Invalid template file: 'C:/xampp8/htdocs/magento-loja5/vendor/magento/module-ui/view/base/templates/wysiwyg/active_editor.phtml' in module: 'Magento_Ui' block's name: 'theme.active.editor' [] []
[2025-05-02T02:36:20.367536+00:00] main.CRITICAL: Invalid template file: 'C:/xampp8/htdocs/magento-loja5/vendor/magento/module-login-as-customer-frontend-ui/view/frontend/templates/html/notices.phtml' in module: '' block's name: 'login-as-customer-notice' [] []
[2025-05-02T02:36:20.368156+00:00] main.CRITICAL: Invalid template file: 'C:/xampp8/htdocs/magento-loja5/vendor/magento/module-page-builder/view/base/templates/googlemaps.phtml' in module: 'Magento_PageBuilder' block's name: 'google.maps.api' [] []
[2025-05-02T02:36:20.369114+00:00] main.CRITICAL: Invalid template file: 'C:/xampp8/htdocs/magento-loja5/vendor/magento/module-theme/view/frontend/templates/html/skip.phtml' in module: '' block's name: 'skip_to_content' [] []
[2025-05-02T02:36:20.369692+00:00] main.CRITICAL: Invalid template file: 'C:/xampp8/htdocs/magento-loja5/vendor/magento/module-directory/view/frontend/templates/currency.phtml' in module: 'Magento_Directory' block's name: 'currency' [] []
[2025-05-02T02:36:20.370273+00:00] main.CRITICAL: Invalid template file: 'C:/xampp8/htdocs/magento-loja5/vendor/magento/module-store/view/frontend/templates/switch/languages.phtml' in module: 'Magento_Store' block's name: 'store_language' [] []
[2025-05-02T02:36:20.370958+00:00] main.CRITICAL: Invalid template file: 'C:/xampp8/htdocs/magento-loja5/vendor/magento/module-theme/view/frontend/templates/html/header.phtml' in module: 'Magento_Theme' block's name: 'header' [] []
[2025-05-02T02:36:20.371537+00:00] main.CRITICAL: Invalid template file: 'C:/xampp8/htdocs/magento-loja5/vendor/magento/module-customer/view/frontend/templates/account/customer.phtml' in module: 'Magento_Customer' block's name: 'customer' [] []
[2025-05-02T02:36:20.372133+00:00] main.CRITICAL: Invalid template file: 'C:/xampp8/htdocs/magento-loja5/vendor/magento/module-customer/view/frontend/templates/account/link/authorization.phtml' in module: 'Magento_Customer' block's name: 'authorization-link-login' [] []
[2025-05-02T02:36:20.373376+00:00] main.CRITICAL: Invalid template file: 'C:/xampp8/htdocs/magento-loja5/vendor/magento/module-theme/view/frontend/templates/html/header/logo.phtml' in module: 'Magento_Theme' block's name: 'logo' [] []
[2025-05-02T02:36:20.373971+00:00] main.CRITICAL: Invalid template file: 'C:/xampp8/htdocs/magento-loja5/vendor/magento/module-checkout/view/frontend/templates/cart/minicart.phtml' in module: 'Magento_Checkout' block's name: 'minicart' [] []
[2025-05-02T02:36:20.374552+00:00] main.CRITICAL: Invalid template file: 'C:/xampp8/htdocs/magento-loja5/vendor/magento/module-search/view/frontend/templates/form.mini.phtml' in module: '' block's name: 'top.search' [] []
[2025-05-02T02:36:20.375145+00:00] main.CRITICAL: Invalid template file: 'C:/xampp8/htdocs/magento-loja5/vendor/magento/module-catalog/view/frontend/templates/product/compare/link.phtml' in module: '' block's name: 'catalog.compare.link' [] []
[2025-05-02T02:36:20.376038+00:00] main.CRITICAL: Invalid template file: 'C:/xampp8/htdocs/magento-loja5/vendor/magento/module-theme/view/frontend/templates/html/sections.phtml' in module: '' block's name: 'navigation.sections' [] []
[2025-05-02T02:36:20.376728+00:00] main.CRITICAL: Invalid template file: 'C:/xampp8/htdocs/magento-loja5/vendor/magento/module-theme/view/frontend/templates/html/breadcrumbs.phtml' in module: 'Magento_Theme' block's name: 'breadcrumbs' [] []
[2025-05-02T02:36:20.377437+00:00] main.CRITICAL: Invalid template file: 'C:/xampp8/htdocs/magento-loja5/vendor/magento/module-theme/view/frontend/templates/html/skiptarget.phtml' in module: '' block's name: 'skip_to_content.target' [] []
[2025-05-02T02:36:20.378016+00:00] main.CRITICAL: Invalid template file: 'C:/xampp8/htdocs/magento-loja5/vendor/magento/module-theme/view/frontend/templates/html/title.phtml' in module: 'Magento_Theme' block's name: 'page.main.title' [] []
[2025-05-02T02:36:20.378616+00:00] main.CRITICAL: Invalid template file: 'C:/xampp8/htdocs/magento-loja5/vendor/magento/module-theme/view/frontend/templates/html/messages.phtml' in module: '' block's name: 'ajax.message.placeholder' [] []
[2025-05-02T02:36:20.379185+00:00] main.CRITICAL: Invalid template file: 'C:/xampp8/htdocs/magento-loja5/vendor/magento/module-theme/view/frontend/templates/messages.phtml' in module: '' block's name: 'messages' [] []
[2025-05-02T02:36:20.380291+00:00] main.CRITICAL: Invalid template file: 'C:/xampp8/htdocs/magento-loja5/vendor/magento/module-customer/view/frontend/templates/account/authentication-popup.phtml' in module: 'Magento_Customer' block's name: 'authentication-popup' [] []
[2025-05-02T02:36:20.380876+00:00] main.CRITICAL: Invalid template file: 'C:/xampp8/htdocs/magento-loja5/vendor/magento/module-customer/view/frontend/templates/js/section-config.phtml' in module: 'Magento_Customer' block's name: 'customer.section.config' [] []
[2025-05-02T02:36:20.381452+00:00] main.CRITICAL: Invalid template file: 'C:/xampp8/htdocs/magento-loja5/vendor/magento/module-customer/view/frontend/templates/js/customer-data.phtml' in module: 'Magento_Customer' block's name: 'customer.customer.data' [] []
[2025-05-02T02:36:20.382032+00:00] main.CRITICAL: Invalid template file: 'C:/xampp8/htdocs/magento-loja5/vendor/magento/module-customer/view/frontend/templates/js/customer-data/invalidation-rules.phtml' in module: 'Magento_Customer' block's name: 'customer.data.invalidation.rules' [] []
[2025-05-02T02:36:20.382609+00:00] main.CRITICAL: Invalid template file: 'C:/xampp8/htdocs/magento-loja5/vendor/magento/module-page-cache/view/frontend/templates/javascript.phtml' in module: 'Magento_PageCache' block's name: 'pageCache' [] []
[2025-05-02T02:36:20.402655+00:00] main.CRITICAL: Invalid template file: 'C:/xampp8/htdocs/magento-loja5/vendor/magento/module-catalog/view/frontend/templates/product/compare/sidebar.phtml' in module: '' block's name: 'catalog.compare.sidebar' [] []
[2025-05-02T02:36:20.403739+00:00] main.CRITICAL: Invalid template file: 'C:/xampp8/htdocs/magento-loja5/vendor/magento/module-wishlist/view/frontend/templates/sidebar.phtml' in module: 'Magento_Wishlist' block's name: 'wishlist_sidebar' [] []
[2025-05-02T02:36:20.405305+00:00] main.CRITICAL: Invalid template file: 'C:/xampp8/htdocs/magento-loja5/vendor/magento/module-newsletter/view/frontend/templates/subscribe.phtml' in module: 'Magento_Newsletter' block's name: 'form.subscribe' [] []
[2025-05-02T02:36:20.407495+00:00] main.CRITICAL: Invalid template file: 'C:/xampp8/htdocs/magento-loja5/vendor/magento/module-store/view/frontend/templates/switch/stores.phtml' in module: 'Magento_Store' block's name: 'store_switcher' [] []
[2025-05-02T02:36:20.408320+00:00] main.CRITICAL: Invalid template file: 'C:/xampp8/htdocs/magento-loja5/vendor/magento/module-catalog/view/frontend/templates/frontend_storage_manager.phtml' in module: 'Magento_Catalog' block's name: 'frontend-storage-manager' [] []
[2025-05-02T02:36:20.410282+00:00] main.CRITICAL: Invalid template file: 'C:/xampp8/htdocs/magento-loja5/vendor/magento/module-new-relic-reporting/view/base/templates/html/inline_js.phtml' in module: '' block's name: 'newrelicreporting.browser_monitoring.script.footer' [] []
[2025-05-02T02:36:29.840239+00:00] main.CRITICAL: Invalid template file: 'C:/xampp8/htdocs/magento-loja5/vendor/magento/module-theme/view/frontend/templates/page/js/require_js.phtml' in module: '' block's name: 'require.js' [] []
[2025-05-02T02:36:29.842032+00:00] main.CRITICAL: Invalid template file: 'C:/xampp8/htdocs/magento-loja5/vendor/magento/module-theme/view/frontend/templates/html/container.phtml' in module: '' block's name: 'head.critical' [] []
[2025-05-02T02:36:29.842573+00:00] main.CRITICAL: Invalid template file: 'C:/xampp8/htdocs/magento-loja5/vendor/magento/module-theme/view/frontend/templates/html/container.phtml' in module: '' block's name: 'head.additional' [] []
[2025-05-02T02:36:29.843901+00:00] main.CRITICAL: Invalid template file: 'C:/xampp8/htdocs/magento-loja5/vendor/magento/module-catalog/view/base/templates/js/components.phtml' in module: '' block's name: 'head.components' [] []
[2025-05-02T02:36:29.844518+00:00] main.CRITICAL: Invalid template file: 'C:/xampp8/htdocs/magento-loja5/vendor/magento/module-theme/view/frontend/templates/js/cookie_status.phtml' in module: '' block's name: 'cookie-status-check' [] []
[2025-05-02T02:36:29.845252+00:00] main.CRITICAL: Invalid template file: 'C:/xampp8/htdocs/magento-loja5/vendor/magento/module-theme/view/frontend/templates/js/cookie.phtml' in module: '' block's name: 'js_cookies' [] []
[2025-05-02T02:36:29.845849+00:00] main.CRITICAL: Invalid template file: 'C:/xampp8/htdocs/magento-loja5/vendor/magento/module-theme/view/frontend/templates/html/notices.phtml' in module: 'Magento_Theme' block's name: 'global_notices' [] []
[2025-05-02T02:36:29.846453+00:00] main.CRITICAL: Invalid template file: 'C:/xampp8/htdocs/magento-loja5/vendor/magento/module-cookie/view/frontend/templates/html/notices.phtml' in module: 'Magento_Cookie' block's name: 'cookie_notices' [] []
[2025-05-02T02:36:29.847090+00:00] main.CRITICAL: Invalid template file: 'C:/xampp8/htdocs/magento-loja5/vendor/magento/module-cookie/view/base/templates/html/cookie.phtml' in module: '' block's name: 'cookie_config' [] []
[2025-05-02T02:36:29.847716+00:00] main.CRITICAL: Invalid template file: 'C:/xampp8/htdocs/magento-loja5/vendor/magento/module-ui/view/base/templates/logger.phtml' in module: 'Magento_Ui' block's name: 'logger' [] []
[2025-05-02T02:36:29.848345+00:00] main.CRITICAL: Invalid template file: 'C:/xampp8/htdocs/magento-loja5/vendor/magento/module-ui/view/base/templates/wysiwyg/active_editor.phtml' in module: 'Magento_Ui' block's name: 'theme.active.editor' [] []
[2025-05-02T02:36:29.848954+00:00] main.CRITICAL: Invalid template file: 'C:/xampp8/htdocs/magento-loja5/vendor/magento/module-login-as-customer-frontend-ui/view/frontend/templates/html/notices.phtml' in module: '' block's name: 'login-as-customer-notice' [] []
[2025-05-02T02:36:29.849596+00:00] main.CRITICAL: Invalid template file: 'C:/xampp8/htdocs/magento-loja5/vendor/magento/module-page-builder/view/base/templates/googlemaps.phtml' in module: 'Magento_PageBuilder' block's name: 'google.maps.api' [] []
[2025-05-02T02:36:29.850580+00:00] main.CRITICAL: Invalid template file: 'C:/xampp8/htdocs/magento-loja5/vendor/magento/module-theme/view/frontend/templates/html/skip.phtml' in module: '' block's name: 'skip_to_content' [] []
[2025-05-02T02:36:29.851188+00:00] main.CRITICAL: Invalid template file: 'C:/xampp8/htdocs/magento-loja5/vendor/magento/module-directory/view/frontend/templates/currency.phtml' in module: 'Magento_Directory' block's name: 'currency' [] []
[2025-05-02T02:36:29.851795+00:00] main.CRITICAL: Invalid template file: 'C:/xampp8/htdocs/magento-loja5/vendor/magento/module-store/view/frontend/templates/switch/languages.phtml' in module: 'Magento_Store' block's name: 'store_language' [] []
[2025-05-02T02:36:29.852432+00:00] main.CRITICAL: Invalid template file: 'C:/xampp8/htdocs/magento-loja5/vendor/magento/module-theme/view/frontend/templates/html/header.phtml' in module: 'Magento_Theme' block's name: 'header' [] []
[2025-05-02T02:36:29.853035+00:00] main.CRITICAL: Invalid template file: 'C:/xampp8/htdocs/magento-loja5/vendor/magento/module-customer/view/frontend/templates/account/customer.phtml' in module: 'Magento_Customer' block's name: 'customer' [] []
[2025-05-02T02:36:29.853639+00:00] main.CRITICAL: Invalid template file: 'C:/xampp8/htdocs/magento-loja5/vendor/magento/module-customer/view/frontend/templates/account/link/authorization.phtml' in module: 'Magento_Customer' block's name: 'authorization-link-login' [] []
[2025-05-02T02:36:29.855052+00:00] main.CRITICAL: Invalid template file: 'C:/xampp8/htdocs/magento-loja5/vendor/magento/module-theme/view/frontend/templates/html/header/logo.phtml' in module: 'Magento_Theme' block's name: 'logo' [] []
[2025-05-02T02:36:29.855841+00:00] main.CRITICAL: Invalid template file: 'C:/xampp8/htdocs/magento-loja5/vendor/magento/module-checkout/view/frontend/templates/cart/minicart.phtml' in module: 'Magento_Checkout' block's name: 'minicart' [] []
[2025-05-02T02:36:29.856478+00:00] main.CRITICAL: Invalid template file: 'C:/xampp8/htdocs/magento-loja5/vendor/magento/module-search/view/frontend/templates/form.mini.phtml' in module: '' block's name: 'top.search' [] []
[2025-05-02T02:36:29.857099+00:00] main.CRITICAL: Invalid template file: 'C:/xampp8/htdocs/magento-loja5/vendor/magento/module-catalog/view/frontend/templates/product/compare/link.phtml' in module: '' block's name: 'catalog.compare.link' [] []
[2025-05-02T02:36:29.858070+00:00] main.CRITICAL: Invalid template file: 'C:/xampp8/htdocs/magento-loja5/vendor/magento/module-theme/view/frontend/templates/html/sections.phtml' in module: '' block's name: 'navigation.sections' [] []
[2025-05-02T02:36:29.858790+00:00] main.CRITICAL: Invalid template file: 'C:/xampp8/htdocs/magento-loja5/vendor/magento/module-theme/view/frontend/templates/html/breadcrumbs.phtml' in module: 'Magento_Theme' block's name: 'breadcrumbs' [] []
[2025-05-02T02:36:29.859503+00:00] main.CRITICAL: Invalid template file: 'C:/xampp8/htdocs/magento-loja5/vendor/magento/module-theme/view/frontend/templates/html/skiptarget.phtml' in module: '' block's name: 'skip_to_content.target' [] []
[2025-05-02T02:36:29.860102+00:00] main.CRITICAL: Invalid template file: 'C:/xampp8/htdocs/magento-loja5/vendor/magento/module-theme/view/frontend/templates/html/title.phtml' in module: 'Magento_Theme' block's name: 'page.main.title' [] []
[2025-05-02T02:36:29.860699+00:00] main.CRITICAL: Invalid template file: 'C:/xampp8/htdocs/magento-loja5/vendor/magento/module-theme/view/frontend/templates/html/messages.phtml' in module: '' block's name: 'ajax.message.placeholder' [] []
[2025-05-02T02:36:29.861293+00:00] main.CRITICAL: Invalid template file: 'C:/xampp8/htdocs/magento-loja5/vendor/magento/module-theme/view/frontend/templates/messages.phtml' in module: '' block's name: 'messages' [] []
[2025-05-02T02:36:29.862408+00:00] main.CRITICAL: Invalid template file: 'C:/xampp8/htdocs/magento-loja5/vendor/magento/module-customer/view/frontend/templates/account/authentication-popup.phtml' in module: 'Magento_Customer' block's name: 'authentication-popup' [] []
[2025-05-02T02:36:29.863014+00:00] main.CRITICAL: Invalid template file: 'C:/xampp8/htdocs/magento-loja5/vendor/magento/module-customer/view/frontend/templates/js/section-config.phtml' in module: 'Magento_Customer' block's name: 'customer.section.config' [] []
[2025-05-02T02:36:29.863611+00:00] main.CRITICAL: Invalid template file: 'C:/xampp8/htdocs/magento-loja5/vendor/magento/module-customer/view/frontend/templates/js/customer-data.phtml' in module: 'Magento_Customer' block's name: 'customer.customer.data' [] []
[2025-05-02T02:36:29.864216+00:00] main.CRITICAL: Invalid template file: 'C:/xampp8/htdocs/magento-loja5/vendor/magento/module-customer/view/frontend/templates/js/customer-data/invalidation-rules.phtml' in module: 'Magento_Customer' block's name: 'customer.data.invalidation.rules' [] []
[2025-05-02T02:36:29.864816+00:00] main.CRITICAL: Invalid template file: 'C:/xampp8/htdocs/magento-loja5/vendor/magento/module-page-cache/view/frontend/templates/javascript.phtml' in module: 'Magento_PageCache' block's name: 'pageCache' [] []
[2025-05-02T02:36:29.887333+00:00] main.CRITICAL: Invalid template file: 'C:/xampp8/htdocs/magento-loja5/vendor/magento/module-catalog/view/frontend/templates/product/compare/sidebar.phtml' in module: '' block's name: 'catalog.compare.sidebar' [] []
[2025-05-02T02:36:29.888551+00:00] main.CRITICAL: Invalid template file: 'C:/xampp8/htdocs/magento-loja5/vendor/magento/module-wishlist/view/frontend/templates/sidebar.phtml' in module: 'Magento_Wishlist' block's name: 'wishlist_sidebar' [] []
[2025-05-02T02:36:29.890021+00:00] main.CRITICAL: Invalid template file: 'C:/xampp8/htdocs/magento-loja5/vendor/magento/module-newsletter/view/frontend/templates/subscribe.phtml' in module: 'Magento_Newsletter' block's name: 'form.subscribe' [] []
[2025-05-02T02:36:29.892323+00:00] main.CRITICAL: Invalid template file: 'C:/xampp8/htdocs/magento-loja5/vendor/magento/module-store/view/frontend/templates/switch/stores.phtml' in module: 'Magento_Store' block's name: 'store_switcher' [] []
[2025-05-02T02:36:29.893174+00:00] main.CRITICAL: Invalid template file: 'C:/xampp8/htdocs/magento-loja5/vendor/magento/module-catalog/view/frontend/templates/frontend_storage_manager.phtml' in module: 'Magento_Catalog' block's name: 'frontend-storage-manager' [] []
[2025-05-02T02:36:29.895356+00:00] main.CRITICAL: Invalid template file: 'C:/xampp8/htdocs/magento-loja5/vendor/magento/module-new-relic-reporting/view/base/templates/html/inline_js.phtml' in module: '' block's name: 'newrelicreporting.browser_monitoring.script.footer' [] []
[2025-05-02T02:36:31.891161+00:00] main.CRITICAL: Invalid template file: 'C:/xampp8/htdocs/magento-loja5/vendor/magento/module-theme/view/frontend/templates/page/js/require_js.phtml' in module: '' block's name: 'require.js' [] []
[2025-05-02T02:36:31.892806+00:00] main.CRITICAL: Invalid template file: 'C:/xampp8/htdocs/magento-loja5/vendor/magento/module-theme/view/frontend/templates/html/container.phtml' in module: '' block's name: 'head.critical' [] []
[2025-05-02T02:36:31.893324+00:00] main.CRITICAL: Invalid template file: 'C:/xampp8/htdocs/magento-loja5/vendor/magento/module-theme/view/frontend/templates/html/container.phtml' in module: '' block's name: 'head.additional' [] []
[2025-05-02T02:36:31.893918+00:00] main.CRITICAL: Invalid template file: 'C:/xampp8/htdocs/magento-loja5/vendor/magento/module-catalog/view/base/templates/js/components.phtml' in module: '' block's name: 'head.components' [] []
[2025-05-02T02:36:31.894913+00:00] main.CRITICAL: Invalid template file: 'C:/xampp8/htdocs/magento-loja5/vendor/magento/module-theme/view/frontend/templates/js/cookie_status.phtml' in module: '' block's name: 'cookie-status-check' [] []
[2025-05-02T02:36:31.895651+00:00] main.CRITICAL: Invalid template file: 'C:/xampp8/htdocs/magento-loja5/vendor/magento/module-theme/view/frontend/templates/js/cookie.phtml' in module: '' block's name: 'js_cookies' [] []
[2025-05-02T02:36:31.896239+00:00] main.CRITICAL: Invalid template file: 'C:/xampp8/htdocs/magento-loja5/vendor/magento/module-theme/view/frontend/templates/html/notices.phtml' in module: 'Magento_Theme' block's name: 'global_notices' [] []
[2025-05-02T02:36:31.896826+00:00] main.CRITICAL: Invalid template file: 'C:/xampp8/htdocs/magento-loja5/vendor/magento/module-cookie/view/frontend/templates/html/notices.phtml' in module: 'Magento_Cookie' block's name: 'cookie_notices' [] []
[2025-05-02T02:36:31.897450+00:00] main.CRITICAL: Invalid template file: 'C:/xampp8/htdocs/magento-loja5/vendor/magento/module-cookie/view/base/templates/html/cookie.phtml' in module: '' block's name: 'cookie_config' [] []
[2025-05-02T02:36:31.898062+00:00] main.CRITICAL: Invalid template file: 'C:/xampp8/htdocs/magento-loja5/vendor/magento/module-ui/view/base/templates/logger.phtml' in module: 'Magento_Ui' block's name: 'logger' [] []
[2025-05-02T02:36:31.898678+00:00] main.CRITICAL: Invalid template file: 'C:/xampp8/htdocs/magento-loja5/vendor/magento/module-ui/view/base/templates/wysiwyg/active_editor.phtml' in module: 'Magento_Ui' block's name: 'theme.active.editor' [] []
[2025-05-02T02:36:31.899273+00:00] main.CRITICAL: Invalid template file: 'C:/xampp8/htdocs/magento-loja5/vendor/magento/module-login-as-customer-frontend-ui/view/frontend/templates/html/notices.phtml' in module: '' block's name: 'login-as-customer-notice' [] []
[2025-05-02T02:36:31.899933+00:00] main.CRITICAL: Invalid template file: 'C:/xampp8/htdocs/magento-loja5/vendor/magento/module-page-builder/view/base/templates/googlemaps.phtml' in module: 'Magento_PageBuilder' block's name: 'google.maps.api' [] []
[2025-05-02T02:36:31.900928+00:00] main.CRITICAL: Invalid template file: 'C:/xampp8/htdocs/magento-loja5/vendor/magento/module-theme/view/frontend/templates/html/skip.phtml' in module: '' block's name: 'skip_to_content' [] []
[2025-05-02T02:36:31.901549+00:00] main.CRITICAL: Invalid template file: 'C:/xampp8/htdocs/magento-loja5/vendor/magento/module-directory/view/frontend/templates/currency.phtml' in module: 'Magento_Directory' block's name: 'currency' [] []
[2025-05-02T02:36:31.902143+00:00] main.CRITICAL: Invalid template file: 'C:/xampp8/htdocs/magento-loja5/vendor/magento/module-store/view/frontend/templates/switch/languages.phtml' in module: 'Magento_Store' block's name: 'store_language' [] []
[2025-05-02T02:36:31.902766+00:00] main.CRITICAL: Invalid template file: 'C:/xampp8/htdocs/magento-loja5/vendor/magento/module-theme/view/frontend/templates/html/header.phtml' in module: 'Magento_Theme' block's name: 'header' [] []
[2025-05-02T02:36:31.903356+00:00] main.CRITICAL: Invalid template file: 'C:/xampp8/htdocs/magento-loja5/vendor/magento/module-customer/view/frontend/templates/account/customer.phtml' in module: 'Magento_Customer' block's name: 'customer' [] []
[2025-05-02T02:36:31.903947+00:00] main.CRITICAL: Invalid template file: 'C:/xampp8/htdocs/magento-loja5/vendor/magento/module-customer/view/frontend/templates/account/link/authorization.phtml' in module: 'Magento_Customer' block's name: 'authorization-link-login' [] []
[2025-05-02T02:36:31.905257+00:00] main.CRITICAL: Invalid template file: 'C:/xampp8/htdocs/magento-loja5/vendor/magento/module-theme/view/frontend/templates/html/header/logo.phtml' in module: 'Magento_Theme' block's name: 'logo' [] []
[2025-05-02T02:36:31.905902+00:00] main.CRITICAL: Invalid template file: 'C:/xampp8/htdocs/magento-loja5/vendor/magento/module-checkout/view/frontend/templates/cart/minicart.phtml' in module: 'Magento_Checkout' block's name: 'minicart' [] []
[2025-05-02T02:36:31.906500+00:00] main.CRITICAL: Invalid template file: 'C:/xampp8/htdocs/magento-loja5/vendor/magento/module-search/view/frontend/templates/form.mini.phtml' in module: '' block's name: 'top.search' [] []
[2025-05-02T02:36:31.907109+00:00] main.CRITICAL: Invalid template file: 'C:/xampp8/htdocs/magento-loja5/vendor/magento/module-catalog/view/frontend/templates/product/compare/link.phtml' in module: '' block's name: 'catalog.compare.link' [] []
[2025-05-02T02:36:31.908047+00:00] main.CRITICAL: Invalid template file: 'C:/xampp8/htdocs/magento-loja5/vendor/magento/module-theme/view/frontend/templates/html/sections.phtml' in module: '' block's name: 'navigation.sections' [] []
[2025-05-02T02:36:31.908760+00:00] main.CRITICAL: Invalid template file: 'C:/xampp8/htdocs/magento-loja5/vendor/magento/module-theme/view/frontend/templates/html/breadcrumbs.phtml' in module: 'Magento_Theme' block's name: 'breadcrumbs' [] []
[2025-05-02T02:36:31.909473+00:00] main.CRITICAL: Invalid template file: 'C:/xampp8/htdocs/magento-loja5/vendor/magento/module-theme/view/frontend/templates/html/skiptarget.phtml' in module: '' block's name: 'skip_to_content.target' [] []
[2025-05-02T02:36:31.910065+00:00] main.CRITICAL: Invalid template file: 'C:/xampp8/htdocs/magento-loja5/vendor/magento/module-theme/view/frontend/templates/html/title.phtml' in module: 'Magento_Theme' block's name: 'page.main.title' [] []
[2025-05-02T02:36:31.910656+00:00] main.CRITICAL: Invalid template file: 'C:/xampp8/htdocs/magento-loja5/vendor/magento/module-theme/view/frontend/templates/html/messages.phtml' in module: '' block's name: 'ajax.message.placeholder' [] []
[2025-05-02T02:36:31.911242+00:00] main.CRITICAL: Invalid template file: 'C:/xampp8/htdocs/magento-loja5/vendor/magento/module-theme/view/frontend/templates/messages.phtml' in module: '' block's name: 'messages' [] []
[2025-05-02T02:36:31.912361+00:00] main.CRITICAL: Invalid template file: 'C:/xampp8/htdocs/magento-loja5/vendor/magento/module-customer/view/frontend/templates/account/authentication-popup.phtml' in module: 'Magento_Customer' block's name: 'authentication-popup' [] []
[2025-05-02T02:36:31.912995+00:00] main.CRITICAL: Invalid template file: 'C:/xampp8/htdocs/magento-loja5/vendor/magento/module-customer/view/frontend/templates/js/section-config.phtml' in module: 'Magento_Customer' block's name: 'customer.section.config' [] []
[2025-05-02T02:36:31.913617+00:00] main.CRITICAL: Invalid template file: 'C:/xampp8/htdocs/magento-loja5/vendor/magento/module-customer/view/frontend/templates/js/customer-data.phtml' in module: 'Magento_Customer' block's name: 'customer.customer.data' [] []
[2025-05-02T02:36:31.914211+00:00] main.CRITICAL: Invalid template file: 'C:/xampp8/htdocs/magento-loja5/vendor/magento/module-customer/view/frontend/templates/js/customer-data/invalidation-rules.phtml' in module: 'Magento_Customer' block's name: 'customer.data.invalidation.rules' [] []
[2025-05-02T02:36:31.914800+00:00] main.CRITICAL: Invalid template file: 'C:/xampp8/htdocs/magento-loja5/vendor/magento/module-page-cache/view/frontend/templates/javascript.phtml' in module: 'Magento_PageCache' block's name: 'pageCache' [] []
[2025-05-02T02:36:31.915392+00:00] main.CRITICAL: Invalid template file: 'C:/xampp8/htdocs/magento-loja5/vendor/magento/module-customer/view/frontend/templates/form/register.phtml' in module: 'Magento_Customer' block's name: 'customer_form_register' [] []
[2025-05-02T02:36:31.915981+00:00] main.CRITICAL: Invalid template file: 'C:/xampp8/htdocs/magento-loja5/vendor/magento/module-cookie/view/frontend/templates/require_cookie.phtml' in module: 'Magento_Cookie' block's name: 'require-cookie' [] []
[2025-05-02T02:36:31.917524+00:00] main.CRITICAL: Invalid template file: 'C:/xampp8/htdocs/magento-loja5/vendor/magento/module-newsletter/view/frontend/templates/subscribe.phtml' in module: 'Magento_Newsletter' block's name: 'form.subscribe' [] []
[2025-05-02T02:36:31.919761+00:00] main.CRITICAL: Invalid template file: 'C:/xampp8/htdocs/magento-loja5/vendor/magento/module-store/view/frontend/templates/switch/stores.phtml' in module: 'Magento_Store' block's name: 'store_switcher' [] []
[2025-05-02T02:36:31.920604+00:00] main.CRITICAL: Invalid template file: 'C:/xampp8/htdocs/magento-loja5/vendor/magento/module-catalog/view/frontend/templates/frontend_storage_manager.phtml' in module: 'Magento_Catalog' block's name: 'frontend-storage-manager' [] []
[2025-05-02T02:36:31.922735+00:00] main.CRITICAL: Invalid template file: 'C:/xampp8/htdocs/magento-loja5/vendor/magento/module-new-relic-reporting/view/base/templates/html/inline_js.phtml' in module: '' block's name: 'newrelicreporting.browser_monitoring.script.footer' [] []
[2025-05-02T02:37:36.537985+00:00] main.DEBUG: cache_invalidate:  {"method":"GET","url":"http:/","invalidateInfo":{"tags":["gql_store_config_1","FPC"],"mode":"matchingTag"}} []
[2025-05-02T02:37:37.203946+00:00] main.DEBUG: cache_invalidate:  {"method":"GET","url":"http:/","invalidateInfo":{"tags":["gql_store_config_1","FPC"],"mode":"matchingTag"}} []
[2025-05-02T02:38:42.457921+00:00] main.CRITICAL: Invalid template file: 'C:/xampp8/htdocs/magento-loja5/vendor/magento/module-backend/view/adminhtml/templates/page/js/require_js.phtml' in module: 'Magento_Backend' block's name: 'require.js' [] []
[2025-05-02T02:38:42.460039+00:00] main.CRITICAL: Invalid template file: 'C:/xampp8/htdocs/magento-loja5/vendor/magento/module-backend/view/adminhtml/templates/page/container.phtml' in module: '' block's name: 'head.critical' [] []
[2025-05-02T02:38:42.460745+00:00] main.CRITICAL: Invalid template file: 'C:/xampp8/htdocs/magento-loja5/vendor/magento/module-backend/view/adminhtml/templates/page/container.phtml' in module: '' block's name: 'head.additional' [] []
[2025-05-02T02:38:42.462411+00:00] main.CRITICAL: Invalid template file: 'C:/xampp8/htdocs/magento-loja5/vendor/magento/module-translation/view/base/templates/translate.phtml' in module: 'Magento_Translation' block's name: 'translate' [] []
[2025-05-02T02:38:42.463002+00:00] main.CRITICAL: Invalid template file: 'C:/xampp8/htdocs/magento-loja5/vendor/magento/module-backend/view/adminhtml/templates/page/js/components.phtml' in module: '' block's name: 'head.components' [] []
[2025-05-02T02:38:42.495392+00:00] main.CRITICAL: Invalid template file: 'C:/xampp8/htdocs/magento-loja5/vendor/magento/module-backend/view/adminhtml/templates/page/js/calendar.phtml' in module: '' block's name: 'head.calendar' [] []
[2025-05-02T02:38:42.496410+00:00] main.CRITICAL: Invalid template file: 'C:/xampp8/htdocs/magento-loja5/vendor/magento/module-cookie/view/base/templates/html/cookie.phtml' in module: '' block's name: 'cookie_config' [] []
[2025-05-02T02:38:42.497124+00:00] main.CRITICAL: Invalid template file: 'C:/xampp8/htdocs/magento-loja5/vendor/magento/module-ui/view/base/templates/logger.phtml' in module: 'Magento_Ui' block's name: 'logger' [] []
[2025-05-02T02:38:42.497755+00:00] main.CRITICAL: Invalid template file: 'C:/xampp8/htdocs/magento-loja5/vendor/magento/module-ui/view/base/templates/wysiwyg/active_editor.phtml' in module: 'Magento_Ui' block's name: 'theme.active.editor' [] []
[2025-05-02T02:38:42.498404+00:00] main.CRITICAL: Invalid template file: 'C:/xampp8/htdocs/magento-loja5/vendor/magento/module-backend/view/adminhtml/templates/page/header.phtml' in module: 'Magento_Backend' block's name: 'logo' [] []
[2025-05-02T02:38:42.499212+00:00] main.CRITICAL: Invalid template file: 'C:/xampp8/htdocs/magento-loja5/vendor/magento/module-backend/view/adminhtml/templates/admin/login.phtml' in module: 'Magento_Backend' block's name: 'admin.login' [] []
[2025-05-02T02:38:42.499849+00:00] main.CRITICAL: Invalid template file: 'C:/xampp8/htdocs/magento-loja5/vendor/magento/module-backend/view/adminhtml/templates/page/copyright.phtml' in module: 'Magento_Backend' block's name: 'copyright' [] []
[2025-05-02T02:38:42.500730+00:00] main.CRITICAL: Invalid template file: 'C:/xampp8/htdocs/magento-loja5/vendor/magento/module-new-relic-reporting/view/base/templates/html/inline_js.phtml' in module: '' block's name: 'newrelicreporting.browser_monitoring.script.footer' [] []
[2025-05-02T02:38:42.765296+00:00] main.ERROR: Requested path adminhtml/Magento/backend/pt_BR/mage/requirejs/mixins.js is wrong. [] []
[2025-05-02T02:38:42.766081+00:00] main.CRITICAL: Requested path adminhtml/Magento/backend/pt_BR/mage/requirejs/mixins.js is wrong. [] []
[2025-05-02T02:38:42.768746+00:00] main.ERROR: Requested path adminhtml/Magento/backend/pt_BR/Magento_ReCaptchaUser/css/recaptcha.css is wrong. [] []
[2025-05-02T02:38:42.768746+00:00] main.ERROR: Requested path adminhtml/Magento/backend/pt_BR/requirejs/require.js is wrong. [] []
[2025-05-02T02:38:42.769595+00:00] main.CRITICAL: Requested path adminhtml/Magento/backend/pt_BR/Magento_ReCaptchaUser/css/recaptcha.css is wrong. [] []
[2025-05-02T02:38:42.769677+00:00] main.CRITICAL: Requested path adminhtml/Magento/backend/pt_BR/requirejs/require.js is wrong. [] []
[2025-05-02T02:38:42.792627+00:00] main.ERROR: Requested path adminhtml/Magento/backend/pt_BR/jquery/uppy/dist/uppy-custom.css is wrong. [] []
[2025-05-02T02:38:42.793209+00:00] main.CRITICAL: Requested path adminhtml/Magento/backend/pt_BR/jquery/uppy/dist/uppy-custom.css is wrong. [] []
[2025-05-02T02:38:42.800578+00:00] main.ERROR: Requested path adminhtml/Magento/backend/pt_BR/jquery/jstree/themes/default/style.css is wrong. [] []
[2025-05-02T02:38:42.801453+00:00] main.CRITICAL: Requested path adminhtml/Magento/backend/pt_BR/jquery/jstree/themes/default/style.css is wrong. [] []
[2025-05-02T02:38:42.801162+00:00] main.ERROR: Requested path adminhtml/Magento/backend/pt_BR/css/styles.css is wrong. [] []
[2025-05-02T02:38:42.801918+00:00] main.CRITICAL: Requested path adminhtml/Magento/backend/pt_BR/css/styles.css is wrong. [] []
[2025-05-02T02:38:42.984725+00:00] main.ERROR: Requested path adminhtml/Magento/backend/pt_BR/Magento_Theme/favicon.ico is wrong. [] []
[2025-05-02T02:38:42.985309+00:00] main.CRITICAL: Requested path adminhtml/Magento/backend/pt_BR/Magento_Theme/favicon.ico is wrong. [] []
[2025-05-02T02:38:53.530917+00:00] main.ERROR: Requested path adminhtml/Magento/backend/pt_BR/jquery/jstree/themes/default/style.css is wrong. [] []
[2025-05-02T02:38:53.531818+00:00] main.CRITICAL: Requested path adminhtml/Magento/backend/pt_BR/jquery/jstree/themes/default/style.css is wrong. [] []
[2025-05-02T02:38:53.538588+00:00] main.ERROR: Requested path adminhtml/Magento/backend/pt_BR/css/styles.css is wrong. [] []
[2025-05-02T02:38:53.539178+00:00] main.CRITICAL: Requested path adminhtml/Magento/backend/pt_BR/css/styles.css is wrong. [] []
[2025-05-02T02:38:53.542783+00:00] main.ERROR: Requested path adminhtml/Magento/backend/pt_BR/jquery/uppy/dist/uppy-custom.css is wrong. [] []
[2025-05-02T02:38:53.543367+00:00] main.CRITICAL: Requested path adminhtml/Magento/backend/pt_BR/jquery/uppy/dist/uppy-custom.css is wrong. [] []
[2025-05-02T02:38:53.589825+00:00] main.ERROR: Requested path adminhtml/Magento/backend/pt_BR/Magento_ReCaptchaUser/css/recaptcha.css is wrong. [] []
[2025-05-02T02:38:53.590429+00:00] main.CRITICAL: Requested path adminhtml/Magento/backend/pt_BR/Magento_ReCaptchaUser/css/recaptcha.css is wrong. [] []
[2025-05-02T02:39:39.583810+00:00] main.CRITICAL: Invalid template file: 'C:/xampp8/htdocs/magento-loja5/vendor/magento/module-backend/view/adminhtml/templates/page/js/require_js.phtml' in module: 'Magento_Backend' block's name: 'require.js' [] []
[2025-05-02T02:39:39.585960+00:00] main.CRITICAL: Invalid template file: 'C:/xampp8/htdocs/magento-loja5/vendor/magento/module-backend/view/adminhtml/templates/page/container.phtml' in module: '' block's name: 'head.critical' [] []
[2025-05-02T02:39:39.586522+00:00] main.CRITICAL: Invalid template file: 'C:/xampp8/htdocs/magento-loja5/vendor/magento/module-backend/view/adminhtml/templates/page/container.phtml' in module: '' block's name: 'head.additional' [] []
[2025-05-02T02:39:39.588045+00:00] main.CRITICAL: Invalid template file: 'C:/xampp8/htdocs/magento-loja5/vendor/magento/module-translation/view/base/templates/translate.phtml' in module: 'Magento_Translation' block's name: 'translate' [] []
[2025-05-02T02:39:39.588613+00:00] main.CRITICAL: Invalid template file: 'C:/xampp8/htdocs/magento-loja5/vendor/magento/module-backend/view/adminhtml/templates/page/js/components.phtml' in module: '' block's name: 'head.components' [] []
[2025-05-02T02:39:39.589489+00:00] main.CRITICAL: Invalid template file: 'C:/xampp8/htdocs/magento-loja5/vendor/magento/module-backend/view/adminhtml/templates/page/js/calendar.phtml' in module: '' block's name: 'head.calendar' [] []
[2025-05-02T02:39:39.590339+00:00] main.CRITICAL: Invalid template file: 'C:/xampp8/htdocs/magento-loja5/vendor/magento/module-cookie/view/base/templates/html/cookie.phtml' in module: '' block's name: 'cookie_config' [] []
[2025-05-02T02:39:39.591113+00:00] main.CRITICAL: Invalid template file: 'C:/xampp8/htdocs/magento-loja5/vendor/magento/module-ui/view/base/templates/logger.phtml' in module: 'Magento_Ui' block's name: 'logger' [] []
[2025-05-02T02:39:39.591761+00:00] main.CRITICAL: Invalid template file: 'C:/xampp8/htdocs/magento-loja5/vendor/magento/module-ui/view/base/templates/wysiwyg/active_editor.phtml' in module: 'Magento_Ui' block's name: 'theme.active.editor' [] []
[2025-05-02T02:39:39.592380+00:00] main.CRITICAL: Invalid template file: 'C:/xampp8/htdocs/magento-loja5/vendor/magento/module-backend/view/adminhtml/templates/page/header.phtml' in module: 'Magento_Backend' block's name: 'logo' [] []
[2025-05-02T02:39:39.593140+00:00] main.CRITICAL: Invalid template file: 'C:/xampp8/htdocs/magento-loja5/vendor/magento/module-backend/view/adminhtml/templates/admin/login.phtml' in module: 'Magento_Backend' block's name: 'admin.login' [] []
[2025-05-02T02:39:39.593769+00:00] main.CRITICAL: Invalid template file: 'C:/xampp8/htdocs/magento-loja5/vendor/magento/module-backend/view/adminhtml/templates/page/copyright.phtml' in module: 'Magento_Backend' block's name: 'copyright' [] []
[2025-05-02T02:39:39.594654+00:00] main.CRITICAL: Invalid template file: 'C:/xampp8/htdocs/magento-loja5/vendor/magento/module-new-relic-reporting/view/base/templates/html/inline_js.phtml' in module: '' block's name: 'newrelicreporting.browser_monitoring.script.footer' [] []
[2025-05-02T02:39:39.815438+00:00] main.ERROR: Requested path adminhtml/Magento/backend/pt_BR/jquery/jstree/themes/default/style.css is wrong. [] []
[2025-05-02T02:39:39.815662+00:00] main.ERROR: Requested path adminhtml/Magento/backend/pt_BR/css/styles.css is wrong. [] []
[2025-05-02T02:39:39.816107+00:00] main.CRITICAL: Requested path adminhtml/Magento/backend/pt_BR/jquery/jstree/themes/default/style.css is wrong. [] []
[2025-05-02T02:39:39.816257+00:00] main.CRITICAL: Requested path adminhtml/Magento/backend/pt_BR/css/styles.css is wrong. [] []
[2025-05-02T02:39:39.815963+00:00] main.ERROR: Requested path adminhtml/Magento/backend/pt_BR/jquery/uppy/dist/uppy-custom.css is wrong. [] []
[2025-05-02T02:39:39.816520+00:00] main.CRITICAL: Requested path adminhtml/Magento/backend/pt_BR/jquery/uppy/dist/uppy-custom.css is wrong. [] []
[2025-05-02T02:39:39.816815+00:00] main.ERROR: Requested path adminhtml/Magento/backend/pt_BR/mage/requirejs/mixins.js is wrong. [] []
[2025-05-02T02:39:39.817354+00:00] main.CRITICAL: Requested path adminhtml/Magento/backend/pt_BR/mage/requirejs/mixins.js is wrong. [] []
[2025-05-02T02:39:39.876955+00:00] main.ERROR: Requested path adminhtml/Magento/backend/pt_BR/Magento_ReCaptchaUser/css/recaptcha.css is wrong. [] []
[2025-05-02T02:39:39.877066+00:00] main.ERROR: Requested path adminhtml/Magento/backend/pt_BR/requirejs/require.js is wrong. [] []
[2025-05-02T02:39:39.877521+00:00] main.CRITICAL: Requested path adminhtml/Magento/backend/pt_BR/Magento_ReCaptchaUser/css/recaptcha.css is wrong. [] []
[2025-05-02T02:39:39.877587+00:00] main.CRITICAL: Requested path adminhtml/Magento/backend/pt_BR/requirejs/require.js is wrong. [] []
[2025-05-02T02:39:53.162782+00:00] main.ERROR: Requested path adminhtml/Magento/backend/pt_BR/requirejs/require.js is wrong. [] []
[2025-05-02T02:39:53.163404+00:00] main.CRITICAL: Requested path adminhtml/Magento/backend/pt_BR/requirejs/require.js is wrong. [] []
[2025-05-02T02:46:10.627961+00:00] main.INFO: Broken reference: the 'tracking' element cannot be added as child to 'header', because the latter doesn't exist [] []
[2025-05-02T02:46:10.629047+00:00] main.INFO: Broken reference: the 'notification_area' element cannot be added as child to 'notifications', because the latter doesn't exist [] []
[2025-05-02T02:46:10.629242+00:00] main.INFO: Broken reference: the 'unread_system_messages' element cannot be added as child to 'notifications', because the latter doesn't exist [] []
[2025-05-02T02:46:10.629409+00:00] main.INFO: Broken reference: the 'notification_window' element cannot be added as child to 'notifications', because the latter doesn't exist [] []
[2025-05-02T02:46:10.629572+00:00] main.INFO: Broken reference: the 'notification.messages' element cannot be added as child to 'header', because the latter doesn't exist [] []
[2025-05-02T02:46:10.629743+00:00] main.INFO: Broken reference: the 'global_notices' element cannot be added as child to 'global.notices', because the latter doesn't exist [] []
[2025-05-02T02:46:10.629903+00:00] main.INFO: Broken reference: the 'logo' element cannot be added as child to 'header', because the latter doesn't exist [] []
[2025-05-02T02:46:10.630060+00:00] main.INFO: Broken reference: the 'global.search' element cannot be added as child to 'header', because the latter doesn't exist [] []
[2025-05-02T02:46:10.630217+00:00] main.INFO: Broken reference: the 'user' element cannot be added as child to 'header', because the latter doesn't exist [] []
[2025-05-02T02:46:10.630372+00:00] main.INFO: Broken reference: the 'menu' element cannot be added as child to 'page.menu', because the latter doesn't exist [] []
[2025-05-02T02:46:10.630527+00:00] main.INFO: Broken reference: the 'breadcrumbs' element cannot be added as child to 'page.breadcrumbs', because the latter doesn't exist [] []
[2025-05-02T02:46:10.630693+00:00] main.INFO: Broken reference: the 'formkey' element cannot be added as child to 'page.formkey', because the latter doesn't exist [] []
[2025-05-02T02:46:10.630853+00:00] main.INFO: Broken reference: the 'page.title' element cannot be added as child to 'main.top', because the latter doesn't exist [] []
[2025-05-02T02:46:10.631007+00:00] main.INFO: Broken reference: the 'messages' element cannot be added as child to 'page.messages', because the latter doesn't exist [] []
[2025-05-02T02:46:10.631209+00:00] main.INFO: Broken reference: the 'page.actions.toolbar' element cannot be added as child to 'page.main.actions', because the latter doesn't exist [] []
[2025-05-02T02:46:10.631398+00:00] main.INFO: Broken reference: the 'legal' element cannot be added as child to 'footer', because the latter doesn't exist [] []
[2025-05-02T02:46:10.631637+00:00] main.INFO: Broken reference: the 'header.inner.left' element cannot be added as child to 'header', because the latter doesn't exist [] []
[2025-05-02T02:46:10.631810+00:00] main.INFO: Broken reference: the 'header.inner.right' element cannot be added as child to 'header', because the latter doesn't exist [] []
[2025-05-02T02:46:10.632020+00:00] main.INFO: Broken reference: the 'user' tries to reorder itself towards '', but their parents are different: 'header' and '' respectively. [] []
[2025-05-02T02:46:10.632181+00:00] main.INFO: Broken reference: the 'notification.messages' tries to reorder itself towards 'user', but their parents are different: 'header' and '' respectively. [] []
[2025-05-02T02:46:10.632338+00:00] main.INFO: Broken reference: the 'logo' tries to reorder itself towards '', but their parents are different: 'header' and '' respectively. [] []
[2025-05-02T02:46:10.632492+00:00] main.INFO: Broken reference: the 'global.search' tries to reorder itself towards 'logo', but their parents are different: 'header' and '' respectively. [] []
[2025-05-02T02:46:10.632646+00:00] main.INFO: Broken reference: the 'page.actions.toolbar' tries to reorder itself towards '', but their parents are different: 'page.main.actions' and '' respectively. [] []
[2025-05-02T02:46:10.632830+00:00] main.INFO: Broken reference: the 'header.inner.left' tries to reorder itself towards '', but their parents are different: 'header' and '' respectively. [] []
[2025-05-02T02:46:10.632987+00:00] main.INFO: Broken reference: the 'header.inner.right' tries to reorder itself towards 'header.inner.left', but their parents are different: 'header' and '' respectively. [] []
[2025-05-02T02:46:10.633152+00:00] main.INFO: Broken reference: the 'notification.messages' tries to reorder itself towards 'user', but their parents are different: 'header.inner.right' and '' respectively. [] []
[2025-05-02T02:46:10.715720+00:00] main.ERROR: Invalid template file: 'C:/xampp8/htdocs/magento-loja5/vendor/magento/module-backend/view/adminhtml/templates/page/js/require_js.phtml' in module: 'Magento_Backend' block's name: 'require.js' [] []
[2025-05-02T02:54:04.515130+00:00] main.INFO: Broken reference: the 'tracking' element cannot be added as child to 'header', because the latter doesn't exist [] []
[2025-05-02T02:54:04.515909+00:00] main.INFO: Broken reference: the 'notification_area' element cannot be added as child to 'notifications', because the latter doesn't exist [] []
[2025-05-02T02:54:04.516090+00:00] main.INFO: Broken reference: the 'unread_system_messages' element cannot be added as child to 'notifications', because the latter doesn't exist [] []
[2025-05-02T02:54:04.516255+00:00] main.INFO: Broken reference: the 'notification_window' element cannot be added as child to 'notifications', because the latter doesn't exist [] []
[2025-05-02T02:54:04.516414+00:00] main.INFO: Broken reference: the 'notification.messages' element cannot be added as child to 'header', because the latter doesn't exist [] []
[2025-05-02T02:54:04.516587+00:00] main.INFO: Broken reference: the 'global_notices' element cannot be added as child to 'global.notices', because the latter doesn't exist [] []
[2025-05-02T02:54:04.516746+00:00] main.INFO: Broken reference: the 'logo' element cannot be added as child to 'header', because the latter doesn't exist [] []
[2025-05-02T02:54:04.516900+00:00] main.INFO: Broken reference: the 'global.search' element cannot be added as child to 'header', because the latter doesn't exist [] []
[2025-05-02T02:54:04.517054+00:00] main.INFO: Broken reference: the 'user' element cannot be added as child to 'header', because the latter doesn't exist [] []
[2025-05-02T02:54:04.517246+00:00] main.INFO: Broken reference: the 'menu' element cannot be added as child to 'page.menu', because the latter doesn't exist [] []
[2025-05-02T02:54:04.517431+00:00] main.INFO: Broken reference: the 'breadcrumbs' element cannot be added as child to 'page.breadcrumbs', because the latter doesn't exist [] []
[2025-05-02T02:54:04.517591+00:00] main.INFO: Broken reference: the 'formkey' element cannot be added as child to 'page.formkey', because the latter doesn't exist [] []
[2025-05-02T02:54:04.517746+00:00] main.INFO: Broken reference: the 'page.title' element cannot be added as child to 'main.top', because the latter doesn't exist [] []
[2025-05-02T02:54:04.517900+00:00] main.INFO: Broken reference: the 'messages' element cannot be added as child to 'page.messages', because the latter doesn't exist [] []
[2025-05-02T02:54:04.518053+00:00] main.INFO: Broken reference: the 'page.actions.toolbar' element cannot be added as child to 'page.main.actions', because the latter doesn't exist [] []
[2025-05-02T02:54:04.518206+00:00] main.INFO: Broken reference: the 'legal' element cannot be added as child to 'footer', because the latter doesn't exist [] []
[2025-05-02T02:54:04.518434+00:00] main.INFO: Broken reference: the 'header.inner.left' element cannot be added as child to 'header', because the latter doesn't exist [] []
[2025-05-02T02:54:04.518599+00:00] main.INFO: Broken reference: the 'header.inner.right' element cannot be added as child to 'header', because the latter doesn't exist [] []
[2025-05-02T02:54:04.518800+00:00] main.INFO: Broken reference: the 'user' tries to reorder itself towards '', but their parents are different: 'header' and '' respectively. [] []
[2025-05-02T02:54:04.518959+00:00] main.INFO: Broken reference: the 'notification.messages' tries to reorder itself towards 'user', but their parents are different: 'header' and '' respectively. [] []
[2025-05-02T02:54:04.519115+00:00] main.INFO: Broken reference: the 'logo' tries to reorder itself towards '', but their parents are different: 'header' and '' respectively. [] []
[2025-05-02T02:54:04.519266+00:00] main.INFO: Broken reference: the 'global.search' tries to reorder itself towards 'logo', but their parents are different: 'header' and '' respectively. [] []
[2025-05-02T02:54:04.519416+00:00] main.INFO: Broken reference: the 'page.actions.toolbar' tries to reorder itself towards '', but their parents are different: 'page.main.actions' and '' respectively. [] []
[2025-05-02T02:54:04.519593+00:00] main.INFO: Broken reference: the 'header.inner.left' tries to reorder itself towards '', but their parents are different: 'header' and '' respectively. [] []
[2025-05-02T02:54:04.519748+00:00] main.INFO: Broken reference: the 'header.inner.right' tries to reorder itself towards 'header.inner.left', but their parents are different: 'header' and '' respectively. [] []
[2025-05-02T02:54:04.519908+00:00] main.INFO: Broken reference: the 'notification.messages' tries to reorder itself towards 'user', but their parents are different: 'header.inner.right' and '' respectively. [] []
[2025-05-02T02:54:04.575086+00:00] main.ERROR: Invalid template file: 'C:/xampp8/htdocs/magento-loja5/vendor/magento/module-backend/view/adminhtml/templates/page/js/require_js.phtml' in module: 'Magento_Backend' block's name: 'require.js' [] []
[2025-05-02T02:54:07.532594+00:00] main.INFO: Broken reference: the 'tracking' element cannot be added as child to 'header', because the latter doesn't exist [] []
[2025-05-02T02:54:07.533350+00:00] main.INFO: Broken reference: the 'notification_area' element cannot be added as child to 'notifications', because the latter doesn't exist [] []
[2025-05-02T02:54:07.533532+00:00] main.INFO: Broken reference: the 'unread_system_messages' element cannot be added as child to 'notifications', because the latter doesn't exist [] []
[2025-05-02T02:54:07.533695+00:00] main.INFO: Broken reference: the 'notification_window' element cannot be added as child to 'notifications', because the latter doesn't exist [] []
[2025-05-02T02:54:07.533891+00:00] main.INFO: Broken reference: the 'notification.messages' element cannot be added as child to 'header', because the latter doesn't exist [] []
[2025-05-02T02:54:07.534081+00:00] main.INFO: Broken reference: the 'global_notices' element cannot be added as child to 'global.notices', because the latter doesn't exist [] []
[2025-05-02T02:54:07.534242+00:00] main.INFO: Broken reference: the 'logo' element cannot be added as child to 'header', because the latter doesn't exist [] []
[2025-05-02T02:54:07.534399+00:00] main.INFO: Broken reference: the 'global.search' element cannot be added as child to 'header', because the latter doesn't exist [] []
[2025-05-02T02:54:07.534554+00:00] main.INFO: Broken reference: the 'user' element cannot be added as child to 'header', because the latter doesn't exist [] []
[2025-05-02T02:54:07.534706+00:00] main.INFO: Broken reference: the 'menu' element cannot be added as child to 'page.menu', because the latter doesn't exist [] []
[2025-05-02T02:54:07.534858+00:00] main.INFO: Broken reference: the 'breadcrumbs' element cannot be added as child to 'page.breadcrumbs', because the latter doesn't exist [] []
[2025-05-02T02:54:07.535010+00:00] main.INFO: Broken reference: the 'formkey' element cannot be added as child to 'page.formkey', because the latter doesn't exist [] []
[2025-05-02T02:54:07.535160+00:00] main.INFO: Broken reference: the 'page.title' element cannot be added as child to 'main.top', because the latter doesn't exist [] []
[2025-05-02T02:54:07.535312+00:00] main.INFO: Broken reference: the 'messages' element cannot be added as child to 'page.messages', because the latter doesn't exist [] []
[2025-05-02T02:54:07.535463+00:00] main.INFO: Broken reference: the 'page.actions.toolbar' element cannot be added as child to 'page.main.actions', because the latter doesn't exist [] []
[2025-05-02T02:54:07.535614+00:00] main.INFO: Broken reference: the 'legal' element cannot be added as child to 'footer', because the latter doesn't exist [] []
[2025-05-02T02:54:07.535839+00:00] main.INFO: Broken reference: the 'header.inner.left' element cannot be added as child to 'header', because the latter doesn't exist [] []
[2025-05-02T02:54:07.536000+00:00] main.INFO: Broken reference: the 'header.inner.right' element cannot be added as child to 'header', because the latter doesn't exist [] []
[2025-05-02T02:54:07.536199+00:00] main.INFO: Broken reference: the 'user' tries to reorder itself towards '', but their parents are different: 'header' and '' respectively. [] []
[2025-05-02T02:54:07.536359+00:00] main.INFO: Broken reference: the 'notification.messages' tries to reorder itself towards 'user', but their parents are different: 'header' and '' respectively. [] []
[2025-05-02T02:54:07.536512+00:00] main.INFO: Broken reference: the 'logo' tries to reorder itself towards '', but their parents are different: 'header' and '' respectively. [] []
[2025-05-02T02:54:07.536664+00:00] main.INFO: Broken reference: the 'global.search' tries to reorder itself towards 'logo', but their parents are different: 'header' and '' respectively. [] []
[2025-05-02T02:54:07.536814+00:00] main.INFO: Broken reference: the 'page.actions.toolbar' tries to reorder itself towards '', but their parents are different: 'page.main.actions' and '' respectively. [] []
[2025-05-02T02:54:07.536988+00:00] main.INFO: Broken reference: the 'header.inner.left' tries to reorder itself towards '', but their parents are different: 'header' and '' respectively. [] []
[2025-05-02T02:54:07.537143+00:00] main.INFO: Broken reference: the 'header.inner.right' tries to reorder itself towards 'header.inner.left', but their parents are different: 'header' and '' respectively. [] []
[2025-05-02T02:54:07.537304+00:00] main.INFO: Broken reference: the 'notification.messages' tries to reorder itself towards 'user', but their parents are different: 'header.inner.right' and '' respectively. [] []
[2025-05-02T02:54:07.592276+00:00] main.ERROR: Invalid template file: 'C:/xampp8/htdocs/magento-loja5/vendor/magento/module-backend/view/adminhtml/templates/page/js/require_js.phtml' in module: 'Magento_Backend' block's name: 'require.js' [] []
[2025-05-02T02:58:16.043831+00:00] main.DEBUG: cache_invalidate:  {"method":"GET","url":"http:/","invalidateInfo":{"tags":[],"mode":"all"}} []
[2025-05-02T02:58:16.062488+00:00] main.DEBUG: cache_invalidate:  {"method":"GET","url":"http:/","invalidateInfo":{"tags":[],"mode":"all"}} []
[2025-05-02T02:59:56.810336+00:00] main.ERROR: Warning: file_put_contents(C:/xampp8/htdocs/magento-loja5/generated/metadata/primary|global|plugin-list.php): Failed to open stream: No such file or directory in C:\xampp8\htdocs\magento-loja5\vendor\magento\framework\Interception\PluginListGenerator.php on line 411
#0 [internal function]: Magento\Framework\App\ErrorHandler->handler(2, 'file_put_conten...', 'C:\\xampp8\\htdoc...', 411)
#1 C:\xampp8\htdocs\magento-loja5\vendor\magento\framework\Interception\PluginListGenerator.php(411): file_put_contents('C:/xampp8/htdoc...', '<?php return ar...')
#2 C:\xampp8\htdocs\magento-loja5\vendor\magento\framework\Interception\PluginListGenerator.php(180): Magento\Framework\Interception\PluginListGenerator->writeConfig('primary|global|...', Array)
#3 C:\xampp8\htdocs\magento-loja5\setup\src\Magento\Setup\Module\Di\App\Task\Operation\PluginListGenerator.php(53): Magento\Framework\Interception\PluginListGenerator->write(Array)
#4 C:\xampp8\htdocs\magento-loja5\setup\src\Magento\Setup\Module\Di\App\Task\Manager.php(56): Magento\Setup\Module\Di\App\Task\Operation\PluginListGenerator->doOperation()
#5 C:\xampp8\htdocs\magento-loja5\setup\src\Magento\Setup\Console\Command\DiCompileCommand.php(209): Magento\Setup\Module\Di\App\Task\Manager->process(Object(Closure), Object(Closure))
#6 C:\xampp8\htdocs\magento-loja5\vendor\symfony\console\Command\Command.php(326): Magento\Setup\Console\Command\DiCompileCommand->execute(Object(Symfony\Component\Console\Input\ArgvInput), Object(Symfony\Component\Console\Output\ConsoleOutput))
#7 C:\xampp8\htdocs\magento-loja5\vendor\symfony\console\Application.php(1078): Symfony\Component\Console\Command\Command->run(Object(Symfony\Component\Console\Input\ArgvInput), Object(Symfony\Component\Console\Output\ConsoleOutput))
#8 C:\xampp8\htdocs\magento-loja5\vendor\symfony\console\Application.php(324): Symfony\Component\Console\Application->doRunCommand(Object(Magento\Setup\Console\Command\DiCompileCommand), Object(Symfony\Component\Console\Input\ArgvInput), Object(Symfony\Component\Console\Output\ConsoleOutput))
#9 C:\xampp8\htdocs\magento-loja5\vendor\magento\framework\Console\Cli.php(122): Symfony\Component\Console\Application->doRun(Object(Symfony\Component\Console\Input\ArgvInput), Object(Symfony\Component\Console\Output\ConsoleOutput))
#10 C:\xampp8\htdocs\magento-loja5\vendor\symfony\console\Application.php(175): Magento\Framework\Console\Cli->doRun(Object(Symfony\Component\Console\Input\ArgvInput), Object(Symfony\Component\Console\Output\ConsoleOutput))
#11 C:\xampp8\htdocs\magento-loja5\bin\magento(23): Symfony\Component\Console\Application->run()
#12 {main} [] []
[2025-05-02T03:00:43.049048+00:00] main.DEBUG: cache_invalidate:  {"method":"GET","url":"http:/","invalidateInfo":{"tags":["FPC"],"mode":"matchingTag"}} []
[2025-05-02T03:05:03.170874+00:00] main.DEBUG: Item Magento_Backend::system_currency was removed [] []
[2025-05-02T03:05:03.175743+00:00] main.DEBUG: Add of item with id Magento_AdminNotification::system_adminnotification was processed [] []
[2025-05-02T03:05:03.175914+00:00] main.DEBUG: Add of item with id Magento_Theme::design_config was processed [] []
[2025-05-02T03:05:03.176025+00:00] main.DEBUG: Add of item with id Magento_Theme::system_design_theme was processed [] []
[2025-05-02T03:05:03.176126+00:00] main.DEBUG: Add of item with id Magento_Backend::system_design_schedule was processed [] []
[2025-05-02T03:05:03.176229+00:00] main.DEBUG: Add of item with id Magento_Backend::system_store was processed [] []
[2025-05-02T03:05:03.176324+00:00] main.DEBUG: Add of item with id Magento_Backend::dashboard was processed [] []
[2025-05-02T03:05:03.176452+00:00] main.DEBUG: Add of item with id Magento_Backend::system was processed [] []
[2025-05-02T03:05:03.176558+00:00] main.DEBUG: Add of item with id Magento_Backend::system_tools was processed [] []
[2025-05-02T03:05:03.176660+00:00] main.DEBUG: Add of item with id Magento_Backend::system_design was processed [] []
[2025-05-02T03:05:03.176752+00:00] main.DEBUG: Add of item with id Magento_Backend::system_convert was processed [] []
[2025-05-02T03:05:03.176851+00:00] main.DEBUG: Add of item with id Magento_Backend::system_cache was processed [] []
[2025-05-02T03:05:03.176940+00:00] main.DEBUG: Add of item with id Magento_Backend::marketing was processed [] []
[2025-05-02T03:05:03.177038+00:00] main.DEBUG: Add of item with id Magento_Backend::marketing_communications was processed [] []
[2025-05-02T03:05:03.177132+00:00] main.DEBUG: Add of item with id Magento_Backend::marketing_seo was processed [] []
[2025-05-02T03:05:03.177220+00:00] main.DEBUG: Add of item with id Magento_Backend::marketing_user_content was processed [] []
[2025-05-02T03:05:03.177308+00:00] main.DEBUG: Add of item with id Magento_Backend::content was processed [] []
[2025-05-02T03:05:03.177395+00:00] main.DEBUG: Add of item with id Magento_Backend::content_elements was processed [] []
[2025-05-02T03:05:03.177480+00:00] main.DEBUG: Add of item with id Magento_Backend::stores was processed [] []
[2025-05-02T03:05:03.177576+00:00] main.DEBUG: Add of item with id Magento_Backend::stores_settings was processed [] []
[2025-05-02T03:05:03.177665+00:00] main.DEBUG: Add of item with id Magento_Backend::stores_attributes was processed [] []
[2025-05-02T03:05:03.177752+00:00] main.DEBUG: Add of item with id Magento_Backend::other_settings was processed [] []
[2025-05-02T03:05:03.177839+00:00] main.DEBUG: Add of item with id Magento_Backend::system_other_settings was processed [] []
[2025-05-02T03:05:03.177925+00:00] main.DEBUG: Add of item with id Magento_Config::system_config was processed [] []
[2025-05-02T03:05:03.178011+00:00] main.DEBUG: Add of item with id Magento_User::system_acl was processed [] []
[2025-05-02T03:05:03.178108+00:00] main.DEBUG: Add of item with id Magento_User::system_acl_users was processed [] []
[2025-05-02T03:05:03.178197+00:00] main.DEBUG: Add of item with id Magento_User::system_acl_roles was processed [] []
[2025-05-02T03:05:03.178284+00:00] main.DEBUG: Add of item with id Magento_User::system_acl_locks was processed [] []
[2025-05-02T03:05:03.178370+00:00] main.DEBUG: Add of item with id Magento_Customer::customer was processed [] []
[2025-05-02T03:05:03.178464+00:00] main.DEBUG: Add of item with id Magento_Customer::customer_manage was processed [] []
[2025-05-02T03:05:03.178553+00:00] main.DEBUG: Add of item with id Magento_Customer::customer_online was processed [] []
[2025-05-02T03:05:03.178639+00:00] main.DEBUG: Add of item with id Magento_Customer::customer_group was processed [] []
[2025-05-02T03:05:03.178726+00:00] main.DEBUG: Add of item with id Magento_Backup::system_tools_backup was processed [] []
[2025-05-02T03:05:03.178812+00:00] main.DEBUG: Add of item with id Magento_Indexer::system_index was processed [] []
[2025-05-02T03:05:03.178898+00:00] main.DEBUG: Add of item with id Magento_Variable::system_variable was processed [] []
[2025-05-02T03:05:03.178993+00:00] main.DEBUG: Add of item with id Magento_Cms::cms_page was processed [] []
[2025-05-02T03:05:03.179100+00:00] main.DEBUG: Add of item with id Magento_Cms::cms_block was processed [] []
[2025-05-02T03:05:03.179190+00:00] main.DEBUG: Add of item with id Magento_Integration::system_extensions was processed [] []
[2025-05-02T03:05:03.179288+00:00] main.DEBUG: Add of item with id Magento_Integration::system_integrations was processed [] []
[2025-05-02T03:05:03.179386+00:00] main.DEBUG: Add of item with id Magento_Search::search_terms was processed [] []
[2025-05-02T03:05:03.179476+00:00] main.DEBUG: Add of item with id Magento_Search::search_synonyms was processed [] []
[2025-05-02T03:05:03.179562+00:00] main.DEBUG: Add of item with id Magento_Catalog::catalog was processed [] []
[2025-05-02T03:05:03.179682+00:00] main.DEBUG: Add of item with id Magento_Catalog::catalog_products was processed [] []
[2025-05-02T03:05:03.179775+00:00] main.DEBUG: Add of item with id Magento_Catalog::catalog_categories was processed [] []
[2025-05-02T03:05:03.179873+00:00] main.DEBUG: Add of item with id Magento_Catalog::catalog_attributes_attributes was processed [] []
[2025-05-02T03:05:03.179963+00:00] main.DEBUG: Add of item with id Magento_Catalog::catalog_attributes_sets was processed [] []
[2025-05-02T03:05:03.180058+00:00] main.DEBUG: Add of item with id Magento_Catalog::inventory was processed [] []
[2025-05-02T03:05:03.180149+00:00] main.DEBUG: Add of item with id Magento_CatalogRule::promo was processed [] []
[2025-05-02T03:05:03.180245+00:00] main.DEBUG: Add of item with id Magento_CatalogRule::promo_catalog was processed [] []
[2025-05-02T03:05:03.180334+00:00] main.DEBUG: Add of item with id Magento_MediaGalleryUi::media was processed [] []
[2025-05-02T03:05:03.180429+00:00] main.DEBUG: Add of item with id Magento_MediaGalleryUi::media_gallery was processed [] []
[2025-05-02T03:05:03.180517+00:00] main.DEBUG: Add of item with id Magento_Sales::sales was processed [] []
[2025-05-02T03:05:03.180612+00:00] main.DEBUG: Add of item with id Magento_Sales::sales_operation was processed [] []
[2025-05-02T03:05:03.180709+00:00] main.DEBUG: Add of item with id Magento_Sales::sales_order was processed [] []
[2025-05-02T03:05:03.180797+00:00] main.DEBUG: Add of item with id Magento_Sales::sales_invoice was processed [] []
[2025-05-02T03:05:03.180884+00:00] main.DEBUG: Add of item with id Magento_Sales::sales_shipment was processed [] []
[2025-05-02T03:05:03.180970+00:00] main.DEBUG: Add of item with id Magento_Sales::sales_creditmemo was processed [] []
[2025-05-02T03:05:03.181054+00:00] main.DEBUG: Add of item with id Magento_Sales::sales_transactions was processed [] []
[2025-05-02T03:05:03.181142+00:00] main.DEBUG: Add of item with id Magento_Sales::system_order_statuses was processed [] []
[2025-05-02T03:05:03.181228+00:00] main.DEBUG: Add of item with id Magento_Widget::cms_widget_instance was processed [] []
[2025-05-02T03:05:03.181322+00:00] main.DEBUG: Add of item with id Magento_Analytics::business_intelligence was processed [] []
[2025-05-02T03:05:03.181418+00:00] main.DEBUG: Add of item with id Magento_Analytics::advanced_reporting was processed [] []
[2025-05-02T03:05:03.181506+00:00] main.DEBUG: Add of item with id Magento_Analytics::bi_essentials was processed [] []
[2025-05-02T03:05:03.181601+00:00] main.DEBUG: Add of item with id Magento_Downloadable::report_products_downloads was processed [] []
[2025-05-02T03:05:03.181697+00:00] main.DEBUG: Add of item with id Magento_Newsletter::newsletter_template was processed [] []
[2025-05-02T03:05:03.181786+00:00] main.DEBUG: Add of item with id Magento_Newsletter::newsletter_queue was processed [] []
[2025-05-02T03:05:03.181872+00:00] main.DEBUG: Add of item with id Magento_Newsletter::newsletter_subscriber was processed [] []
[2025-05-02T03:05:03.181966+00:00] main.DEBUG: Add of item with id Magento_Newsletter::newsletter_problem was processed [] []
[2025-05-02T03:05:03.182077+00:00] main.DEBUG: Add of item with id Magento_ImportExport::system_convert_import was processed [] []
[2025-05-02T03:05:03.182167+00:00] main.DEBUG: Add of item with id Magento_ImportExport::system_convert_export was processed [] []
[2025-05-02T03:05:03.182253+00:00] main.DEBUG: Add of item with id Magento_ImportExport::system_convert_history was processed [] []
[2025-05-02T03:05:03.182339+00:00] main.DEBUG: Add of item with id Magento_Email::template was processed [] []
[2025-05-02T03:05:03.182425+00:00] main.DEBUG: Add of item with id Magento_InventoryAdminUi::inventory was processed [] []
[2025-05-02T03:05:03.182520+00:00] main.DEBUG: Add of item with id Magento_InventoryAdminUi::source was processed [] []
[2025-05-02T03:05:03.182608+00:00] main.DEBUG: Add of item with id Magento_InventoryAdminUi::stock was processed [] []
[2025-05-02T03:05:03.182696+00:00] main.DEBUG: Add of item with id Magento_Reports::report was processed [] []
[2025-05-02T03:05:03.182783+00:00] main.DEBUG: Add of item with id Magento_Reports::report_marketing was processed [] []
[2025-05-02T03:05:03.182869+00:00] main.DEBUG: Add of item with id Magento_Reports::report_salesroot was processed [] []
[2025-05-02T03:05:03.182963+00:00] main.DEBUG: Add of item with id Magento_Reports::report_salesroot_sales was processed [] []
[2025-05-02T03:05:03.183053+00:00] main.DEBUG: Add of item with id Magento_Reports::report_salesroot_tax was processed [] []
[2025-05-02T03:05:03.183140+00:00] main.DEBUG: Add of item with id Magento_Reports::report_salesroot_invoiced was processed [] []
[2025-05-02T03:05:03.183226+00:00] main.DEBUG: Add of item with id Magento_Reports::report_salesroot_shipping was processed [] []
[2025-05-02T03:05:03.183311+00:00] main.DEBUG: Add of item with id Magento_Reports::report_salesroot_refunded was processed [] []
[2025-05-02T03:05:03.183396+00:00] main.DEBUG: Add of item with id Magento_Reports::report_salesroot_coupons was processed [] []
[2025-05-02T03:05:03.183481+00:00] main.DEBUG: Add of item with id Magento_Reports::report_shopcart_product was processed [] []
[2025-05-02T03:05:03.183566+00:00] main.DEBUG: Add of item with id Magento_Reports::report_shopcart_abandoned was processed [] []
[2025-05-02T03:05:03.183651+00:00] main.DEBUG: Add of item with id Magento_Reports::report_products was processed [] []
[2025-05-02T03:05:03.183737+00:00] main.DEBUG: Add of item with id Magento_Reports::report_products_bestsellers was processed [] []
[2025-05-02T03:05:03.183823+00:00] main.DEBUG: Add of item with id Magento_Reports::report_products_sold was processed [] []
[2025-05-02T03:05:03.183908+00:00] main.DEBUG: Add of item with id Magento_Reports::report_products_viewed was processed [] []
[2025-05-02T03:05:03.183993+00:00] main.DEBUG: Add of item with id Magento_Reports::report_products_lowstock was processed [] []
[2025-05-02T03:05:03.184082+00:00] main.DEBUG: Add of item with id Magento_Reports::report_customers was processed [] []
[2025-05-02T03:05:03.184177+00:00] main.DEBUG: Add of item with id Magento_Reports::report_customers_accounts was processed [] []
[2025-05-02T03:05:03.184265+00:00] main.DEBUG: Add of item with id Magento_Reports::report_customers_totals was processed [] []
[2025-05-02T03:05:03.184352+00:00] main.DEBUG: Add of item with id Magento_Reports::report_customers_orders was processed [] []
[2025-05-02T03:05:03.184438+00:00] main.DEBUG: Add of item with id Magento_Reports::report_statistics was processed [] []
[2025-05-02T03:05:03.184533+00:00] main.DEBUG: Add of item with id Magento_Reports::report_statistics_refresh was processed [] []
[2025-05-02T03:05:03.184622+00:00] main.DEBUG: Add of item with id Magento_Search::report_search_term was processed [] []
[2025-05-02T03:05:03.184708+00:00] main.DEBUG: Add of item with id Magento_LoginAsCustomerLog::login_log was processed [] []
[2025-05-02T03:05:03.184793+00:00] main.DEBUG: Add of item with id Magento_Marketplace::partners was processed [] []
[2025-05-02T03:05:03.184879+00:00] main.DEBUG: Add of item with id Magento_SalesRule::promo_quote was processed [] []
[2025-05-02T03:05:03.184964+00:00] main.DEBUG: Add of item with id Magento_Sitemap::catalog_sitemap was processed [] []
[2025-05-02T03:05:03.185051+00:00] main.DEBUG: Add of item with id Magento_PageBuilder::templates was processed [] []
[2025-05-02T03:05:03.185137+00:00] main.DEBUG: Add of item with id Magento_PaymentServicesDashboard::paymentservicesdashboard was processed [] []
[2025-05-02T03:05:03.185222+00:00] main.DEBUG: Add of item with id Magento_Paypal::report_salesroot_paypal_settlement_reports was processed [] []
[2025-05-02T03:05:03.185307+00:00] main.DEBUG: Add of item with id Magento_Paypal::paypal_billing_agreement was processed [] []
[2025-05-02T03:05:03.185393+00:00] main.DEBUG: Add of item with id Magento_CheckoutAgreements::sales_checkoutagreement was processed [] []
[2025-05-02T03:05:03.185480+00:00] main.DEBUG: Add of item with id Magento_Review::catalog_reviews_ratings_ratings was processed [] []
[2025-05-02T03:05:03.185577+00:00] main.DEBUG: Add of item with id Magento_Review::catalog_reviews_ratings_pending was processed [] []
[2025-05-02T03:05:03.185666+00:00] main.DEBUG: Add of item with id Magento_Review::catalog_reviews_ratings_reviews_all was processed [] []
[2025-05-02T03:05:03.185753+00:00] main.DEBUG: Add of item with id Magento_Review::report_review was processed [] []
[2025-05-02T03:05:03.185848+00:00] main.DEBUG: Add of item with id Magento_Review::report_review_customer was processed [] []
[2025-05-02T03:05:03.185936+00:00] main.DEBUG: Add of item with id Magento_Review::report_review_product was processed [] []
[2025-05-02T03:05:03.186022+00:00] main.DEBUG: Add of item with id Magento_ServicesId::configuration was processed [] []
[2025-05-02T03:05:03.186118+00:00] main.DEBUG: Add of item with id Magento_ServicesId::services_id was processed [] []
[2025-05-02T03:05:03.186206+00:00] main.DEBUG: Add of item with id Magento_UrlRewrite::urlrewrite was processed [] []
[2025-05-02T03:05:03.186292+00:00] main.DEBUG: Add of item with id Magento_Tax::sales_tax was processed [] []
[2025-05-02T03:05:03.186386+00:00] main.DEBUG: Add of item with id Magento_Tax::sales_tax_rules was processed [] []
[2025-05-02T03:05:03.186474+00:00] main.DEBUG: Add of item with id Magento_Tax::sales_tax_rates was processed [] []
[2025-05-02T03:05:03.186559+00:00] main.DEBUG: Add of item with id Magento_TaxImportExport::system_convert_tax was processed [] []
[2025-05-02T03:05:03.186645+00:00] main.DEBUG: Add of item with id Magento_AsynchronousOperations::system_magento_logging was processed [] []
[2025-05-02T03:05:03.186739+00:00] main.DEBUG: Add of item with id Magento_AsynchronousOperations::system_magento_logging_bulk_operations was processed [] []
[2025-05-02T03:05:03.186827+00:00] main.DEBUG: Add of item with id Magento_CurrencySymbol::system_currency was processed [] []
[2025-05-02T03:05:03.186921+00:00] main.DEBUG: Add of item with id Magento_CurrencySymbol::system_currency_rates was processed [] []
[2025-05-02T03:05:03.187009+00:00] main.DEBUG: Add of item with id Magento_CurrencySymbol::system_currency_symbols was processed [] []
[2025-05-02T03:05:03.187097+00:00] main.DEBUG: Add of item with id PayPal_Braintree::settlement_report was processed [] []
[2025-05-02T03:05:03.187182+00:00] main.DEBUG: Add of item with id PayPal_Braintree::virtual_terminal was processed [] []
[2025-05-02T03:05:04.610648+00:00] main.INFO: Broken reference: the 'tracking' element cannot be added as child to 'header', because the latter doesn't exist [] []
[2025-05-02T03:05:04.611238+00:00] main.INFO: Broken reference: the 'notification_area' element cannot be added as child to 'notifications', because the latter doesn't exist [] []
[2025-05-02T03:05:04.611417+00:00] main.INFO: Broken reference: the 'unread_system_messages' element cannot be added as child to 'notifications', because the latter doesn't exist [] []
[2025-05-02T03:05:04.611578+00:00] main.INFO: Broken reference: the 'notification_window' element cannot be added as child to 'notifications', because the latter doesn't exist [] []
[2025-05-02T03:05:04.611736+00:00] main.INFO: Broken reference: the 'notification.messages' element cannot be added as child to 'header', because the latter doesn't exist [] []
[2025-05-02T03:05:04.611896+00:00] main.INFO: Broken reference: the 'global_notices' element cannot be added as child to 'global.notices', because the latter doesn't exist [] []
[2025-05-02T03:05:04.612048+00:00] main.INFO: Broken reference: the 'logo' element cannot be added as child to 'header', because the latter doesn't exist [] []
[2025-05-02T03:05:04.612198+00:00] main.INFO: Broken reference: the 'global.search' element cannot be added as child to 'header', because the latter doesn't exist [] []
[2025-05-02T03:05:04.612387+00:00] main.INFO: Broken reference: the 'user' element cannot be added as child to 'header', because the latter doesn't exist [] []
[2025-05-02T03:05:04.612566+00:00] main.INFO: Broken reference: the 'menu' element cannot be added as child to 'page.menu', because the latter doesn't exist [] []
[2025-05-02T03:05:04.612722+00:00] main.INFO: Broken reference: the 'breadcrumbs' element cannot be added as child to 'page.breadcrumbs', because the latter doesn't exist [] []
[2025-05-02T03:05:04.612872+00:00] main.INFO: Broken reference: the 'formkey' element cannot be added as child to 'page.formkey', because the latter doesn't exist [] []
[2025-05-02T03:05:04.613021+00:00] main.INFO: Broken reference: the 'page.title' element cannot be added as child to 'main.top', because the latter doesn't exist [] []
[2025-05-02T03:05:04.613169+00:00] main.INFO: Broken reference: the 'messages' element cannot be added as child to 'page.messages', because the latter doesn't exist [] []
[2025-05-02T03:05:04.613317+00:00] main.INFO: Broken reference: the 'page.actions.toolbar' element cannot be added as child to 'page.main.actions', because the latter doesn't exist [] []
[2025-05-02T03:05:04.613465+00:00] main.INFO: Broken reference: the 'legal' element cannot be added as child to 'footer', because the latter doesn't exist [] []
[2025-05-02T03:05:04.613678+00:00] main.INFO: Broken reference: the 'header.inner.left' element cannot be added as child to 'header', because the latter doesn't exist [] []
[2025-05-02T03:05:04.613840+00:00] main.INFO: Broken reference: the 'header.inner.right' element cannot be added as child to 'header', because the latter doesn't exist [] []
[2025-05-02T03:05:04.614034+00:00] main.INFO: Broken reference: the 'user' tries to reorder itself towards '', but their parents are different: 'header' and '' respectively. [] []
[2025-05-02T03:05:04.614188+00:00] main.INFO: Broken reference: the 'notification.messages' tries to reorder itself towards 'user', but their parents are different: 'header' and '' respectively. [] []
[2025-05-02T03:05:04.614336+00:00] main.INFO: Broken reference: the 'logo' tries to reorder itself towards '', but their parents are different: 'header' and '' respectively. [] []
[2025-05-02T03:05:04.614482+00:00] main.INFO: Broken reference: the 'global.search' tries to reorder itself towards 'logo', but their parents are different: 'header' and '' respectively. [] []
[2025-05-02T03:05:04.614628+00:00] main.INFO: Broken reference: the 'page.actions.toolbar' tries to reorder itself towards '', but their parents are different: 'page.main.actions' and '' respectively. [] []
[2025-05-02T03:05:04.614823+00:00] main.INFO: Broken reference: the 'header.inner.left' tries to reorder itself towards '', but their parents are different: 'header' and '' respectively. [] []
[2025-05-02T03:05:04.614975+00:00] main.INFO: Broken reference: the 'header.inner.right' tries to reorder itself towards 'header.inner.left', but their parents are different: 'header' and '' respectively. [] []
[2025-05-02T03:05:04.615130+00:00] main.INFO: Broken reference: the 'notification.messages' tries to reorder itself towards 'user', but their parents are different: 'header.inner.right' and '' respectively. [] []
[2025-05-02T03:05:04.688154+00:00] main.ERROR: Invalid template file: 'C:/xampp8/htdocs/magento-loja5/vendor/magento/module-backend/view/adminhtml/templates/page/js/require_js.phtml' in module: 'Magento_Backend' block's name: 'require.js' [] []
[2025-05-02T03:05:20.231142+00:00] main.INFO: Broken reference: the 'catalog.compare.sidebar' element cannot be added as child to 'sidebar.additional', because the latter doesn't exist [] []
[2025-05-02T03:05:20.231969+00:00] main.INFO: Broken reference: the 'sale.reorder.sidebar' element cannot be added as child to 'sidebar.additional', because the latter doesn't exist [] []
[2025-05-02T03:05:20.232275+00:00] main.INFO: Broken reference: the 'wishlist_sidebar' element cannot be added as child to 'sidebar.additional', because the latter doesn't exist [] []
[2025-05-02T03:05:20.232514+00:00] main.INFO: Broken reference: the 'paypal.partner.right.logo' element cannot be added as child to 'sidebar.additional', because the latter doesn't exist [] []
[2025-05-02T03:05:20.232707+00:00] main.INFO: Broken reference: the 'bml.right.logo' element cannot be added as child to 'sidebar.additional', because the latter doesn't exist [] []
[2025-05-02T03:05:20.232871+00:00] main.INFO: Broken reference: the 'sidebar.container.paylater' element cannot be added as child to 'sidebar.additional', because the latter doesn't exist [] []
[2025-05-02T03:05:20.366090+00:00] main.ERROR: Invalid template file: 'C:/xampp8/htdocs/magento-loja5/vendor/magento/module-theme/view/frontend/templates/page/js/require_js.phtml' in module: '' block's name: 'require.js' [] []
[2025-05-02T03:05:20.807527+00:00] main.INFO: Broken reference: the 'catalog.compare.sidebar' element cannot be added as child to 'sidebar.additional', because the latter doesn't exist [] []
[2025-05-02T03:05:20.808158+00:00] main.INFO: Broken reference: the 'sale.reorder.sidebar' element cannot be added as child to 'sidebar.additional', because the latter doesn't exist [] []
[2025-05-02T03:05:20.808457+00:00] main.INFO: Broken reference: the 'wishlist_sidebar' element cannot be added as child to 'sidebar.additional', because the latter doesn't exist [] []
[2025-05-02T03:05:20.808654+00:00] main.INFO: Broken reference: the 'paypal.partner.right.logo' element cannot be added as child to 'sidebar.additional', because the latter doesn't exist [] []
[2025-05-02T03:05:20.808818+00:00] main.INFO: Broken reference: the 'bml.right.logo' element cannot be added as child to 'sidebar.additional', because the latter doesn't exist [] []
[2025-05-02T03:05:20.808973+00:00] main.INFO: Broken reference: the 'sidebar.container.paylater' element cannot be added as child to 'sidebar.additional', because the latter doesn't exist [] []
[2025-05-02T03:05:20.896782+00:00] main.ERROR: Invalid template file: 'C:/xampp8/htdocs/magento-loja5/vendor/magento/module-theme/view/frontend/templates/page/js/require_js.phtml' in module: '' block's name: 'require.js' [] []
[2025-05-02T03:06:26.123806+00:00] main.INFO: Broken reference: the 'catalog.compare.sidebar' element cannot be added as child to 'sidebar.additional', because the latter doesn't exist [] []
[2025-05-02T03:06:26.124615+00:00] main.INFO: Broken reference: the 'sale.reorder.sidebar' element cannot be added as child to 'sidebar.additional', because the latter doesn't exist [] []
[2025-05-02T03:06:26.124929+00:00] main.INFO: Broken reference: the 'wishlist_sidebar' element cannot be added as child to 'sidebar.additional', because the latter doesn't exist [] []
[2025-05-02T03:06:26.125142+00:00] main.INFO: Broken reference: the 'paypal.partner.right.logo' element cannot be added as child to 'sidebar.additional', because the latter doesn't exist [] []
[2025-05-02T03:06:26.125307+00:00] main.INFO: Broken reference: the 'bml.right.logo' element cannot be added as child to 'sidebar.additional', because the latter doesn't exist [] []
[2025-05-02T03:06:26.125464+00:00] main.INFO: Broken reference: the 'sidebar.container.paylater' element cannot be added as child to 'sidebar.additional', because the latter doesn't exist [] []
[2025-05-02T03:06:26.253166+00:00] main.ERROR: Invalid template file: 'C:/xampp8/htdocs/magento-loja5/vendor/magento/module-theme/view/frontend/templates/page/js/require_js.phtml' in module: '' block's name: 'require.js' [] []
[2025-05-02T03:09:27.959564+00:00] main.DEBUG: cache_invalidate:  {"method":"GET","url":"http:/","invalidateInfo":{"tags":[],"mode":"all"}} []
[2025-05-02T03:09:27.967984+00:00] main.DEBUG: cache_invalidate:  {"method":"GET","url":"http:/","invalidateInfo":{"tags":[],"mode":"all"}} []
[2025-05-02T03:10:56.218260+00:00] main.ERROR: Warning: file_put_contents(C:/xampp8/htdocs/magento-loja5/generated/metadata/primary|global|plugin-list.php): Failed to open stream: No such file or directory in C:\xampp8\htdocs\magento-loja5\vendor\magento\framework\Interception\PluginListGenerator.php on line 411
#0 [internal function]: Magento\Framework\App\ErrorHandler->handler(2, 'file_put_conten...', 'C:\\xampp8\\htdoc...', 411)
#1 C:\xampp8\htdocs\magento-loja5\vendor\magento\framework\Interception\PluginListGenerator.php(411): file_put_contents('C:/xampp8/htdoc...', '<?php return ar...')
#2 C:\xampp8\htdocs\magento-loja5\vendor\magento\framework\Interception\PluginListGenerator.php(180): Magento\Framework\Interception\PluginListGenerator->writeConfig('primary|global|...', Array)
#3 C:\xampp8\htdocs\magento-loja5\setup\src\Magento\Setup\Module\Di\App\Task\Operation\PluginListGenerator.php(53): Magento\Framework\Interception\PluginListGenerator->write(Array)
#4 C:\xampp8\htdocs\magento-loja5\setup\src\Magento\Setup\Module\Di\App\Task\Manager.php(56): Magento\Setup\Module\Di\App\Task\Operation\PluginListGenerator->doOperation()
#5 C:\xampp8\htdocs\magento-loja5\setup\src\Magento\Setup\Console\Command\DiCompileCommand.php(209): Magento\Setup\Module\Di\App\Task\Manager->process(Object(Closure), Object(Closure))
#6 C:\xampp8\htdocs\magento-loja5\vendor\symfony\console\Command\Command.php(326): Magento\Setup\Console\Command\DiCompileCommand->execute(Object(Symfony\Component\Console\Input\ArgvInput), Object(Symfony\Component\Console\Output\ConsoleOutput))
#7 C:\xampp8\htdocs\magento-loja5\vendor\symfony\console\Application.php(1078): Symfony\Component\Console\Command\Command->run(Object(Symfony\Component\Console\Input\ArgvInput), Object(Symfony\Component\Console\Output\ConsoleOutput))
#8 C:\xampp8\htdocs\magento-loja5\vendor\symfony\console\Application.php(324): Symfony\Component\Console\Application->doRunCommand(Object(Magento\Setup\Console\Command\DiCompileCommand), Object(Symfony\Component\Console\Input\ArgvInput), Object(Symfony\Component\Console\Output\ConsoleOutput))
#9 C:\xampp8\htdocs\magento-loja5\vendor\magento\framework\Console\Cli.php(122): Symfony\Component\Console\Application->doRun(Object(Symfony\Component\Console\Input\ArgvInput), Object(Symfony\Component\Console\Output\ConsoleOutput))
#10 C:\xampp8\htdocs\magento-loja5\vendor\symfony\console\Application.php(175): Magento\Framework\Console\Cli->doRun(Object(Symfony\Component\Console\Input\ArgvInput), Object(Symfony\Component\Console\Output\ConsoleOutput))
#11 C:\xampp8\htdocs\magento-loja5\bin\magento(23): Symfony\Component\Console\Application->run()
#12 {main} [] []
[2025-05-02T03:11:09.794523+00:00] main.DEBUG: cache_invalidate:  {"method":"GET","url":"http:/","invalidateInfo":{"tags":["FPC"],"mode":"matchingTag"}} []
[2025-05-02T03:13:03.518625+00:00] main.INFO: Broken reference: the 'catalog.compare.sidebar' element cannot be added as child to 'sidebar.additional', because the latter doesn't exist [] []
[2025-05-02T03:13:03.519409+00:00] main.INFO: Broken reference: the 'sale.reorder.sidebar' element cannot be added as child to 'sidebar.additional', because the latter doesn't exist [] []
[2025-05-02T03:13:03.519706+00:00] main.INFO: Broken reference: the 'wishlist_sidebar' element cannot be added as child to 'sidebar.additional', because the latter doesn't exist [] []
[2025-05-02T03:13:03.519903+00:00] main.INFO: Broken reference: the 'paypal.partner.right.logo' element cannot be added as child to 'sidebar.additional', because the latter doesn't exist [] []
[2025-05-02T03:13:03.520068+00:00] main.INFO: Broken reference: the 'bml.right.logo' element cannot be added as child to 'sidebar.additional', because the latter doesn't exist [] []
[2025-05-02T03:13:03.520225+00:00] main.INFO: Broken reference: the 'sidebar.container.paylater' element cannot be added as child to 'sidebar.additional', because the latter doesn't exist [] []
[2025-05-02T03:13:03.658682+00:00] main.ERROR: Invalid template file: 'C:/xampp8/htdocs/magento-loja5/vendor/magento/module-theme/view/frontend/templates/page/js/require_js.phtml' in module: '' block's name: 'require.js' [] []
[2025-05-02T03:26:47.152373+00:00] main.DEBUG: cache_invalidate:  {"method":"GET","url":"http:/","invalidateInfo":{"tags":["CONFIG"],"mode":"matchingTag"}} []
[2025-05-02T03:26:47.174035+00:00] main.DEBUG: cache_invalidate:  {"method":"GET","url":"http:/","invalidateInfo":{"tags":["LAYOUT_GENERAL_CACHE_TAG"],"mode":"matchingTag"}} []
[2025-05-02T03:26:47.174798+00:00] main.DEBUG: cache_invalidate:  {"method":"GET","url":"http:/","invalidateInfo":{"tags":["BLOCK_HTML"],"mode":"matchingTag"}} []
[2025-05-02T03:26:47.175521+00:00] main.DEBUG: cache_invalidate:  {"method":"GET","url":"http:/","invalidateInfo":{"tags":["COLLECTION_DATA"],"mode":"matchingTag"}} []
[2025-05-02T03:26:47.176210+00:00] main.DEBUG: cache_invalidate:  {"method":"GET","url":"http:/","invalidateInfo":{"tags":["REFLECTION"],"mode":"matchingTag"}} []
[2025-05-02T03:26:47.176895+00:00] main.DEBUG: cache_invalidate:  {"method":"GET","url":"http:/","invalidateInfo":{"tags":["DB_DDL"],"mode":"matchingTag"}} []
[2025-05-02T03:26:47.178295+00:00] main.DEBUG: cache_invalidate:  {"method":"GET","url":"http:/","invalidateInfo":{"tags":["COMPILED_CONFIG"],"mode":"matchingTag"}} []
[2025-05-02T03:26:47.179305+00:00] main.DEBUG: cache_invalidate:  {"method":"GET","url":"http:/","invalidateInfo":{"tags":["EAV"],"mode":"matchingTag"}} []
[2025-05-02T03:26:47.179988+00:00] main.DEBUG: cache_invalidate:  {"method":"GET","url":"http:/","invalidateInfo":{"tags":["CUSTOMER_NOTIFICATION"],"mode":"matchingTag"}} []
[2025-05-02T03:26:47.180670+00:00] main.DEBUG: cache_invalidate:  {"method":"GET","url":"http:/","invalidateInfo":{"tags":["INTEGRATION"],"mode":"matchingTag"}} []
[2025-05-02T03:26:47.181353+00:00] main.DEBUG: cache_invalidate:  {"method":"GET","url":"http:/","invalidateInfo":{"tags":["INTEGRATION_API_CONFIG"],"mode":"matchingTag"}} []
[2025-05-02T03:26:47.182039+00:00] main.DEBUG: cache_invalidate:  {"method":"GET","url":"http:/","invalidateInfo":{"tags":["GRAPHQL_QUERY_RESOLVER_RESULT"],"mode":"matchingTag"}} []
[2025-05-02T03:26:47.185066+00:00] main.DEBUG: cache_invalidate:  {"method":"GET","url":"http:/","invalidateInfo":{"tags":["FPC"],"mode":"matchingTag"}} []
[2025-05-02T03:26:47.185767+00:00] main.DEBUG: cache_invalidate:  {"method":"GET","url":"http:/","invalidateInfo":{"tags":["WEBSERVICE"],"mode":"matchingTag"}} []
[2025-05-02T03:26:47.186460+00:00] main.DEBUG: cache_invalidate:  {"method":"GET","url":"http:/","invalidateInfo":{"tags":["TRANSLATE"],"mode":"matchingTag"}} []
[2025-05-02T03:27:12.513557+00:00] main.DEBUG: cache_invalidate:  {"method":"GET","url":"http:/","invalidateInfo":{"tags":["CONFIG"],"mode":"matchingTag"}} []
[2025-05-02T03:27:24.248503+00:00] main.DEBUG: cache_invalidate:  {"method":"GET","url":"http:/","invalidateInfo":{"identifier":"DB_PDO_MYSQL_DDL_sales_order_status_data_exporter_cl_1"}} []
[2025-05-02T03:27:24.249995+00:00] main.DEBUG: cache_invalidate:  {"method":"GET","url":"http:/","invalidateInfo":{"identifier":"DB_PDO_MYSQL_DDL_sales_order_status_data_exporter_cl_2"}} []
[2025-05-02T03:27:24.250249+00:00] main.DEBUG: cache_invalidate:  {"method":"GET","url":"http:/","invalidateInfo":{"identifier":"DB_PDO_MYSQL_DDL_sales_order_status_data_exporter_cl_3"}} []
[2025-05-02T03:27:24.250431+00:00] main.DEBUG: cache_invalidate:  {"method":"GET","url":"http:/","invalidateInfo":{"identifier":"DB_PDO_MYSQL_DDL_sales_order_status_data_exporter_cl_4"}} []
[2025-05-02T03:27:24.251706+00:00] main.DEBUG: cache_invalidate:  {"method":"GET","url":"http:/","invalidateInfo":{"identifier":"DB_PDO_MYSQL_DDL_sales_order_status_data_exporter_cl_5"}} []
[2025-05-02T03:27:25.437328+00:00] main.DEBUG: cache_invalidate:  {"method":"GET","url":"http:/","invalidateInfo":{"tags":["CONFIG"],"mode":"matchingTag"}} []
[2025-05-02T03:27:25.452127+00:00] main.DEBUG: cache_invalidate:  {"method":"GET","url":"http:/","invalidateInfo":{"tags":["LAYOUT_GENERAL_CACHE_TAG"],"mode":"matchingTag"}} []
[2025-05-02T03:27:25.452882+00:00] main.DEBUG: cache_invalidate:  {"method":"GET","url":"http:/","invalidateInfo":{"tags":["BLOCK_HTML"],"mode":"matchingTag"}} []
[2025-05-02T03:27:25.453657+00:00] main.DEBUG: cache_invalidate:  {"method":"GET","url":"http:/","invalidateInfo":{"tags":["COLLECTION_DATA"],"mode":"matchingTag"}} []
[2025-05-02T03:27:25.561896+00:00] main.DEBUG: cache_invalidate:  {"method":"GET","url":"http:/","invalidateInfo":{"tags":["REFLECTION"],"mode":"matchingTag"}} []
[2025-05-02T03:27:25.602628+00:00] main.DEBUG: cache_invalidate:  {"method":"GET","url":"http:/","invalidateInfo":{"tags":["DB_DDL"],"mode":"matchingTag"}} []
[2025-05-02T03:27:25.604913+00:00] main.DEBUG: cache_invalidate:  {"method":"GET","url":"http:/","invalidateInfo":{"tags":["COMPILED_CONFIG"],"mode":"matchingTag"}} []
[2025-05-02T03:27:25.610878+00:00] main.DEBUG: cache_invalidate:  {"method":"GET","url":"http:/","invalidateInfo":{"tags":["EAV"],"mode":"matchingTag"}} []
[2025-05-02T03:27:25.611992+00:00] main.DEBUG: cache_invalidate:  {"method":"GET","url":"http:/","invalidateInfo":{"tags":["CUSTOMER_NOTIFICATION"],"mode":"matchingTag"}} []
[2025-05-02T03:27:25.612689+00:00] main.DEBUG: cache_invalidate:  {"method":"GET","url":"http:/","invalidateInfo":{"tags":["INTEGRATION"],"mode":"matchingTag"}} []
[2025-05-02T03:27:25.613378+00:00] main.DEBUG: cache_invalidate:  {"method":"GET","url":"http:/","invalidateInfo":{"tags":["INTEGRATION_API_CONFIG"],"mode":"matchingTag"}} []
[2025-05-02T03:27:25.614089+00:00] main.DEBUG: cache_invalidate:  {"method":"GET","url":"http:/","invalidateInfo":{"tags":["GRAPHQL_QUERY_RESOLVER_RESULT"],"mode":"matchingTag"}} []
[2025-05-02T03:27:25.614923+00:00] main.DEBUG: cache_invalidate:  {"method":"GET","url":"http:/","invalidateInfo":{"tags":["FPC"],"mode":"matchingTag"}} []
[2025-05-02T03:27:25.620997+00:00] main.DEBUG: cache_invalidate:  {"method":"GET","url":"http:/","invalidateInfo":{"tags":["WEBSERVICE"],"mode":"matchingTag"}} []
[2025-05-02T03:27:25.622145+00:00] main.DEBUG: cache_invalidate:  {"method":"GET","url":"http:/","invalidateInfo":{"tags":["TRANSLATE"],"mode":"matchingTag"}} []
[2025-05-02T03:28:13.446543+00:00] main.DEBUG: cache_invalidate:  {"method":"GET","url":"http:/","invalidateInfo":{"tags":[],"mode":"all"}} []
[2025-05-02T03:28:13.478031+00:00] main.DEBUG: cache_invalidate:  {"method":"GET","url":"http:/","invalidateInfo":{"tags":[],"mode":"all"}} []
[2025-05-02T03:29:42.698655+00:00] main.ERROR: Warning: file_put_contents(C:/xampp8/htdocs/magento-loja5/generated/metadata/primary|global|plugin-list.php): Failed to open stream: No such file or directory in C:\xampp8\htdocs\magento-loja5\vendor\magento\framework\Interception\PluginListGenerator.php on line 411
#0 [internal function]: Magento\Framework\App\ErrorHandler->handler(2, 'file_put_conten...', 'C:\\xampp8\\htdoc...', 411)
#1 C:\xampp8\htdocs\magento-loja5\vendor\magento\framework\Interception\PluginListGenerator.php(411): file_put_contents('C:/xampp8/htdoc...', '<?php return ar...')
#2 C:\xampp8\htdocs\magento-loja5\vendor\magento\framework\Interception\PluginListGenerator.php(180): Magento\Framework\Interception\PluginListGenerator->writeConfig('primary|global|...', Array)
#3 C:\xampp8\htdocs\magento-loja5\setup\src\Magento\Setup\Module\Di\App\Task\Operation\PluginListGenerator.php(53): Magento\Framework\Interception\PluginListGenerator->write(Array)
#4 C:\xampp8\htdocs\magento-loja5\setup\src\Magento\Setup\Module\Di\App\Task\Manager.php(56): Magento\Setup\Module\Di\App\Task\Operation\PluginListGenerator->doOperation()
#5 C:\xampp8\htdocs\magento-loja5\setup\src\Magento\Setup\Console\Command\DiCompileCommand.php(209): Magento\Setup\Module\Di\App\Task\Manager->process(Object(Closure), Object(Closure))
#6 C:\xampp8\htdocs\magento-loja5\vendor\symfony\console\Command\Command.php(326): Magento\Setup\Console\Command\DiCompileCommand->execute(Object(Symfony\Component\Console\Input\ArgvInput), Object(Symfony\Component\Console\Output\ConsoleOutput))
#7 C:\xampp8\htdocs\magento-loja5\vendor\symfony\console\Application.php(1078): Symfony\Component\Console\Command\Command->run(Object(Symfony\Component\Console\Input\ArgvInput), Object(Symfony\Component\Console\Output\ConsoleOutput))
#8 C:\xampp8\htdocs\magento-loja5\vendor\symfony\console\Application.php(324): Symfony\Component\Console\Application->doRunCommand(Object(Magento\Setup\Console\Command\DiCompileCommand), Object(Symfony\Component\Console\Input\ArgvInput), Object(Symfony\Component\Console\Output\ConsoleOutput))
#9 C:\xampp8\htdocs\magento-loja5\vendor\magento\framework\Console\Cli.php(122): Symfony\Component\Console\Application->doRun(Object(Symfony\Component\Console\Input\ArgvInput), Object(Symfony\Component\Console\Output\ConsoleOutput))
#10 C:\xampp8\htdocs\magento-loja5\vendor\symfony\console\Application.php(175): Magento\Framework\Console\Cli->doRun(Object(Symfony\Component\Console\Input\ArgvInput), Object(Symfony\Component\Console\Output\ConsoleOutput))
#11 C:\xampp8\htdocs\magento-loja5\bin\magento(23): Symfony\Component\Console\Application->run()
#12 {main} [] []
[2025-05-02T03:30:22.302042+00:00] main.DEBUG: cache_invalidate:  {"method":"GET","url":"http:/","invalidateInfo":{"tags":["FPC"],"mode":"matchingTag"}} []
[2025-05-02T03:31:18.474340+00:00] main.INFO: Broken reference: the 'catalog.compare.sidebar' element cannot be added as child to 'sidebar.additional', because the latter doesn't exist [] []
[2025-05-02T03:31:18.475121+00:00] main.INFO: Broken reference: the 'sale.reorder.sidebar' element cannot be added as child to 'sidebar.additional', because the latter doesn't exist [] []
[2025-05-02T03:31:18.475423+00:00] main.INFO: Broken reference: the 'wishlist_sidebar' element cannot be added as child to 'sidebar.additional', because the latter doesn't exist [] []
[2025-05-02T03:31:18.475619+00:00] main.INFO: Broken reference: the 'paypal.partner.right.logo' element cannot be added as child to 'sidebar.additional', because the latter doesn't exist [] []
[2025-05-02T03:31:18.475784+00:00] main.INFO: Broken reference: the 'bml.right.logo' element cannot be added as child to 'sidebar.additional', because the latter doesn't exist [] []
[2025-05-02T03:31:18.475940+00:00] main.INFO: Broken reference: the 'sidebar.container.paylater' element cannot be added as child to 'sidebar.additional', because the latter doesn't exist [] []
[2025-05-02T03:31:18.610397+00:00] main.ERROR: Invalid template file: 'C:/xampp8/htdocs/magento-loja5/vendor/magento/module-theme/view/frontend/templates/page/js/require_js.phtml' in module: '' block's name: 'require.js' [] []
[2025-05-02T03:31:56.386662+00:00] main.DEBUG: Item Magento_Backend::system_currency was removed [] []
[2025-05-02T03:31:56.391416+00:00] main.DEBUG: Add of item with id Magento_AdminNotification::system_adminnotification was processed [] []
[2025-05-02T03:31:56.391556+00:00] main.DEBUG: Add of item with id Magento_Theme::design_config was processed [] []
[2025-05-02T03:31:56.391664+00:00] main.DEBUG: Add of item with id Magento_Theme::system_design_theme was processed [] []
[2025-05-02T03:31:56.391764+00:00] main.DEBUG: Add of item with id Magento_Backend::system_design_schedule was processed [] []
[2025-05-02T03:31:56.391870+00:00] main.DEBUG: Add of item with id Magento_Backend::system_store was processed [] []
[2025-05-02T03:31:56.391965+00:00] main.DEBUG: Add of item with id Magento_Backend::dashboard was processed [] []
[2025-05-02T03:31:56.392058+00:00] main.DEBUG: Add of item with id Magento_Backend::system was processed [] []
[2025-05-02T03:31:56.392159+00:00] main.DEBUG: Add of item with id Magento_Backend::system_tools was processed [] []
[2025-05-02T03:31:56.392268+00:00] main.DEBUG: Add of item with id Magento_Backend::system_design was processed [] []
[2025-05-02T03:31:56.392363+00:00] main.DEBUG: Add of item with id Magento_Backend::system_convert was processed [] []
[2025-05-02T03:31:56.392463+00:00] main.DEBUG: Add of item with id Magento_Backend::system_cache was processed [] []
[2025-05-02T03:31:56.392555+00:00] main.DEBUG: Add of item with id Magento_Backend::marketing was processed [] []
[2025-05-02T03:31:56.392654+00:00] main.DEBUG: Add of item with id Magento_Backend::marketing_communications was processed [] []
[2025-05-02T03:31:56.392746+00:00] main.DEBUG: Add of item with id Magento_Backend::marketing_seo was processed [] []
[2025-05-02T03:31:56.392835+00:00] main.DEBUG: Add of item with id Magento_Backend::marketing_user_content was processed [] []
[2025-05-02T03:31:56.392924+00:00] main.DEBUG: Add of item with id Magento_Backend::content was processed [] []
[2025-05-02T03:31:56.393012+00:00] main.DEBUG: Add of item with id Magento_Backend::content_elements was processed [] []
[2025-05-02T03:31:56.393141+00:00] main.DEBUG: Add of item with id Magento_Backend::stores was processed [] []
[2025-05-02T03:31:56.393247+00:00] main.DEBUG: Add of item with id Magento_Backend::stores_settings was processed [] []
[2025-05-02T03:31:56.393341+00:00] main.DEBUG: Add of item with id Magento_Backend::stores_attributes was processed [] []
[2025-05-02T03:31:56.393432+00:00] main.DEBUG: Add of item with id Magento_Backend::other_settings was processed [] []
[2025-05-02T03:31:56.393521+00:00] main.DEBUG: Add of item with id Magento_Backend::system_other_settings was processed [] []
[2025-05-02T03:31:56.393611+00:00] main.DEBUG: Add of item with id Magento_Config::system_config was processed [] []
[2025-05-02T03:31:56.393700+00:00] main.DEBUG: Add of item with id Magento_User::system_acl was processed [] []
[2025-05-02T03:31:56.393798+00:00] main.DEBUG: Add of item with id Magento_User::system_acl_users was processed [] []
[2025-05-02T03:31:56.393888+00:00] main.DEBUG: Add of item with id Magento_User::system_acl_roles was processed [] []
[2025-05-02T03:31:56.393976+00:00] main.DEBUG: Add of item with id Magento_User::system_acl_locks was processed [] []
[2025-05-02T03:31:56.394064+00:00] main.DEBUG: Add of item with id Magento_Customer::customer was processed [] []
[2025-05-02T03:31:56.394161+00:00] main.DEBUG: Add of item with id Magento_Customer::customer_manage was processed [] []
[2025-05-02T03:31:56.394253+00:00] main.DEBUG: Add of item with id Magento_Customer::customer_online was processed [] []
[2025-05-02T03:31:56.394341+00:00] main.DEBUG: Add of item with id Magento_Customer::customer_group was processed [] []
[2025-05-02T03:31:56.394428+00:00] main.DEBUG: Add of item with id Magento_Backup::system_tools_backup was processed [] []
[2025-05-02T03:31:56.394517+00:00] main.DEBUG: Add of item with id Magento_Indexer::system_index was processed [] []
[2025-05-02T03:31:56.394604+00:00] main.DEBUG: Add of item with id Magento_Variable::system_variable was processed [] []
[2025-05-02T03:31:56.394701+00:00] main.DEBUG: Add of item with id Magento_Cms::cms_page was processed [] []
[2025-05-02T03:31:56.394790+00:00] main.DEBUG: Add of item with id Magento_Cms::cms_block was processed [] []
[2025-05-02T03:31:56.394878+00:00] main.DEBUG: Add of item with id Magento_Integration::system_extensions was processed [] []
[2025-05-02T03:31:56.394975+00:00] main.DEBUG: Add of item with id Magento_Integration::system_integrations was processed [] []
[2025-05-02T03:31:56.395073+00:00] main.DEBUG: Add of item with id Magento_Search::search_terms was processed [] []
[2025-05-02T03:31:56.395164+00:00] main.DEBUG: Add of item with id Magento_Search::search_synonyms was processed [] []
[2025-05-02T03:31:56.395253+00:00] main.DEBUG: Add of item with id Magento_Catalog::catalog was processed [] []
[2025-05-02T03:31:56.395349+00:00] main.DEBUG: Add of item with id Magento_Catalog::catalog_products was processed [] []
[2025-05-02T03:31:56.395440+00:00] main.DEBUG: Add of item with id Magento_Catalog::catalog_categories was processed [] []
[2025-05-02T03:31:56.395537+00:00] main.DEBUG: Add of item with id Magento_Catalog::catalog_attributes_attributes was processed [] []
[2025-05-02T03:31:56.395627+00:00] main.DEBUG: Add of item with id Magento_Catalog::catalog_attributes_sets was processed [] []
[2025-05-02T03:31:56.395723+00:00] main.DEBUG: Add of item with id Magento_Catalog::inventory was processed [] []
[2025-05-02T03:31:56.395813+00:00] main.DEBUG: Add of item with id Magento_CatalogRule::promo was processed [] []
[2025-05-02T03:31:56.395910+00:00] main.DEBUG: Add of item with id Magento_CatalogRule::promo_catalog was processed [] []
[2025-05-02T03:31:56.396000+00:00] main.DEBUG: Add of item with id Magento_MediaGalleryUi::media was processed [] []
[2025-05-02T03:31:56.396097+00:00] main.DEBUG: Add of item with id Magento_MediaGalleryUi::media_gallery was processed [] []
[2025-05-02T03:31:56.396186+00:00] main.DEBUG: Add of item with id Magento_Sales::sales was processed [] []
[2025-05-02T03:31:56.396320+00:00] main.DEBUG: Add of item with id Magento_Sales::sales_operation was processed [] []
[2025-05-02T03:31:56.396427+00:00] main.DEBUG: Add of item with id Magento_Sales::sales_order was processed [] []
[2025-05-02T03:31:56.396521+00:00] main.DEBUG: Add of item with id Magento_Sales::sales_invoice was processed [] []
[2025-05-02T03:31:56.396611+00:00] main.DEBUG: Add of item with id Magento_Sales::sales_shipment was processed [] []
[2025-05-02T03:31:56.396699+00:00] main.DEBUG: Add of item with id Magento_Sales::sales_creditmemo was processed [] []
[2025-05-02T03:31:56.396788+00:00] main.DEBUG: Add of item with id Magento_Sales::sales_transactions was processed [] []
[2025-05-02T03:31:56.396876+00:00] main.DEBUG: Add of item with id Magento_Sales::system_order_statuses was processed [] []
[2025-05-02T03:31:56.396964+00:00] main.DEBUG: Add of item with id Magento_Widget::cms_widget_instance was processed [] []
[2025-05-02T03:31:56.397062+00:00] main.DEBUG: Add of item with id Magento_Analytics::business_intelligence was processed [] []
[2025-05-02T03:31:56.397159+00:00] main.DEBUG: Add of item with id Magento_Analytics::advanced_reporting was processed [] []
[2025-05-02T03:31:56.397251+00:00] main.DEBUG: Add of item with id Magento_Analytics::bi_essentials was processed [] []
[2025-05-02T03:31:56.397348+00:00] main.DEBUG: Add of item with id Magento_Downloadable::report_products_downloads was processed [] []
[2025-05-02T03:31:56.397446+00:00] main.DEBUG: Add of item with id Magento_Newsletter::newsletter_template was processed [] []
[2025-05-02T03:31:56.397536+00:00] main.DEBUG: Add of item with id Magento_Newsletter::newsletter_queue was processed [] []
[2025-05-02T03:31:56.397624+00:00] main.DEBUG: Add of item with id Magento_Newsletter::newsletter_subscriber was processed [] []
[2025-05-02T03:31:56.397720+00:00] main.DEBUG: Add of item with id Magento_Newsletter::newsletter_problem was processed [] []
[2025-05-02T03:31:56.397818+00:00] main.DEBUG: Add of item with id Magento_ImportExport::system_convert_import was processed [] []
[2025-05-02T03:31:56.397908+00:00] main.DEBUG: Add of item with id Magento_ImportExport::system_convert_export was processed [] []
[2025-05-02T03:31:56.397996+00:00] main.DEBUG: Add of item with id Magento_ImportExport::system_convert_history was processed [] []
[2025-05-02T03:31:56.398084+00:00] main.DEBUG: Add of item with id Magento_Email::template was processed [] []
[2025-05-02T03:31:56.398172+00:00] main.DEBUG: Add of item with id Magento_InventoryAdminUi::inventory was processed [] []
[2025-05-02T03:31:56.398269+00:00] main.DEBUG: Add of item with id Magento_InventoryAdminUi::source was processed [] []
[2025-05-02T03:31:56.398359+00:00] main.DEBUG: Add of item with id Magento_InventoryAdminUi::stock was processed [] []
[2025-05-02T03:31:56.398447+00:00] main.DEBUG: Add of item with id Magento_Reports::report was processed [] []
[2025-05-02T03:31:56.398534+00:00] main.DEBUG: Add of item with id Magento_Reports::report_marketing was processed [] []
[2025-05-02T03:31:56.398621+00:00] main.DEBUG: Add of item with id Magento_Reports::report_salesroot was processed [] []
[2025-05-02T03:31:56.398717+00:00] main.DEBUG: Add of item with id Magento_Reports::report_salesroot_sales was processed [] []
[2025-05-02T03:31:56.398807+00:00] main.DEBUG: Add of item with id Magento_Reports::report_salesroot_tax was processed [] []
[2025-05-02T03:31:56.398895+00:00] main.DEBUG: Add of item with id Magento_Reports::report_salesroot_invoiced was processed [] []
[2025-05-02T03:31:56.398982+00:00] main.DEBUG: Add of item with id Magento_Reports::report_salesroot_shipping was processed [] []
[2025-05-02T03:31:56.399069+00:00] main.DEBUG: Add of item with id Magento_Reports::report_salesroot_refunded was processed [] []
[2025-05-02T03:31:56.399156+00:00] main.DEBUG: Add of item with id Magento_Reports::report_salesroot_coupons was processed [] []
[2025-05-02T03:31:56.399244+00:00] main.DEBUG: Add of item with id Magento_Reports::report_shopcart_product was processed [] []
[2025-05-02T03:31:56.399333+00:00] main.DEBUG: Add of item with id Magento_Reports::report_shopcart_abandoned was processed [] []
[2025-05-02T03:31:56.399422+00:00] main.DEBUG: Add of item with id Magento_Reports::report_products was processed [] []
[2025-05-02T03:31:56.399509+00:00] main.DEBUG: Add of item with id Magento_Reports::report_products_bestsellers was processed [] []
[2025-05-02T03:31:56.399595+00:00] main.DEBUG: Add of item with id Magento_Reports::report_products_sold was processed [] []
[2025-05-02T03:31:56.399682+00:00] main.DEBUG: Add of item with id Magento_Reports::report_products_viewed was processed [] []
[2025-05-02T03:31:56.399769+00:00] main.DEBUG: Add of item with id Magento_Reports::report_products_lowstock was processed [] []
[2025-05-02T03:31:56.399856+00:00] main.DEBUG: Add of item with id Magento_Reports::report_customers was processed [] []
[2025-05-02T03:31:56.399952+00:00] main.DEBUG: Add of item with id Magento_Reports::report_customers_accounts was processed [] []
[2025-05-02T03:31:56.400041+00:00] main.DEBUG: Add of item with id Magento_Reports::report_customers_totals was processed [] []
[2025-05-02T03:31:56.400128+00:00] main.DEBUG: Add of item with id Magento_Reports::report_customers_orders was processed [] []
[2025-05-02T03:31:56.400216+00:00] main.DEBUG: Add of item with id Magento_Reports::report_statistics was processed [] []
[2025-05-02T03:31:56.400313+00:00] main.DEBUG: Add of item with id Magento_Reports::report_statistics_refresh was processed [] []
[2025-05-02T03:31:56.400404+00:00] main.DEBUG: Add of item with id Magento_Search::report_search_term was processed [] []
[2025-05-02T03:31:56.400493+00:00] main.DEBUG: Add of item with id Magento_LoginAsCustomerLog::login_log was processed [] []
[2025-05-02T03:31:56.400580+00:00] main.DEBUG: Add of item with id Magento_Marketplace::partners was processed [] []
[2025-05-02T03:31:56.400667+00:00] main.DEBUG: Add of item with id Magento_SalesRule::promo_quote was processed [] []
[2025-05-02T03:31:56.400755+00:00] main.DEBUG: Add of item with id Magento_Sitemap::catalog_sitemap was processed [] []
[2025-05-02T03:31:56.400842+00:00] main.DEBUG: Add of item with id Magento_PageBuilder::templates was processed [] []
[2025-05-02T03:31:56.400929+00:00] main.DEBUG: Add of item with id Magento_PaymentServicesDashboard::paymentservicesdashboard was processed [] []
[2025-05-02T03:31:56.401017+00:00] main.DEBUG: Add of item with id Magento_Paypal::report_salesroot_paypal_settlement_reports was processed [] []
[2025-05-02T03:31:56.401103+00:00] main.DEBUG: Add of item with id Magento_Paypal::paypal_billing_agreement was processed [] []
[2025-05-02T03:31:56.401191+00:00] main.DEBUG: Add of item with id Magento_CheckoutAgreements::sales_checkoutagreement was processed [] []
[2025-05-02T03:31:56.401279+00:00] main.DEBUG: Add of item with id Magento_Review::catalog_reviews_ratings_ratings was processed [] []
[2025-05-02T03:31:56.401376+00:00] main.DEBUG: Add of item with id Magento_Review::catalog_reviews_ratings_pending was processed [] []
[2025-05-02T03:31:56.401466+00:00] main.DEBUG: Add of item with id Magento_Review::catalog_reviews_ratings_reviews_all was processed [] []
[2025-05-02T03:31:56.401554+00:00] main.DEBUG: Add of item with id Magento_Review::report_review was processed [] []
[2025-05-02T03:31:56.401650+00:00] main.DEBUG: Add of item with id Magento_Review::report_review_customer was processed [] []
[2025-05-02T03:31:56.401740+00:00] main.DEBUG: Add of item with id Magento_Review::report_review_product was processed [] []
[2025-05-02T03:31:56.401828+00:00] main.DEBUG: Add of item with id Magento_ServicesId::configuration was processed [] []
[2025-05-02T03:31:56.401923+00:00] main.DEBUG: Add of item with id Magento_ServicesId::services_id was processed [] []
[2025-05-02T03:31:56.402012+00:00] main.DEBUG: Add of item with id Magento_UrlRewrite::urlrewrite was processed [] []
[2025-05-02T03:31:56.402099+00:00] main.DEBUG: Add of item with id Magento_Tax::sales_tax was processed [] []
[2025-05-02T03:31:56.402209+00:00] main.DEBUG: Add of item with id Magento_Tax::sales_tax_rules was processed [] []
[2025-05-02T03:31:56.402302+00:00] main.DEBUG: Add of item with id Magento_Tax::sales_tax_rates was processed [] []
[2025-05-02T03:31:56.402392+00:00] main.DEBUG: Add of item with id Magento_TaxImportExport::system_convert_tax was processed [] []
[2025-05-02T03:31:56.402481+00:00] main.DEBUG: Add of item with id Magento_AsynchronousOperations::system_magento_logging was processed [] []
[2025-05-02T03:31:56.402579+00:00] main.DEBUG: Add of item with id Magento_AsynchronousOperations::system_magento_logging_bulk_operations was processed [] []
[2025-05-02T03:31:56.402671+00:00] main.DEBUG: Add of item with id Magento_CurrencySymbol::system_currency was processed [] []
[2025-05-02T03:31:56.402768+00:00] main.DEBUG: Add of item with id Magento_CurrencySymbol::system_currency_rates was processed [] []
[2025-05-02T03:31:56.402857+00:00] main.DEBUG: Add of item with id Magento_CurrencySymbol::system_currency_symbols was processed [] []
[2025-05-02T03:31:56.402944+00:00] main.DEBUG: Add of item with id PayPal_Braintree::settlement_report was processed [] []
[2025-05-02T03:31:56.403032+00:00] main.DEBUG: Add of item with id PayPal_Braintree::virtual_terminal was processed [] []
[2025-05-02T03:31:57.836835+00:00] main.INFO: Broken reference: the 'tracking' element cannot be added as child to 'header', because the latter doesn't exist [] []
[2025-05-02T03:31:57.837499+00:00] main.INFO: Broken reference: the 'notification_area' element cannot be added as child to 'notifications', because the latter doesn't exist [] []
[2025-05-02T03:31:57.837682+00:00] main.INFO: Broken reference: the 'unread_system_messages' element cannot be added as child to 'notifications', because the latter doesn't exist [] []
[2025-05-02T03:31:57.837844+00:00] main.INFO: Broken reference: the 'notification_window' element cannot be added as child to 'notifications', because the latter doesn't exist [] []
[2025-05-02T03:31:57.838038+00:00] main.INFO: Broken reference: the 'notification.messages' element cannot be added as child to 'header', because the latter doesn't exist [] []
[2025-05-02T03:31:57.838202+00:00] main.INFO: Broken reference: the 'global_notices' element cannot be added as child to 'global.notices', because the latter doesn't exist [] []
[2025-05-02T03:31:57.838356+00:00] main.INFO: Broken reference: the 'logo' element cannot be added as child to 'header', because the latter doesn't exist [] []
[2025-05-02T03:31:57.838511+00:00] main.INFO: Broken reference: the 'global.search' element cannot be added as child to 'header', because the latter doesn't exist [] []
[2025-05-02T03:31:57.838663+00:00] main.INFO: Broken reference: the 'user' element cannot be added as child to 'header', because the latter doesn't exist [] []
[2025-05-02T03:31:57.838815+00:00] main.INFO: Broken reference: the 'menu' element cannot be added as child to 'page.menu', because the latter doesn't exist [] []
[2025-05-02T03:31:57.838965+00:00] main.INFO: Broken reference: the 'breadcrumbs' element cannot be added as child to 'page.breadcrumbs', because the latter doesn't exist [] []
[2025-05-02T03:31:57.839115+00:00] main.INFO: Broken reference: the 'formkey' element cannot be added as child to 'page.formkey', because the latter doesn't exist [] []
[2025-05-02T03:31:57.839264+00:00] main.INFO: Broken reference: the 'page.title' element cannot be added as child to 'main.top', because the latter doesn't exist [] []
[2025-05-02T03:31:57.839415+00:00] main.INFO: Broken reference: the 'messages' element cannot be added as child to 'page.messages', because the latter doesn't exist [] []
[2025-05-02T03:31:57.839565+00:00] main.INFO: Broken reference: the 'page.actions.toolbar' element cannot be added as child to 'page.main.actions', because the latter doesn't exist [] []
[2025-05-02T03:31:57.839715+00:00] main.INFO: Broken reference: the 'legal' element cannot be added as child to 'footer', because the latter doesn't exist [] []
[2025-05-02T03:31:57.839934+00:00] main.INFO: Broken reference: the 'header.inner.left' element cannot be added as child to 'header', because the latter doesn't exist [] []
[2025-05-02T03:31:57.840156+00:00] main.INFO: Broken reference: the 'header.inner.right' element cannot be added as child to 'header', because the latter doesn't exist [] []
[2025-05-02T03:31:57.840366+00:00] main.INFO: Broken reference: the 'user' tries to reorder itself towards '', but their parents are different: 'header' and '' respectively. [] []
[2025-05-02T03:31:57.840530+00:00] main.INFO: Broken reference: the 'notification.messages' tries to reorder itself towards 'user', but their parents are different: 'header' and '' respectively. [] []
[2025-05-02T03:31:57.840682+00:00] main.INFO: Broken reference: the 'logo' tries to reorder itself towards '', but their parents are different: 'header' and '' respectively. [] []
[2025-05-02T03:31:57.840832+00:00] main.INFO: Broken reference: the 'global.search' tries to reorder itself towards 'logo', but their parents are different: 'header' and '' respectively. [] []
[2025-05-02T03:31:57.840981+00:00] main.INFO: Broken reference: the 'page.actions.toolbar' tries to reorder itself towards '', but their parents are different: 'page.main.actions' and '' respectively. [] []
[2025-05-02T03:31:57.841156+00:00] main.INFO: Broken reference: the 'header.inner.left' tries to reorder itself towards '', but their parents are different: 'header' and '' respectively. [] []
[2025-05-02T03:31:57.841310+00:00] main.INFO: Broken reference: the 'header.inner.right' tries to reorder itself towards 'header.inner.left', but their parents are different: 'header' and '' respectively. [] []
[2025-05-02T03:31:57.841484+00:00] main.INFO: Broken reference: the 'notification.messages' tries to reorder itself towards 'user', but their parents are different: 'header.inner.right' and '' respectively. [] []
[2025-05-02T03:31:57.909155+00:00] main.ERROR: Invalid template file: 'C:/xampp8/htdocs/magento-loja5/vendor/magento/module-backend/view/adminhtml/templates/page/js/require_js.phtml' in module: 'Magento_Backend' block's name: 'require.js' [] []
[2025-05-02T03:35:48.839798+00:00] main.DEBUG: cache_invalidate:  {"method":"GET","url":"http:/","invalidateInfo":{"tags":[],"mode":"all"}} []
[2025-05-02T03:35:48.866456+00:00] main.DEBUG: cache_invalidate:  {"method":"GET","url":"http:/","invalidateInfo":{"tags":[],"mode":"all"}} []
[2025-05-02T03:37:16.841621+00:00] main.ERROR: Warning: file_put_contents(C:/xampp8/htdocs/magento-loja5/generated/metadata/primary|global|plugin-list.php): Failed to open stream: No such file or directory in C:\xampp8\htdocs\magento-loja5\vendor\magento\framework\Interception\PluginListGenerator.php on line 411
#0 [internal function]: Magento\Framework\App\ErrorHandler->handler(2, 'file_put_conten...', 'C:\\xampp8\\htdoc...', 411)
#1 C:\xampp8\htdocs\magento-loja5\vendor\magento\framework\Interception\PluginListGenerator.php(411): file_put_contents('C:/xampp8/htdoc...', '<?php return ar...')
#2 C:\xampp8\htdocs\magento-loja5\vendor\magento\framework\Interception\PluginListGenerator.php(180): Magento\Framework\Interception\PluginListGenerator->writeConfig('primary|global|...', Array)
#3 C:\xampp8\htdocs\magento-loja5\setup\src\Magento\Setup\Module\Di\App\Task\Operation\PluginListGenerator.php(53): Magento\Framework\Interception\PluginListGenerator->write(Array)
#4 C:\xampp8\htdocs\magento-loja5\setup\src\Magento\Setup\Module\Di\App\Task\Manager.php(56): Magento\Setup\Module\Di\App\Task\Operation\PluginListGenerator->doOperation()
#5 C:\xampp8\htdocs\magento-loja5\setup\src\Magento\Setup\Console\Command\DiCompileCommand.php(209): Magento\Setup\Module\Di\App\Task\Manager->process(Object(Closure), Object(Closure))
#6 C:\xampp8\htdocs\magento-loja5\vendor\symfony\console\Command\Command.php(326): Magento\Setup\Console\Command\DiCompileCommand->execute(Object(Symfony\Component\Console\Input\ArgvInput), Object(Symfony\Component\Console\Output\ConsoleOutput))
#7 C:\xampp8\htdocs\magento-loja5\vendor\symfony\console\Application.php(1078): Symfony\Component\Console\Command\Command->run(Object(Symfony\Component\Console\Input\ArgvInput), Object(Symfony\Component\Console\Output\ConsoleOutput))
#8 C:\xampp8\htdocs\magento-loja5\vendor\symfony\console\Application.php(324): Symfony\Component\Console\Application->doRunCommand(Object(Magento\Setup\Console\Command\DiCompileCommand), Object(Symfony\Component\Console\Input\ArgvInput), Object(Symfony\Component\Console\Output\ConsoleOutput))
#9 C:\xampp8\htdocs\magento-loja5\vendor\magento\framework\Console\Cli.php(122): Symfony\Component\Console\Application->doRun(Object(Symfony\Component\Console\Input\ArgvInput), Object(Symfony\Component\Console\Output\ConsoleOutput))
#10 C:\xampp8\htdocs\magento-loja5\vendor\symfony\console\Application.php(175): Magento\Framework\Console\Cli->doRun(Object(Symfony\Component\Console\Input\ArgvInput), Object(Symfony\Component\Console\Output\ConsoleOutput))
#11 C:\xampp8\htdocs\magento-loja5\bin\magento(23): Symfony\Component\Console\Application->run()
#12 {main} [] []
[2025-05-02T03:37:30.566600+00:00] main.DEBUG: cache_invalidate:  {"method":"GET","url":"http:/","invalidateInfo":{"tags":["FPC"],"mode":"matchingTag"}} []
[2025-05-02T03:40:20.755595+00:00] main.DEBUG: cache_invalidate:  {"method":"GET","url":"http:/","invalidateInfo":{"tags":[],"mode":"all"}} []
[2025-05-02T03:40:20.764434+00:00] main.DEBUG: cache_invalidate:  {"method":"GET","url":"http:/","invalidateInfo":{"tags":[],"mode":"all"}} []
[2025-05-02T03:41:46.057905+00:00] main.ERROR: Warning: file_put_contents(C:/xampp8/htdocs/magento-loja5/generated/metadata/primary|global|plugin-list.php): Failed to open stream: No such file or directory in C:\xampp8\htdocs\magento-loja5\vendor\magento\framework\Interception\PluginListGenerator.php on line 411
#0 [internal function]: Magento\Framework\App\ErrorHandler->handler(2, 'file_put_conten...', 'C:\\xampp8\\htdoc...', 411)
#1 C:\xampp8\htdocs\magento-loja5\vendor\magento\framework\Interception\PluginListGenerator.php(411): file_put_contents('C:/xampp8/htdoc...', '<?php return ar...')
#2 C:\xampp8\htdocs\magento-loja5\vendor\magento\framework\Interception\PluginListGenerator.php(180): Magento\Framework\Interception\PluginListGenerator->writeConfig('primary|global|...', Array)
#3 C:\xampp8\htdocs\magento-loja5\setup\src\Magento\Setup\Module\Di\App\Task\Operation\PluginListGenerator.php(53): Magento\Framework\Interception\PluginListGenerator->write(Array)
#4 C:\xampp8\htdocs\magento-loja5\setup\src\Magento\Setup\Module\Di\App\Task\Manager.php(56): Magento\Setup\Module\Di\App\Task\Operation\PluginListGenerator->doOperation()
#5 C:\xampp8\htdocs\magento-loja5\setup\src\Magento\Setup\Console\Command\DiCompileCommand.php(209): Magento\Setup\Module\Di\App\Task\Manager->process(Object(Closure), Object(Closure))
#6 C:\xampp8\htdocs\magento-loja5\vendor\symfony\console\Command\Command.php(326): Magento\Setup\Console\Command\DiCompileCommand->execute(Object(Symfony\Component\Console\Input\ArgvInput), Object(Symfony\Component\Console\Output\ConsoleOutput))
#7 C:\xampp8\htdocs\magento-loja5\vendor\symfony\console\Application.php(1078): Symfony\Component\Console\Command\Command->run(Object(Symfony\Component\Console\Input\ArgvInput), Object(Symfony\Component\Console\Output\ConsoleOutput))
#8 C:\xampp8\htdocs\magento-loja5\vendor\symfony\console\Application.php(324): Symfony\Component\Console\Application->doRunCommand(Object(Magento\Setup\Console\Command\DiCompileCommand), Object(Symfony\Component\Console\Input\ArgvInput), Object(Symfony\Component\Console\Output\ConsoleOutput))
#9 C:\xampp8\htdocs\magento-loja5\vendor\magento\framework\Console\Cli.php(122): Symfony\Component\Console\Application->doRun(Object(Symfony\Component\Console\Input\ArgvInput), Object(Symfony\Component\Console\Output\ConsoleOutput))
#10 C:\xampp8\htdocs\magento-loja5\vendor\symfony\console\Application.php(175): Magento\Framework\Console\Cli->doRun(Object(Symfony\Component\Console\Input\ArgvInput), Object(Symfony\Component\Console\Output\ConsoleOutput))
#11 C:\xampp8\htdocs\magento-loja5\bin\magento(23): Symfony\Component\Console\Application->run()
#12 {main} [] []
[2025-05-02T03:42:00.118223+00:00] main.DEBUG: cache_invalidate:  {"method":"GET","url":"http:/","invalidateInfo":{"tags":["FPC"],"mode":"matchingTag"}} []
[2025-05-02T03:45:54.859710+00:00] main.INFO: Broken reference: the 'catalog.compare.sidebar' element cannot be added as child to 'sidebar.additional', because the latter doesn't exist [] []
[2025-05-02T03:45:54.860525+00:00] main.INFO: Broken reference: the 'sale.reorder.sidebar' element cannot be added as child to 'sidebar.additional', because the latter doesn't exist [] []
[2025-05-02T03:45:54.860821+00:00] main.INFO: Broken reference: the 'wishlist_sidebar' element cannot be added as child to 'sidebar.additional', because the latter doesn't exist [] []
[2025-05-02T03:45:54.861016+00:00] main.INFO: Broken reference: the 'paypal.partner.right.logo' element cannot be added as child to 'sidebar.additional', because the latter doesn't exist [] []
[2025-05-02T03:45:54.861183+00:00] main.INFO: Broken reference: the 'bml.right.logo' element cannot be added as child to 'sidebar.additional', because the latter doesn't exist [] []
[2025-05-02T03:45:54.861341+00:00] main.INFO: Broken reference: the 'sidebar.container.paylater' element cannot be added as child to 'sidebar.additional', because the latter doesn't exist [] []
[2025-05-02T03:46:07.982743+00:00] main.DEBUG: Item Magento_Backend::system_currency was removed [] []
[2025-05-02T03:46:07.987588+00:00] main.DEBUG: Add of item with id Magento_AdminNotification::system_adminnotification was processed [] []
[2025-05-02T03:46:07.987840+00:00] main.DEBUG: Add of item with id Magento_Theme::design_config was processed [] []
[2025-05-02T03:46:07.987967+00:00] main.DEBUG: Add of item with id Magento_Theme::system_design_theme was processed [] []
[2025-05-02T03:46:07.988070+00:00] main.DEBUG: Add of item with id Magento_Backend::system_design_schedule was processed [] []
[2025-05-02T03:46:07.988178+00:00] main.DEBUG: Add of item with id Magento_Backend::system_store was processed [] []
[2025-05-02T03:46:07.988275+00:00] main.DEBUG: Add of item with id Magento_Backend::dashboard was processed [] []
[2025-05-02T03:46:07.988368+00:00] main.DEBUG: Add of item with id Magento_Backend::system was processed [] []
[2025-05-02T03:46:07.988471+00:00] main.DEBUG: Add of item with id Magento_Backend::system_tools was processed [] []
[2025-05-02T03:46:07.988575+00:00] main.DEBUG: Add of item with id Magento_Backend::system_design was processed [] []
[2025-05-02T03:46:07.988666+00:00] main.DEBUG: Add of item with id Magento_Backend::system_convert was processed [] []
[2025-05-02T03:46:07.988766+00:00] main.DEBUG: Add of item with id Magento_Backend::system_cache was processed [] []
[2025-05-02T03:46:07.988857+00:00] main.DEBUG: Add of item with id Magento_Backend::marketing was processed [] []
[2025-05-02T03:46:07.988959+00:00] main.DEBUG: Add of item with id Magento_Backend::marketing_communications was processed [] []
[2025-05-02T03:46:07.989051+00:00] main.DEBUG: Add of item with id Magento_Backend::marketing_seo was processed [] []
[2025-05-02T03:46:07.989141+00:00] main.DEBUG: Add of item with id Magento_Backend::marketing_user_content was processed [] []
[2025-05-02T03:46:07.989229+00:00] main.DEBUG: Add of item with id Magento_Backend::content was processed [] []
[2025-05-02T03:46:07.989318+00:00] main.DEBUG: Add of item with id Magento_Backend::content_elements was processed [] []
[2025-05-02T03:46:07.989406+00:00] main.DEBUG: Add of item with id Magento_Backend::stores was processed [] []
[2025-05-02T03:46:07.989504+00:00] main.DEBUG: Add of item with id Magento_Backend::stores_settings was processed [] []
[2025-05-02T03:46:07.989595+00:00] main.DEBUG: Add of item with id Magento_Backend::stores_attributes was processed [] []
[2025-05-02T03:46:07.989683+00:00] main.DEBUG: Add of item with id Magento_Backend::other_settings was processed [] []
[2025-05-02T03:46:07.989771+00:00] main.DEBUG: Add of item with id Magento_Backend::system_other_settings was processed [] []
[2025-05-02T03:46:07.989859+00:00] main.DEBUG: Add of item with id Magento_Config::system_config was processed [] []
[2025-05-02T03:46:07.989991+00:00] main.DEBUG: Add of item with id Magento_User::system_acl was processed [] []
[2025-05-02T03:46:07.990094+00:00] main.DEBUG: Add of item with id Magento_User::system_acl_users was processed [] []
[2025-05-02T03:46:07.990185+00:00] main.DEBUG: Add of item with id Magento_User::system_acl_roles was processed [] []
[2025-05-02T03:46:07.990274+00:00] main.DEBUG: Add of item with id Magento_User::system_acl_locks was processed [] []
[2025-05-02T03:46:07.990360+00:00] main.DEBUG: Add of item with id Magento_Customer::customer was processed [] []
[2025-05-02T03:46:07.990457+00:00] main.DEBUG: Add of item with id Magento_Customer::customer_manage was processed [] []
[2025-05-02T03:46:07.990547+00:00] main.DEBUG: Add of item with id Magento_Customer::customer_online was processed [] []
[2025-05-02T03:46:07.990634+00:00] main.DEBUG: Add of item with id Magento_Customer::customer_group was processed [] []
[2025-05-02T03:46:07.990722+00:00] main.DEBUG: Add of item with id Magento_Backup::system_tools_backup was processed [] []
[2025-05-02T03:46:07.990809+00:00] main.DEBUG: Add of item with id Magento_Indexer::system_index was processed [] []
[2025-05-02T03:46:07.990896+00:00] main.DEBUG: Add of item with id Magento_Variable::system_variable was processed [] []
[2025-05-02T03:46:07.990996+00:00] main.DEBUG: Add of item with id Magento_Cms::cms_page was processed [] []
[2025-05-02T03:46:07.991087+00:00] main.DEBUG: Add of item with id Magento_Cms::cms_block was processed [] []
[2025-05-02T03:46:07.991175+00:00] main.DEBUG: Add of item with id Magento_Integration::system_extensions was processed [] []
[2025-05-02T03:46:07.991272+00:00] main.DEBUG: Add of item with id Magento_Integration::system_integrations was processed [] []
[2025-05-02T03:46:07.991371+00:00] main.DEBUG: Add of item with id Magento_Search::search_terms was processed [] []
[2025-05-02T03:46:07.991461+00:00] main.DEBUG: Add of item with id Magento_Search::search_synonyms was processed [] []
[2025-05-02T03:46:07.991549+00:00] main.DEBUG: Add of item with id Magento_Catalog::catalog was processed [] []
[2025-05-02T03:46:07.991646+00:00] main.DEBUG: Add of item with id Magento_Catalog::catalog_products was processed [] []
[2025-05-02T03:46:07.991736+00:00] main.DEBUG: Add of item with id Magento_Catalog::catalog_categories was processed [] []
[2025-05-02T03:46:07.991833+00:00] main.DEBUG: Add of item with id Magento_Catalog::catalog_attributes_attributes was processed [] []
[2025-05-02T03:46:07.991924+00:00] main.DEBUG: Add of item with id Magento_Catalog::catalog_attributes_sets was processed [] []
[2025-05-02T03:46:07.992024+00:00] main.DEBUG: Add of item with id Magento_Catalog::inventory was processed [] []
[2025-05-02T03:46:07.992114+00:00] main.DEBUG: Add of item with id Magento_CatalogRule::promo was processed [] []
[2025-05-02T03:46:07.992209+00:00] main.DEBUG: Add of item with id Magento_CatalogRule::promo_catalog was processed [] []
[2025-05-02T03:46:07.992300+00:00] main.DEBUG: Add of item with id Magento_MediaGalleryUi::media was processed [] []
[2025-05-02T03:46:07.992396+00:00] main.DEBUG: Add of item with id Magento_MediaGalleryUi::media_gallery was processed [] []
[2025-05-02T03:46:07.992486+00:00] main.DEBUG: Add of item with id Magento_Sales::sales was processed [] []
[2025-05-02T03:46:07.992582+00:00] main.DEBUG: Add of item with id Magento_Sales::sales_operation was processed [] []
[2025-05-02T03:46:07.992680+00:00] main.DEBUG: Add of item with id Magento_Sales::sales_order was processed [] []
[2025-05-02T03:46:07.992769+00:00] main.DEBUG: Add of item with id Magento_Sales::sales_invoice was processed [] []
[2025-05-02T03:46:07.992858+00:00] main.DEBUG: Add of item with id Magento_Sales::sales_shipment was processed [] []
[2025-05-02T03:46:07.992968+00:00] main.DEBUG: Add of item with id Magento_Sales::sales_creditmemo was processed [] []
[2025-05-02T03:46:07.993060+00:00] main.DEBUG: Add of item with id Magento_Sales::sales_transactions was processed [] []
[2025-05-02T03:46:07.993150+00:00] main.DEBUG: Add of item with id Magento_Sales::system_order_statuses was processed [] []
[2025-05-02T03:46:07.993286+00:00] main.DEBUG: Add of item with id Magento_Widget::cms_widget_instance was processed [] []
[2025-05-02T03:46:07.993395+00:00] main.DEBUG: Add of item with id Magento_Analytics::business_intelligence was processed [] []
[2025-05-02T03:46:07.993515+00:00] main.DEBUG: Add of item with id Magento_Analytics::advanced_reporting was processed [] []
[2025-05-02T03:46:07.993613+00:00] main.DEBUG: Add of item with id Magento_Analytics::bi_essentials was processed [] []
[2025-05-02T03:46:07.993714+00:00] main.DEBUG: Add of item with id Magento_Downloadable::report_products_downloads was processed [] []
[2025-05-02T03:46:07.993816+00:00] main.DEBUG: Add of item with id Magento_Newsletter::newsletter_template was processed [] []
[2025-05-02T03:46:07.993908+00:00] main.DEBUG: Add of item with id Magento_Newsletter::newsletter_queue was processed [] []
[2025-05-02T03:46:07.994002+00:00] main.DEBUG: Add of item with id Magento_Newsletter::newsletter_subscriber was processed [] []
[2025-05-02T03:46:07.994101+00:00] main.DEBUG: Add of item with id Magento_Newsletter::newsletter_problem was processed [] []
[2025-05-02T03:46:07.994205+00:00] main.DEBUG: Add of item with id Magento_ImportExport::system_convert_import was processed [] []
[2025-05-02T03:46:07.994296+00:00] main.DEBUG: Add of item with id Magento_ImportExport::system_convert_export was processed [] []
[2025-05-02T03:46:07.994385+00:00] main.DEBUG: Add of item with id Magento_ImportExport::system_convert_history was processed [] []
[2025-05-02T03:46:07.994473+00:00] main.DEBUG: Add of item with id Magento_Email::template was processed [] []
[2025-05-02T03:46:07.994561+00:00] main.DEBUG: Add of item with id Magento_InventoryAdminUi::inventory was processed [] []
[2025-05-02T03:46:07.994660+00:00] main.DEBUG: Add of item with id Magento_InventoryAdminUi::source was processed [] []
[2025-05-02T03:46:07.994883+00:00] main.DEBUG: Add of item with id Magento_InventoryAdminUi::stock was processed [] []
[2025-05-02T03:46:07.995035+00:00] main.DEBUG: Add of item with id Magento_Reports::report was processed [] []
[2025-05-02T03:46:07.995183+00:00] main.DEBUG: Add of item with id Magento_Reports::report_marketing was processed [] []
[2025-05-02T03:46:07.995311+00:00] main.DEBUG: Add of item with id Magento_Reports::report_salesroot was processed [] []
[2025-05-02T03:46:07.995424+00:00] main.DEBUG: Add of item with id Magento_Reports::report_salesroot_sales was processed [] []
[2025-05-02T03:46:07.995523+00:00] main.DEBUG: Add of item with id Magento_Reports::report_salesroot_tax was processed [] []
[2025-05-02T03:46:07.995616+00:00] main.DEBUG: Add of item with id Magento_Reports::report_salesroot_invoiced was processed [] []
[2025-05-02T03:46:07.995707+00:00] main.DEBUG: Add of item with id Magento_Reports::report_salesroot_shipping was processed [] []
[2025-05-02T03:46:07.995797+00:00] main.DEBUG: Add of item with id Magento_Reports::report_salesroot_refunded was processed [] []
[2025-05-02T03:46:07.995888+00:00] main.DEBUG: Add of item with id Magento_Reports::report_salesroot_coupons was processed [] []
[2025-05-02T03:46:07.995979+00:00] main.DEBUG: Add of item with id Magento_Reports::report_shopcart_product was processed [] []
[2025-05-02T03:46:07.996070+00:00] main.DEBUG: Add of item with id Magento_Reports::report_shopcart_abandoned was processed [] []
[2025-05-02T03:46:07.996159+00:00] main.DEBUG: Add of item with id Magento_Reports::report_products was processed [] []
[2025-05-02T03:46:07.996248+00:00] main.DEBUG: Add of item with id Magento_Reports::report_products_bestsellers was processed [] []
[2025-05-02T03:46:07.996337+00:00] main.DEBUG: Add of item with id Magento_Reports::report_products_sold was processed [] []
[2025-05-02T03:46:07.996425+00:00] main.DEBUG: Add of item with id Magento_Reports::report_products_viewed was processed [] []
[2025-05-02T03:46:07.996513+00:00] main.DEBUG: Add of item with id Magento_Reports::report_products_lowstock was processed [] []
[2025-05-02T03:46:07.996605+00:00] main.DEBUG: Add of item with id Magento_Reports::report_customers was processed [] []
[2025-05-02T03:46:07.996707+00:00] main.DEBUG: Add of item with id Magento_Reports::report_customers_accounts was processed [] []
[2025-05-02T03:46:07.996799+00:00] main.DEBUG: Add of item with id Magento_Reports::report_customers_totals was processed [] []
[2025-05-02T03:46:07.996888+00:00] main.DEBUG: Add of item with id Magento_Reports::report_customers_orders was processed [] []
[2025-05-02T03:46:07.996977+00:00] main.DEBUG: Add of item with id Magento_Reports::report_statistics was processed [] []
[2025-05-02T03:46:07.997076+00:00] main.DEBUG: Add of item with id Magento_Reports::report_statistics_refresh was processed [] []
[2025-05-02T03:46:07.997167+00:00] main.DEBUG: Add of item with id Magento_Search::report_search_term was processed [] []
[2025-05-02T03:46:07.997257+00:00] main.DEBUG: Add of item with id Magento_LoginAsCustomerLog::login_log was processed [] []
[2025-05-02T03:46:07.997347+00:00] main.DEBUG: Add of item with id Magento_Marketplace::partners was processed [] []
[2025-05-02T03:46:07.997436+00:00] main.DEBUG: Add of item with id Magento_SalesRule::promo_quote was processed [] []
[2025-05-02T03:46:07.997525+00:00] main.DEBUG: Add of item with id Magento_Sitemap::catalog_sitemap was processed [] []
[2025-05-02T03:46:07.997613+00:00] main.DEBUG: Add of item with id Magento_PageBuilder::templates was processed [] []
[2025-05-02T03:46:07.997701+00:00] main.DEBUG: Add of item with id Magento_PaymentServicesDashboard::paymentservicesdashboard was processed [] []
[2025-05-02T03:46:07.997789+00:00] main.DEBUG: Add of item with id Magento_Paypal::report_salesroot_paypal_settlement_reports was processed [] []
[2025-05-02T03:46:07.997877+00:00] main.DEBUG: Add of item with id Magento_Paypal::paypal_billing_agreement was processed [] []
[2025-05-02T03:46:07.997970+00:00] main.DEBUG: Add of item with id Magento_CheckoutAgreements::sales_checkoutagreement was processed [] []
[2025-05-02T03:46:07.998058+00:00] main.DEBUG: Add of item with id Magento_Review::catalog_reviews_ratings_ratings was processed [] []
[2025-05-02T03:46:07.998158+00:00] main.DEBUG: Add of item with id Magento_Review::catalog_reviews_ratings_pending was processed [] []
[2025-05-02T03:46:07.998248+00:00] main.DEBUG: Add of item with id Magento_Review::catalog_reviews_ratings_reviews_all was processed [] []
[2025-05-02T03:46:07.998336+00:00] main.DEBUG: Add of item with id Magento_Review::report_review was processed [] []
[2025-05-02T03:46:07.998434+00:00] main.DEBUG: Add of item with id Magento_Review::report_review_customer was processed [] []
[2025-05-02T03:46:07.998525+00:00] main.DEBUG: Add of item with id Magento_Review::report_review_product was processed [] []
[2025-05-02T03:46:07.998613+00:00] main.DEBUG: Add of item with id Magento_ServicesId::configuration was processed [] []
[2025-05-02T03:46:07.998709+00:00] main.DEBUG: Add of item with id Magento_ServicesId::services_id was processed [] []
[2025-05-02T03:46:07.998799+00:00] main.DEBUG: Add of item with id Magento_UrlRewrite::urlrewrite was processed [] []
[2025-05-02T03:46:07.998903+00:00] main.DEBUG: Add of item with id Magento_Tax::sales_tax was processed [] []
[2025-05-02T03:46:07.999061+00:00] main.DEBUG: Add of item with id Magento_Tax::sales_tax_rules was processed [] []
[2025-05-02T03:46:07.999189+00:00] main.DEBUG: Add of item with id Magento_Tax::sales_tax_rates was processed [] []
[2025-05-02T03:46:07.999334+00:00] main.DEBUG: Add of item with id Magento_TaxImportExport::system_convert_tax was processed [] []
[2025-05-02T03:46:07.999485+00:00] main.DEBUG: Add of item with id Magento_AsynchronousOperations::system_magento_logging was processed [] []
[2025-05-02T03:46:07.999653+00:00] main.DEBUG: Add of item with id Magento_AsynchronousOperations::system_magento_logging_bulk_operations was processed [] []
[2025-05-02T03:46:07.999803+00:00] main.DEBUG: Add of item with id Magento_CurrencySymbol::system_currency was processed [] []
[2025-05-02T03:46:07.999961+00:00] main.DEBUG: Add of item with id Magento_CurrencySymbol::system_currency_rates was processed [] []
[2025-05-02T03:46:08.000168+00:00] main.DEBUG: Add of item with id Magento_CurrencySymbol::system_currency_symbols was processed [] []
[2025-05-02T03:46:08.000318+00:00] main.DEBUG: Add of item with id PayPal_Braintree::settlement_report was processed [] []
[2025-05-02T03:46:08.000451+00:00] main.DEBUG: Add of item with id PayPal_Braintree::virtual_terminal was processed [] []
[2025-05-02T03:46:09.471025+00:00] main.INFO: Broken reference: the 'tracking' element cannot be added as child to 'header', because the latter doesn't exist [] []
[2025-05-02T03:46:09.471666+00:00] main.INFO: Broken reference: the 'notification_area' element cannot be added as child to 'notifications', because the latter doesn't exist [] []
[2025-05-02T03:46:09.471885+00:00] main.INFO: Broken reference: the 'unread_system_messages' element cannot be added as child to 'notifications', because the latter doesn't exist [] []
[2025-05-02T03:46:09.472052+00:00] main.INFO: Broken reference: the 'notification_window' element cannot be added as child to 'notifications', because the latter doesn't exist [] []
[2025-05-02T03:46:09.472211+00:00] main.INFO: Broken reference: the 'notification.messages' element cannot be added as child to 'header', because the latter doesn't exist [] []
[2025-05-02T03:46:09.472373+00:00] main.INFO: Broken reference: the 'global_notices' element cannot be added as child to 'global.notices', because the latter doesn't exist [] []
[2025-05-02T03:46:09.472539+00:00] main.INFO: Broken reference: the 'logo' element cannot be added as child to 'header', because the latter doesn't exist [] []
[2025-05-02T03:46:09.472694+00:00] main.INFO: Broken reference: the 'global.search' element cannot be added as child to 'header', because the latter doesn't exist [] []
[2025-05-02T03:46:09.472848+00:00] main.INFO: Broken reference: the 'user' element cannot be added as child to 'header', because the latter doesn't exist [] []
[2025-05-02T03:46:09.473000+00:00] main.INFO: Broken reference: the 'menu' element cannot be added as child to 'page.menu', because the latter doesn't exist [] []
[2025-05-02T03:46:09.473151+00:00] main.INFO: Broken reference: the 'breadcrumbs' element cannot be added as child to 'page.breadcrumbs', because the latter doesn't exist [] []
[2025-05-02T03:46:09.473303+00:00] main.INFO: Broken reference: the 'formkey' element cannot be added as child to 'page.formkey', because the latter doesn't exist [] []
[2025-05-02T03:46:09.473455+00:00] main.INFO: Broken reference: the 'page.title' element cannot be added as child to 'main.top', because the latter doesn't exist [] []
[2025-05-02T03:46:09.473605+00:00] main.INFO: Broken reference: the 'messages' element cannot be added as child to 'page.messages', because the latter doesn't exist [] []
[2025-05-02T03:46:09.473755+00:00] main.INFO: Broken reference: the 'page.actions.toolbar' element cannot be added as child to 'page.main.actions', because the latter doesn't exist [] []
[2025-05-02T03:46:09.473906+00:00] main.INFO: Broken reference: the 'legal' element cannot be added as child to 'footer', because the latter doesn't exist [] []
[2025-05-02T03:46:09.474126+00:00] main.INFO: Broken reference: the 'header.inner.left' element cannot be added as child to 'header', because the latter doesn't exist [] []
[2025-05-02T03:46:09.474286+00:00] main.INFO: Broken reference: the 'header.inner.right' element cannot be added as child to 'header', because the latter doesn't exist [] []
[2025-05-02T03:46:09.474487+00:00] main.INFO: Broken reference: the 'user' tries to reorder itself towards '', but their parents are different: 'header' and '' respectively. [] []
[2025-05-02T03:46:09.474644+00:00] main.INFO: Broken reference: the 'notification.messages' tries to reorder itself towards 'user', but their parents are different: 'header' and '' respectively. [] []
[2025-05-02T03:46:09.474797+00:00] main.INFO: Broken reference: the 'logo' tries to reorder itself towards '', but their parents are different: 'header' and '' respectively. [] []
[2025-05-02T03:46:09.474984+00:00] main.INFO: Broken reference: the 'global.search' tries to reorder itself towards 'logo', but their parents are different: 'header' and '' respectively. [] []
[2025-05-02T03:46:09.475139+00:00] main.INFO: Broken reference: the 'page.actions.toolbar' tries to reorder itself towards '', but their parents are different: 'page.main.actions' and '' respectively. [] []
[2025-05-02T03:46:09.475315+00:00] main.INFO: Broken reference: the 'header.inner.left' tries to reorder itself towards '', but their parents are different: 'header' and '' respectively. [] []
[2025-05-02T03:46:09.475472+00:00] main.INFO: Broken reference: the 'header.inner.right' tries to reorder itself towards 'header.inner.left', but their parents are different: 'header' and '' respectively. [] []
[2025-05-02T03:46:09.475666+00:00] main.INFO: Broken reference: the 'notification.messages' tries to reorder itself towards 'user', but their parents are different: 'header.inner.right' and '' respectively. [] []
[2025-05-02T03:46:09.874266+00:00] main.ERROR: Requested path adminhtml/Magento/backend/pt_BR/jquery/uppy/dist/uppy-custom.css is wrong. [] []
[2025-05-02T03:46:09.875214+00:00] main.CRITICAL: Requested path adminhtml/Magento/backend/pt_BR/jquery/uppy/dist/uppy-custom.css is wrong. [] []
[2025-05-02T03:46:09.879692+00:00] main.ERROR: Requested path adminhtml/Magento/backend/pt_BR/css/styles.css is wrong. [] []
[2025-05-02T03:46:09.880522+00:00] main.CRITICAL: Requested path adminhtml/Magento/backend/pt_BR/css/styles.css is wrong. [] []
[2025-05-02T03:46:09.976211+00:00] main.ERROR: Requested path adminhtml/Magento/backend/pt_BR/mage/requirejs/mixins.js is wrong. [] []
[2025-05-02T03:46:09.977131+00:00] main.CRITICAL: Requested path adminhtml/Magento/backend/pt_BR/mage/requirejs/mixins.js is wrong. [] []
[2025-05-02T03:46:09.981028+00:00] main.ERROR: Requested path adminhtml/Magento/backend/pt_BR/Magento_ReCaptchaUser/css/recaptcha.css is wrong. [] []
[2025-05-02T03:46:09.982056+00:00] main.CRITICAL: Requested path adminhtml/Magento/backend/pt_BR/Magento_ReCaptchaUser/css/recaptcha.css is wrong. [] []
[2025-05-02T03:46:09.990128+00:00] main.ERROR: Requested path adminhtml/Magento/backend/pt_BR/jquery/jstree/themes/default/style.css is wrong. [] []
[2025-05-02T03:46:09.991197+00:00] main.CRITICAL: Requested path adminhtml/Magento/backend/pt_BR/jquery/jstree/themes/default/style.css is wrong. [] []
[2025-05-02T03:46:09.998579+00:00] main.ERROR: Requested path adminhtml/Magento/backend/pt_BR/requirejs/require.js is wrong. [] []
[2025-05-02T03:46:09.999460+00:00] main.CRITICAL: Requested path adminhtml/Magento/backend/pt_BR/requirejs/require.js is wrong. [] []
[2025-05-02T03:46:10.154760+00:00] main.ERROR: Requested path adminhtml/Magento/backend/pt_BR/images/magento-logo.svg is wrong. [] []
[2025-05-02T03:46:10.155687+00:00] main.CRITICAL: Requested path adminhtml/Magento/backend/pt_BR/images/magento-logo.svg is wrong. [] []
[2025-05-02T03:46:10.416598+00:00] main.ERROR: Requested path adminhtml/Magento/backend/pt_BR/Magento_Theme/favicon.ico is wrong. [] []
[2025-05-02T03:46:10.417283+00:00] main.CRITICAL: Requested path adminhtml/Magento/backend/pt_BR/Magento_Theme/favicon.ico is wrong. [] []
[2025-05-02T03:46:12.749434+00:00] main.INFO: Broken reference: the 'tracking' element cannot be added as child to 'header', because the latter doesn't exist [] []
[2025-05-02T03:46:12.750101+00:00] main.INFO: Broken reference: the 'notification_area' element cannot be added as child to 'notifications', because the latter doesn't exist [] []
[2025-05-02T03:46:12.750284+00:00] main.INFO: Broken reference: the 'unread_system_messages' element cannot be added as child to 'notifications', because the latter doesn't exist [] []
[2025-05-02T03:46:12.750446+00:00] main.INFO: Broken reference: the 'notification_window' element cannot be added as child to 'notifications', because the latter doesn't exist [] []
[2025-05-02T03:46:12.750608+00:00] main.INFO: Broken reference: the 'notification.messages' element cannot be added as child to 'header', because the latter doesn't exist [] []
[2025-05-02T03:46:12.750816+00:00] main.INFO: Broken reference: the 'global_notices' element cannot be added as child to 'global.notices', because the latter doesn't exist [] []
[2025-05-02T03:46:12.750979+00:00] main.INFO: Broken reference: the 'logo' element cannot be added as child to 'header', because the latter doesn't exist [] []
[2025-05-02T03:46:12.751134+00:00] main.INFO: Broken reference: the 'global.search' element cannot be added as child to 'header', because the latter doesn't exist [] []
[2025-05-02T03:46:12.751288+00:00] main.INFO: Broken reference: the 'user' element cannot be added as child to 'header', because the latter doesn't exist [] []
[2025-05-02T03:46:12.751440+00:00] main.INFO: Broken reference: the 'menu' element cannot be added as child to 'page.menu', because the latter doesn't exist [] []
[2025-05-02T03:46:12.751637+00:00] main.INFO: Broken reference: the 'breadcrumbs' element cannot be added as child to 'page.breadcrumbs', because the latter doesn't exist [] []
[2025-05-02T03:46:12.751794+00:00] main.INFO: Broken reference: the 'formkey' element cannot be added as child to 'page.formkey', because the latter doesn't exist [] []
[2025-05-02T03:46:12.751945+00:00] main.INFO: Broken reference: the 'page.title' element cannot be added as child to 'main.top', because the latter doesn't exist [] []
[2025-05-02T03:46:12.752095+00:00] main.INFO: Broken reference: the 'messages' element cannot be added as child to 'page.messages', because the latter doesn't exist [] []
[2025-05-02T03:46:12.752244+00:00] main.INFO: Broken reference: the 'page.actions.toolbar' element cannot be added as child to 'page.main.actions', because the latter doesn't exist [] []
[2025-05-02T03:46:12.752394+00:00] main.INFO: Broken reference: the 'legal' element cannot be added as child to 'footer', because the latter doesn't exist [] []
[2025-05-02T03:46:12.752684+00:00] main.INFO: Broken reference: the 'header.inner.left' element cannot be added as child to 'header', because the latter doesn't exist [] []
[2025-05-02T03:46:12.752936+00:00] main.INFO: Broken reference: the 'header.inner.right' element cannot be added as child to 'header', because the latter doesn't exist [] []
[2025-05-02T03:46:12.753254+00:00] main.INFO: Broken reference: the 'user' tries to reorder itself towards '', but their parents are different: 'header' and '' respectively. [] []
[2025-05-02T03:46:12.753496+00:00] main.INFO: Broken reference: the 'notification.messages' tries to reorder itself towards 'user', but their parents are different: 'header' and '' respectively. [] []
[2025-05-02T03:46:12.753678+00:00] main.INFO: Broken reference: the 'logo' tries to reorder itself towards '', but their parents are different: 'header' and '' respectively. [] []
[2025-05-02T03:46:12.753842+00:00] main.INFO: Broken reference: the 'global.search' tries to reorder itself towards 'logo', but their parents are different: 'header' and '' respectively. [] []
[2025-05-02T03:46:12.754009+00:00] main.INFO: Broken reference: the 'page.actions.toolbar' tries to reorder itself towards '', but their parents are different: 'page.main.actions' and '' respectively. [] []
[2025-05-02T03:46:12.754203+00:00] main.INFO: Broken reference: the 'header.inner.left' tries to reorder itself towards '', but their parents are different: 'header' and '' respectively. [] []
[2025-05-02T03:46:12.754360+00:00] main.INFO: Broken reference: the 'header.inner.right' tries to reorder itself towards 'header.inner.left', but their parents are different: 'header' and '' respectively. [] []
[2025-05-02T03:46:12.754582+00:00] main.INFO: Broken reference: the 'notification.messages' tries to reorder itself towards 'user', but their parents are different: 'header.inner.right' and '' respectively. [] []
[2025-05-02T03:46:13.129555+00:00] main.ERROR: Requested path adminhtml/Magento/backend/pt_BR/css/styles.css is wrong. [] []
[2025-05-02T03:46:13.130281+00:00] main.CRITICAL: Requested path adminhtml/Magento/backend/pt_BR/css/styles.css is wrong. [] []
[2025-05-02T03:46:13.133802+00:00] main.ERROR: Requested path adminhtml/Magento/backend/pt_BR/jquery/uppy/dist/uppy-custom.css is wrong. [] []
[2025-05-02T03:46:13.134535+00:00] main.CRITICAL: Requested path adminhtml/Magento/backend/pt_BR/jquery/uppy/dist/uppy-custom.css is wrong. [] []
[2025-05-02T03:46:13.145214+00:00] main.ERROR: Requested path adminhtml/Magento/backend/pt_BR/mage/requirejs/mixins.js is wrong. [] []
[2025-05-02T03:46:13.145902+00:00] main.CRITICAL: Requested path adminhtml/Magento/backend/pt_BR/mage/requirejs/mixins.js is wrong. [] []
[2025-05-02T03:46:13.148126+00:00] main.ERROR: Requested path adminhtml/Magento/backend/pt_BR/Magento_ReCaptchaUser/css/recaptcha.css is wrong. [] []
[2025-05-02T03:46:13.149052+00:00] main.CRITICAL: Requested path adminhtml/Magento/backend/pt_BR/Magento_ReCaptchaUser/css/recaptcha.css is wrong. [] []
[2025-05-02T03:46:13.153046+00:00] main.ERROR: Requested path adminhtml/Magento/backend/pt_BR/jquery/jstree/themes/default/style.css is wrong. [] []
[2025-05-02T03:46:13.154016+00:00] main.CRITICAL: Requested path adminhtml/Magento/backend/pt_BR/jquery/jstree/themes/default/style.css is wrong. [] []
[2025-05-02T03:46:13.153850+00:00] main.ERROR: Requested path adminhtml/Magento/backend/pt_BR/requirejs/require.js is wrong. [] []
[2025-05-02T03:46:13.154473+00:00] main.CRITICAL: Requested path adminhtml/Magento/backend/pt_BR/requirejs/require.js is wrong. [] []
[2025-05-02T03:46:13.379422+00:00] main.ERROR: Requested path adminhtml/Magento/backend/pt_BR/images/magento-logo.svg is wrong. [] []
[2025-05-02T03:46:13.380093+00:00] main.CRITICAL: Requested path adminhtml/Magento/backend/pt_BR/images/magento-logo.svg is wrong. [] []
[2025-05-02T03:46:13.626810+00:00] main.ERROR: Requested path adminhtml/Magento/backend/pt_BR/Magento_Theme/favicon.ico is wrong. [] []
[2025-05-02T03:46:13.627456+00:00] main.CRITICAL: Requested path adminhtml/Magento/backend/pt_BR/Magento_Theme/favicon.ico is wrong. [] []
[2025-05-02T03:46:24.824601+00:00] main.INFO: Broken reference: the 'catalog.compare.sidebar' element cannot be added as child to 'sidebar.additional', because the latter doesn't exist [] []
[2025-05-02T03:46:24.825289+00:00] main.INFO: Broken reference: the 'sale.reorder.sidebar' element cannot be added as child to 'sidebar.additional', because the latter doesn't exist [] []
[2025-05-02T03:46:24.825602+00:00] main.INFO: Broken reference: the 'wishlist_sidebar' element cannot be added as child to 'sidebar.additional', because the latter doesn't exist [] []
[2025-05-02T03:46:24.825808+00:00] main.INFO: Broken reference: the 'paypal.partner.right.logo' element cannot be added as child to 'sidebar.additional', because the latter doesn't exist [] []
[2025-05-02T03:46:24.825989+00:00] main.INFO: Broken reference: the 'bml.right.logo' element cannot be added as child to 'sidebar.additional', because the latter doesn't exist [] []
[2025-05-02T03:46:24.826150+00:00] main.INFO: Broken reference: the 'sidebar.container.paylater' element cannot be added as child to 'sidebar.additional', because the latter doesn't exist [] []
[2025-05-02T03:46:53.304937+00:00] main.INFO: Broken reference: the 'catalog.compare.sidebar' element cannot be added as child to 'sidebar.additional', because the latter doesn't exist [] []
[2025-05-02T03:46:53.305610+00:00] main.INFO: Broken reference: the 'sale.reorder.sidebar' element cannot be added as child to 'sidebar.additional', because the latter doesn't exist [] []
[2025-05-02T03:46:53.305913+00:00] main.INFO: Broken reference: the 'wishlist_sidebar' element cannot be added as child to 'sidebar.additional', because the latter doesn't exist [] []
[2025-05-02T03:46:53.306109+00:00] main.INFO: Broken reference: the 'paypal.partner.right.logo' element cannot be added as child to 'sidebar.additional', because the latter doesn't exist [] []
[2025-05-02T03:46:53.306275+00:00] main.INFO: Broken reference: the 'bml.right.logo' element cannot be added as child to 'sidebar.additional', because the latter doesn't exist [] []
[2025-05-02T03:46:53.306481+00:00] main.INFO: Broken reference: the 'sidebar.container.paylater' element cannot be added as child to 'sidebar.additional', because the latter doesn't exist [] []
[2025-05-02T03:46:57.586383+00:00] main.ERROR: {"error":{"root_cause":[{"type":"no_shard_available_action_exception","reason":null}],"type":"search_phase_execution_exception","reason":"all shards failed","phase":"query","grouped":true,"failed_shards":[{"shard":0,"index":"magento2_product_1_v2","node":null,"reason":{"type":"no_shard_available_action_exception","reason":null}}]},"status":503} [] []
[2025-05-02T03:46:57.862171+00:00] main.ERROR: {"error":{"root_cause":[{"type":"no_shard_available_action_exception","reason":null}],"type":"search_phase_execution_exception","reason":"all shards failed","phase":"query","grouped":true,"failed_shards":[{"shard":0,"index":"magento2_product_1_v2","node":null,"reason":{"type":"no_shard_available_action_exception","reason":null}}]},"status":503} [] []
[2025-05-02T03:47:03.741105+00:00] main.INFO: Broken reference: the 'catalog.compare.sidebar' element cannot be added as child to 'sidebar.additional', because the latter doesn't exist [] []
[2025-05-02T03:47:03.741754+00:00] main.INFO: Broken reference: the 'sale.reorder.sidebar' element cannot be added as child to 'sidebar.additional', because the latter doesn't exist [] []
[2025-05-02T03:47:03.742054+00:00] main.INFO: Broken reference: the 'wishlist_sidebar' element cannot be added as child to 'sidebar.additional', because the latter doesn't exist [] []
[2025-05-02T03:47:03.742247+00:00] main.INFO: Broken reference: the 'paypal.partner.right.logo' element cannot be added as child to 'sidebar.additional', because the latter doesn't exist [] []
[2025-05-02T03:47:03.742409+00:00] main.INFO: Broken reference: the 'bml.right.logo' element cannot be added as child to 'sidebar.additional', because the latter doesn't exist [] []
[2025-05-02T03:47:03.742565+00:00] main.INFO: Broken reference: the 'sidebar.container.paylater' element cannot be added as child to 'sidebar.additional', because the latter doesn't exist [] []
[2025-05-02T03:47:07.984201+00:00] main.INFO: Broken reference: the 'catalog.compare.sidebar' element cannot be added as child to 'sidebar.additional', because the latter doesn't exist [] []
[2025-05-02T03:47:07.985231+00:00] main.INFO: Broken reference: the 'sale.reorder.sidebar' element cannot be added as child to 'sidebar.additional', because the latter doesn't exist [] []
[2025-05-02T03:47:07.985747+00:00] main.INFO: Broken reference: the 'wishlist_sidebar' element cannot be added as child to 'sidebar.additional', because the latter doesn't exist [] []
[2025-05-02T03:47:07.986075+00:00] main.INFO: Broken reference: the 'paypal.partner.right.logo' element cannot be added as child to 'sidebar.additional', because the latter doesn't exist [] []
[2025-05-02T03:47:07.986358+00:00] main.INFO: Broken reference: the 'bml.right.logo' element cannot be added as child to 'sidebar.additional', because the latter doesn't exist [] []
[2025-05-02T03:47:07.986643+00:00] main.INFO: Broken reference: the 'sidebar.container.paylater' element cannot be added as child to 'sidebar.additional', because the latter doesn't exist [] []
[2025-05-02T03:47:12.764321+00:00] main.INFO: Broken reference: the 'catalog.compare.sidebar' element cannot be added as child to 'sidebar.additional', because the latter doesn't exist [] []
[2025-05-02T03:47:12.765232+00:00] main.INFO: Broken reference: the 'sale.reorder.sidebar' element cannot be added as child to 'sidebar.additional', because the latter doesn't exist [] []
[2025-05-02T03:47:12.765705+00:00] main.INFO: Broken reference: the 'wishlist_sidebar' element cannot be added as child to 'sidebar.additional', because the latter doesn't exist [] []
[2025-05-02T03:47:19.633093+00:00] main.INFO: Broken reference: the 'catalog.compare.sidebar' element cannot be added as child to 'sidebar.additional', because the latter doesn't exist [] []
[2025-05-02T03:47:19.633727+00:00] main.INFO: Broken reference: the 'sale.reorder.sidebar' element cannot be added as child to 'sidebar.additional', because the latter doesn't exist [] []
[2025-05-02T03:47:19.634066+00:00] main.INFO: Broken reference: the 'wishlist_sidebar' element cannot be added as child to 'sidebar.additional', because the latter doesn't exist [] []
[2025-05-02T03:47:24.719709+00:00] main.INFO: Broken reference: the 'catalog.compare.sidebar' element cannot be added as child to 'sidebar.additional', because the latter doesn't exist [] []
[2025-05-02T03:47:24.720345+00:00] main.INFO: Broken reference: the 'sale.reorder.sidebar' element cannot be added as child to 'sidebar.additional', because the latter doesn't exist [] []
[2025-05-02T03:47:24.720646+00:00] main.INFO: Broken reference: the 'wishlist_sidebar' element cannot be added as child to 'sidebar.additional', because the latter doesn't exist [] []
[2025-05-02T03:47:29.724389+00:00] main.INFO: Broken reference: the 'catalog.compare.sidebar' element cannot be added as child to 'sidebar.additional', because the latter doesn't exist [] []
[2025-05-02T03:47:29.725066+00:00] main.INFO: Broken reference: the 'sale.reorder.sidebar' element cannot be added as child to 'sidebar.additional', because the latter doesn't exist [] []
[2025-05-02T03:47:29.725368+00:00] main.INFO: Broken reference: the 'wishlist_sidebar' element cannot be added as child to 'sidebar.additional', because the latter doesn't exist [] []
[2025-05-02T03:47:29.725563+00:00] main.INFO: Broken reference: the 'paypal.partner.right.logo' element cannot be added as child to 'sidebar.additional', because the latter doesn't exist [] []
[2025-05-02T03:47:29.725726+00:00] main.INFO: Broken reference: the 'bml.right.logo' element cannot be added as child to 'sidebar.additional', because the latter doesn't exist [] []
[2025-05-02T03:47:29.725882+00:00] main.INFO: Broken reference: the 'sidebar.container.paylater' element cannot be added as child to 'sidebar.additional', because the latter doesn't exist [] []
[2025-05-02T03:47:37.511612+00:00] main.INFO: Broken reference: the 'catalog.compare.sidebar' element cannot be added as child to 'sidebar.additional', because the latter doesn't exist [] []
[2025-05-02T03:47:37.512245+00:00] main.INFO: Broken reference: the 'sale.reorder.sidebar' element cannot be added as child to 'sidebar.additional', because the latter doesn't exist [] []
[2025-05-02T03:47:37.512544+00:00] main.INFO: Broken reference: the 'wishlist_sidebar' element cannot be added as child to 'sidebar.additional', because the latter doesn't exist [] []
[2025-05-02T03:47:37.512740+00:00] main.INFO: Broken reference: the 'paypal.partner.right.logo' element cannot be added as child to 'sidebar.additional', because the latter doesn't exist [] []
[2025-05-02T03:47:37.512905+00:00] main.INFO: Broken reference: the 'bml.right.logo' element cannot be added as child to 'sidebar.additional', because the latter doesn't exist [] []
[2025-05-02T03:47:37.513061+00:00] main.INFO: Broken reference: the 'sidebar.container.paylater' element cannot be added as child to 'sidebar.additional', because the latter doesn't exist [] []
[2025-05-02T03:49:30.727801+00:00] main.DEBUG: cache_invalidate:  {"method":"GET","url":"http:/","invalidateInfo":{"tags":[],"mode":"all"}} []
[2025-05-02T03:49:30.736336+00:00] main.DEBUG: cache_invalidate:  {"method":"GET","url":"http:/","invalidateInfo":{"tags":[],"mode":"all"}} []
[2025-05-02T03:51:07.387413+00:00] main.ERROR: Warning: file_put_contents(C:/xampp8/htdocs/magento-loja5/generated/metadata/primary|global|plugin-list.php): Failed to open stream: No such file or directory in C:\xampp8\htdocs\magento-loja5\vendor\magento\framework\Interception\PluginListGenerator.php on line 411
#0 [internal function]: Magento\Framework\App\ErrorHandler->handler(2, 'file_put_conten...', 'C:\\xampp8\\htdoc...', 411)
#1 C:\xampp8\htdocs\magento-loja5\vendor\magento\framework\Interception\PluginListGenerator.php(411): file_put_contents('C:/xampp8/htdoc...', '<?php return ar...')
#2 C:\xampp8\htdocs\magento-loja5\vendor\magento\framework\Interception\PluginListGenerator.php(180): Magento\Framework\Interception\PluginListGenerator->writeConfig('primary|global|...', Array)
#3 C:\xampp8\htdocs\magento-loja5\setup\src\Magento\Setup\Module\Di\App\Task\Operation\PluginListGenerator.php(53): Magento\Framework\Interception\PluginListGenerator->write(Array)
#4 C:\xampp8\htdocs\magento-loja5\setup\src\Magento\Setup\Module\Di\App\Task\Manager.php(56): Magento\Setup\Module\Di\App\Task\Operation\PluginListGenerator->doOperation()
#5 C:\xampp8\htdocs\magento-loja5\setup\src\Magento\Setup\Console\Command\DiCompileCommand.php(209): Magento\Setup\Module\Di\App\Task\Manager->process(Object(Closure), Object(Closure))
#6 C:\xampp8\htdocs\magento-loja5\vendor\symfony\console\Command\Command.php(326): Magento\Setup\Console\Command\DiCompileCommand->execute(Object(Symfony\Component\Console\Input\ArgvInput), Object(Symfony\Component\Console\Output\ConsoleOutput))
#7 C:\xampp8\htdocs\magento-loja5\vendor\symfony\console\Application.php(1078): Symfony\Component\Console\Command\Command->run(Object(Symfony\Component\Console\Input\ArgvInput), Object(Symfony\Component\Console\Output\ConsoleOutput))
#8 C:\xampp8\htdocs\magento-loja5\vendor\symfony\console\Application.php(324): Symfony\Component\Console\Application->doRunCommand(Object(Magento\Setup\Console\Command\DiCompileCommand), Object(Symfony\Component\Console\Input\ArgvInput), Object(Symfony\Component\Console\Output\ConsoleOutput))
#9 C:\xampp8\htdocs\magento-loja5\vendor\magento\framework\Console\Cli.php(122): Symfony\Component\Console\Application->doRun(Object(Symfony\Component\Console\Input\ArgvInput), Object(Symfony\Component\Console\Output\ConsoleOutput))
#10 C:\xampp8\htdocs\magento-loja5\vendor\symfony\console\Application.php(175): Magento\Framework\Console\Cli->doRun(Object(Symfony\Component\Console\Input\ArgvInput), Object(Symfony\Component\Console\Output\ConsoleOutput))
#11 C:\xampp8\htdocs\magento-loja5\bin\magento(23): Symfony\Component\Console\Application->run()
#12 {main} [] []
[2025-05-02T03:51:20.887273+00:00] main.DEBUG: cache_invalidate:  {"method":"GET","url":"http:/","invalidateInfo":{"tags":["FPC"],"mode":"matchingTag"}} []
[2025-05-02T04:03:48.676122+00:00] main.DEBUG: Item Magento_Backend::system_currency was removed [] []
[2025-05-02T04:03:48.681016+00:00] main.DEBUG: Add of item with id Magento_AdminNotification::system_adminnotification was processed [] []
[2025-05-02T04:03:48.681177+00:00] main.DEBUG: Add of item with id Magento_Theme::design_config was processed [] []
[2025-05-02T04:03:48.681286+00:00] main.DEBUG: Add of item with id Magento_Theme::system_design_theme was processed [] []
[2025-05-02T04:03:48.681385+00:00] main.DEBUG: Add of item with id Magento_Backend::system_design_schedule was processed [] []
[2025-05-02T04:03:48.681491+00:00] main.DEBUG: Add of item with id Magento_Backend::system_store was processed [] []
[2025-05-02T04:03:48.681588+00:00] main.DEBUG: Add of item with id Magento_Backend::dashboard was processed [] []
[2025-05-02T04:03:48.681680+00:00] main.DEBUG: Add of item with id Magento_Backend::system was processed [] []
[2025-05-02T04:03:48.681781+00:00] main.DEBUG: Add of item with id Magento_Backend::system_tools was processed [] []
[2025-05-02T04:03:48.681884+00:00] main.DEBUG: Add of item with id Magento_Backend::system_design was processed [] []
[2025-05-02T04:03:48.681976+00:00] main.DEBUG: Add of item with id Magento_Backend::system_convert was processed [] []
[2025-05-02T04:03:48.682076+00:00] main.DEBUG: Add of item with id Magento_Backend::system_cache was processed [] []
[2025-05-02T04:03:48.682166+00:00] main.DEBUG: Add of item with id Magento_Backend::marketing was processed [] []
[2025-05-02T04:03:48.682265+00:00] main.DEBUG: Add of item with id Magento_Backend::marketing_communications was processed [] []
[2025-05-02T04:03:48.682357+00:00] main.DEBUG: Add of item with id Magento_Backend::marketing_seo was processed [] []
[2025-05-02T04:03:48.682447+00:00] main.DEBUG: Add of item with id Magento_Backend::marketing_user_content was processed [] []
[2025-05-02T04:03:48.682536+00:00] main.DEBUG: Add of item with id Magento_Backend::content was processed [] []
[2025-05-02T04:03:48.682677+00:00] main.DEBUG: Add of item with id Magento_Backend::content_elements was processed [] []
[2025-05-02T04:03:48.682773+00:00] main.DEBUG: Add of item with id Magento_Backend::stores was processed [] []
[2025-05-02T04:03:48.682875+00:00] main.DEBUG: Add of item with id Magento_Backend::stores_settings was processed [] []
[2025-05-02T04:03:48.682968+00:00] main.DEBUG: Add of item with id Magento_Backend::stores_attributes was processed [] []
[2025-05-02T04:03:48.683057+00:00] main.DEBUG: Add of item with id Magento_Backend::other_settings was processed [] []
[2025-05-02T04:03:48.683146+00:00] main.DEBUG: Add of item with id Magento_Backend::system_other_settings was processed [] []
[2025-05-02T04:03:48.683235+00:00] main.DEBUG: Add of item with id Magento_Config::system_config was processed [] []
[2025-05-02T04:03:48.683324+00:00] main.DEBUG: Add of item with id Magento_User::system_acl was processed [] []
[2025-05-02T04:03:48.683422+00:00] main.DEBUG: Add of item with id Magento_User::system_acl_users was processed [] []
[2025-05-02T04:03:48.683513+00:00] main.DEBUG: Add of item with id Magento_User::system_acl_roles was processed [] []
[2025-05-02T04:03:48.683603+00:00] main.DEBUG: Add of item with id Magento_User::system_acl_locks was processed [] []
[2025-05-02T04:03:48.683691+00:00] main.DEBUG: Add of item with id Magento_Customer::customer was processed [] []
[2025-05-02T04:03:48.683788+00:00] main.DEBUG: Add of item with id Magento_Customer::customer_manage was processed [] []
[2025-05-02T04:03:48.683880+00:00] main.DEBUG: Add of item with id Magento_Customer::customer_online was processed [] []
[2025-05-02T04:03:48.683968+00:00] main.DEBUG: Add of item with id Magento_Customer::customer_group was processed [] []
[2025-05-02T04:03:48.684057+00:00] main.DEBUG: Add of item with id Magento_Backup::system_tools_backup was processed [] []
[2025-05-02T04:03:48.684145+00:00] main.DEBUG: Add of item with id Magento_Indexer::system_index was processed [] []
[2025-05-02T04:03:48.684234+00:00] main.DEBUG: Add of item with id Magento_Variable::system_variable was processed [] []
[2025-05-02T04:03:48.684332+00:00] main.DEBUG: Add of item with id Magento_Cms::cms_page was processed [] []
[2025-05-02T04:03:48.684422+00:00] main.DEBUG: Add of item with id Magento_Cms::cms_block was processed [] []
[2025-05-02T04:03:48.684510+00:00] main.DEBUG: Add of item with id Magento_Integration::system_extensions was processed [] []
[2025-05-02T04:03:48.684610+00:00] main.DEBUG: Add of item with id Magento_Integration::system_integrations was processed [] []
[2025-05-02T04:03:48.684709+00:00] main.DEBUG: Add of item with id Magento_Search::search_terms was processed [] []
[2025-05-02T04:03:48.684799+00:00] main.DEBUG: Add of item with id Magento_Search::search_synonyms was processed [] []
[2025-05-02T04:03:48.684888+00:00] main.DEBUG: Add of item with id Magento_Catalog::catalog was processed [] []
[2025-05-02T04:03:48.684985+00:00] main.DEBUG: Add of item with id Magento_Catalog::catalog_products was processed [] []
[2025-05-02T04:03:48.685075+00:00] main.DEBUG: Add of item with id Magento_Catalog::catalog_categories was processed [] []
[2025-05-02T04:03:48.685173+00:00] main.DEBUG: Add of item with id Magento_Catalog::catalog_attributes_attributes was processed [] []
[2025-05-02T04:03:48.685263+00:00] main.DEBUG: Add of item with id Magento_Catalog::catalog_attributes_sets was processed [] []
[2025-05-02T04:03:48.685359+00:00] main.DEBUG: Add of item with id Magento_Catalog::inventory was processed [] []
[2025-05-02T04:03:48.685454+00:00] main.DEBUG: Add of item with id Magento_CatalogRule::promo was processed [] []
[2025-05-02T04:03:48.685551+00:00] main.DEBUG: Add of item with id Magento_CatalogRule::promo_catalog was processed [] []
[2025-05-02T04:03:48.685644+00:00] main.DEBUG: Add of item with id Magento_MediaGalleryUi::media was processed [] []
[2025-05-02T04:03:48.685740+00:00] main.DEBUG: Add of item with id Magento_MediaGalleryUi::media_gallery was processed [] []
[2025-05-02T04:03:48.685866+00:00] main.DEBUG: Add of item with id Magento_Sales::sales was processed [] []
[2025-05-02T04:03:48.685971+00:00] main.DEBUG: Add of item with id Magento_Sales::sales_operation was processed [] []
[2025-05-02T04:03:48.686072+00:00] main.DEBUG: Add of item with id Magento_Sales::sales_order was processed [] []
[2025-05-02T04:03:48.686164+00:00] main.DEBUG: Add of item with id Magento_Sales::sales_invoice was processed [] []
[2025-05-02T04:03:48.686254+00:00] main.DEBUG: Add of item with id Magento_Sales::sales_shipment was processed [] []
[2025-05-02T04:03:48.686343+00:00] main.DEBUG: Add of item with id Magento_Sales::sales_creditmemo was processed [] []
[2025-05-02T04:03:48.686431+00:00] main.DEBUG: Add of item with id Magento_Sales::sales_transactions was processed [] []
[2025-05-02T04:03:48.686520+00:00] main.DEBUG: Add of item with id Magento_Sales::system_order_statuses was processed [] []
[2025-05-02T04:03:48.686610+00:00] main.DEBUG: Add of item with id Magento_Widget::cms_widget_instance was processed [] []
[2025-05-02T04:03:48.686708+00:00] main.DEBUG: Add of item with id Magento_Analytics::business_intelligence was processed [] []
[2025-05-02T04:03:48.686807+00:00] main.DEBUG: Add of item with id Magento_Analytics::advanced_reporting was processed [] []
[2025-05-02T04:03:48.686897+00:00] main.DEBUG: Add of item with id Magento_Analytics::bi_essentials was processed [] []
[2025-05-02T04:03:48.686995+00:00] main.DEBUG: Add of item with id Magento_Downloadable::report_products_downloads was processed [] []
[2025-05-02T04:03:48.687093+00:00] main.DEBUG: Add of item with id Magento_Newsletter::newsletter_template was processed [] []
[2025-05-02T04:03:48.687183+00:00] main.DEBUG: Add of item with id Magento_Newsletter::newsletter_queue was processed [] []
[2025-05-02T04:03:48.687272+00:00] main.DEBUG: Add of item with id Magento_Newsletter::newsletter_subscriber was processed [] []
[2025-05-02T04:03:48.687369+00:00] main.DEBUG: Add of item with id Magento_Newsletter::newsletter_problem was processed [] []
[2025-05-02T04:03:48.687466+00:00] main.DEBUG: Add of item with id Magento_ImportExport::system_convert_import was processed [] []
[2025-05-02T04:03:48.687558+00:00] main.DEBUG: Add of item with id Magento_ImportExport::system_convert_export was processed [] []
[2025-05-02T04:03:48.687647+00:00] main.DEBUG: Add of item with id Magento_ImportExport::system_convert_history was processed [] []
[2025-05-02T04:03:48.687734+00:00] main.DEBUG: Add of item with id Magento_Email::template was processed [] []
[2025-05-02T04:03:48.687822+00:00] main.DEBUG: Add of item with id Magento_InventoryAdminUi::inventory was processed [] []
[2025-05-02T04:03:48.687918+00:00] main.DEBUG: Add of item with id Magento_InventoryAdminUi::source was processed [] []
[2025-05-02T04:03:48.688008+00:00] main.DEBUG: Add of item with id Magento_InventoryAdminUi::stock was processed [] []
[2025-05-02T04:03:48.688096+00:00] main.DEBUG: Add of item with id Magento_Reports::report was processed [] []
[2025-05-02T04:03:48.688184+00:00] main.DEBUG: Add of item with id Magento_Reports::report_marketing was processed [] []
[2025-05-02T04:03:48.688271+00:00] main.DEBUG: Add of item with id Magento_Reports::report_salesroot was processed [] []
[2025-05-02T04:03:48.688368+00:00] main.DEBUG: Add of item with id Magento_Reports::report_salesroot_sales was processed [] []
[2025-05-02T04:03:48.688457+00:00] main.DEBUG: Add of item with id Magento_Reports::report_salesroot_tax was processed [] []
[2025-05-02T04:03:48.688544+00:00] main.DEBUG: Add of item with id Magento_Reports::report_salesroot_invoiced was processed [] []
[2025-05-02T04:03:48.688653+00:00] main.DEBUG: Add of item with id Magento_Reports::report_salesroot_shipping was processed [] []
[2025-05-02T04:03:48.688741+00:00] main.DEBUG: Add of item with id Magento_Reports::report_salesroot_refunded was processed [] []
[2025-05-02T04:03:48.688828+00:00] main.DEBUG: Add of item with id Magento_Reports::report_salesroot_coupons was processed [] []
[2025-05-02T04:03:48.688915+00:00] main.DEBUG: Add of item with id Magento_Reports::report_shopcart_product was processed [] []
[2025-05-02T04:03:48.689005+00:00] main.DEBUG: Add of item with id Magento_Reports::report_shopcart_abandoned was processed [] []
[2025-05-02T04:03:48.689094+00:00] main.DEBUG: Add of item with id Magento_Reports::report_products was processed [] []
[2025-05-02T04:03:48.689181+00:00] main.DEBUG: Add of item with id Magento_Reports::report_products_bestsellers was processed [] []
[2025-05-02T04:03:48.689269+00:00] main.DEBUG: Add of item with id Magento_Reports::report_products_sold was processed [] []
[2025-05-02T04:03:48.689356+00:00] main.DEBUG: Add of item with id Magento_Reports::report_products_viewed was processed [] []
[2025-05-02T04:03:48.689442+00:00] main.DEBUG: Add of item with id Magento_Reports::report_products_lowstock was processed [] []
[2025-05-02T04:03:48.689529+00:00] main.DEBUG: Add of item with id Magento_Reports::report_customers was processed [] []
[2025-05-02T04:03:48.689631+00:00] main.DEBUG: Add of item with id Magento_Reports::report_customers_accounts was processed [] []
[2025-05-02T04:03:48.689721+00:00] main.DEBUG: Add of item with id Magento_Reports::report_customers_totals was processed [] []
[2025-05-02T04:03:48.689809+00:00] main.DEBUG: Add of item with id Magento_Reports::report_customers_orders was processed [] []
[2025-05-02T04:03:48.689896+00:00] main.DEBUG: Add of item with id Magento_Reports::report_statistics was processed [] []
[2025-05-02T04:03:48.689992+00:00] main.DEBUG: Add of item with id Magento_Reports::report_statistics_refresh was processed [] []
[2025-05-02T04:03:48.690082+00:00] main.DEBUG: Add of item with id Magento_Search::report_search_term was processed [] []
[2025-05-02T04:03:48.690169+00:00] main.DEBUG: Add of item with id Magento_LoginAsCustomerLog::login_log was processed [] []
[2025-05-02T04:03:48.690256+00:00] main.DEBUG: Add of item with id Magento_Marketplace::partners was processed [] []
[2025-05-02T04:03:48.690343+00:00] main.DEBUG: Add of item with id Magento_SalesRule::promo_quote was processed [] []
[2025-05-02T04:03:48.690430+00:00] main.DEBUG: Add of item with id Magento_Sitemap::catalog_sitemap was processed [] []
[2025-05-02T04:03:48.690517+00:00] main.DEBUG: Add of item with id Magento_PageBuilder::templates was processed [] []
[2025-05-02T04:03:48.690607+00:00] main.DEBUG: Add of item with id Magento_PaymentServicesDashboard::paymentservicesdashboard was processed [] []
[2025-05-02T04:03:48.690694+00:00] main.DEBUG: Add of item with id Magento_Paypal::report_salesroot_paypal_settlement_reports was processed [] []
[2025-05-02T04:03:48.690781+00:00] main.DEBUG: Add of item with id Magento_Paypal::paypal_billing_agreement was processed [] []
[2025-05-02T04:03:48.690868+00:00] main.DEBUG: Add of item with id Magento_CheckoutAgreements::sales_checkoutagreement was processed [] []
[2025-05-02T04:03:48.690955+00:00] main.DEBUG: Add of item with id Magento_Review::catalog_reviews_ratings_ratings was processed [] []
[2025-05-02T04:03:48.691052+00:00] main.DEBUG: Add of item with id Magento_Review::catalog_reviews_ratings_pending was processed [] []
[2025-05-02T04:03:48.691141+00:00] main.DEBUG: Add of item with id Magento_Review::catalog_reviews_ratings_reviews_all was processed [] []
[2025-05-02T04:03:48.691229+00:00] main.DEBUG: Add of item with id Magento_Review::report_review was processed [] []
[2025-05-02T04:03:48.691325+00:00] main.DEBUG: Add of item with id Magento_Review::report_review_customer was processed [] []
[2025-05-02T04:03:48.691415+00:00] main.DEBUG: Add of item with id Magento_Review::report_review_product was processed [] []
[2025-05-02T04:03:48.691503+00:00] main.DEBUG: Add of item with id Magento_ServicesId::configuration was processed [] []
[2025-05-02T04:03:48.691617+00:00] main.DEBUG: Add of item with id Magento_ServicesId::services_id was processed [] []
[2025-05-02T04:03:48.691708+00:00] main.DEBUG: Add of item with id Magento_UrlRewrite::urlrewrite was processed [] []
[2025-05-02T04:03:48.691795+00:00] main.DEBUG: Add of item with id Magento_Tax::sales_tax was processed [] []
[2025-05-02T04:03:48.691926+00:00] main.DEBUG: Add of item with id Magento_Tax::sales_tax_rules was processed [] []
[2025-05-02T04:03:48.692020+00:00] main.DEBUG: Add of item with id Magento_Tax::sales_tax_rates was processed [] []
[2025-05-02T04:03:48.692110+00:00] main.DEBUG: Add of item with id Magento_TaxImportExport::system_convert_tax was processed [] []
[2025-05-02T04:03:48.692199+00:00] main.DEBUG: Add of item with id Magento_AsynchronousOperations::system_magento_logging was processed [] []
[2025-05-02T04:03:48.692298+00:00] main.DEBUG: Add of item with id Magento_AsynchronousOperations::system_magento_logging_bulk_operations was processed [] []
[2025-05-02T04:03:48.692391+00:00] main.DEBUG: Add of item with id Magento_CurrencySymbol::system_currency was processed [] []
[2025-05-02T04:03:48.692490+00:00] main.DEBUG: Add of item with id Magento_CurrencySymbol::system_currency_rates was processed [] []
[2025-05-02T04:03:48.692582+00:00] main.DEBUG: Add of item with id Magento_CurrencySymbol::system_currency_symbols was processed [] []
[2025-05-02T04:03:48.692670+00:00] main.DEBUG: Add of item with id PayPal_Braintree::settlement_report was processed [] []
[2025-05-02T04:03:48.692759+00:00] main.DEBUG: Add of item with id PayPal_Braintree::virtual_terminal was processed [] []
[2025-05-02T04:03:50.140331+00:00] main.INFO: Broken reference: the 'tracking' element cannot be added as child to 'header', because the latter doesn't exist [] []
[2025-05-02T04:03:50.140919+00:00] main.INFO: Broken reference: the 'notification_area' element cannot be added as child to 'notifications', because the latter doesn't exist [] []
[2025-05-02T04:03:50.141094+00:00] main.INFO: Broken reference: the 'unread_system_messages' element cannot be added as child to 'notifications', because the latter doesn't exist [] []
[2025-05-02T04:03:50.141254+00:00] main.INFO: Broken reference: the 'notification_window' element cannot be added as child to 'notifications', because the latter doesn't exist [] []
[2025-05-02T04:03:50.141408+00:00] main.INFO: Broken reference: the 'notification.messages' element cannot be added as child to 'header', because the latter doesn't exist [] []
[2025-05-02T04:03:50.141565+00:00] main.INFO: Broken reference: the 'global_notices' element cannot be added as child to 'global.notices', because the latter doesn't exist [] []
[2025-05-02T04:03:50.141716+00:00] main.INFO: Broken reference: the 'logo' element cannot be added as child to 'header', because the latter doesn't exist [] []
[2025-05-02T04:03:50.141867+00:00] main.INFO: Broken reference: the 'global.search' element cannot be added as child to 'header', because the latter doesn't exist [] []
[2025-05-02T04:03:50.142016+00:00] main.INFO: Broken reference: the 'user' element cannot be added as child to 'header', because the latter doesn't exist [] []
[2025-05-02T04:03:50.142164+00:00] main.INFO: Broken reference: the 'menu' element cannot be added as child to 'page.menu', because the latter doesn't exist [] []
[2025-05-02T04:03:50.142312+00:00] main.INFO: Broken reference: the 'breadcrumbs' element cannot be added as child to 'page.breadcrumbs', because the latter doesn't exist [] []
[2025-05-02T04:03:50.142460+00:00] main.INFO: Broken reference: the 'formkey' element cannot be added as child to 'page.formkey', because the latter doesn't exist [] []
[2025-05-02T04:03:50.142608+00:00] main.INFO: Broken reference: the 'page.title' element cannot be added as child to 'main.top', because the latter doesn't exist [] []
[2025-05-02T04:03:50.142754+00:00] main.INFO: Broken reference: the 'messages' element cannot be added as child to 'page.messages', because the latter doesn't exist [] []
[2025-05-02T04:03:50.142903+00:00] main.INFO: Broken reference: the 'page.actions.toolbar' element cannot be added as child to 'page.main.actions', because the latter doesn't exist [] []
[2025-05-02T04:03:50.143053+00:00] main.INFO: Broken reference: the 'legal' element cannot be added as child to 'footer', because the latter doesn't exist [] []
[2025-05-02T04:03:50.143416+00:00] main.INFO: Broken reference: the 'header.inner.left' element cannot be added as child to 'header', because the latter doesn't exist [] []
[2025-05-02T04:03:50.143626+00:00] main.INFO: Broken reference: the 'header.inner.right' element cannot be added as child to 'header', because the latter doesn't exist [] []
[2025-05-02T04:03:50.143837+00:00] main.INFO: Broken reference: the 'user' tries to reorder itself towards '', but their parents are different: 'header' and '' respectively. [] []
[2025-05-02T04:03:50.144027+00:00] main.INFO: Broken reference: the 'notification.messages' tries to reorder itself towards 'user', but their parents are different: 'header' and '' respectively. [] []
[2025-05-02T04:03:50.144184+00:00] main.INFO: Broken reference: the 'logo' tries to reorder itself towards '', but their parents are different: 'header' and '' respectively. [] []
[2025-05-02T04:03:50.144334+00:00] main.INFO: Broken reference: the 'global.search' tries to reorder itself towards 'logo', but their parents are different: 'header' and '' respectively. [] []
[2025-05-02T04:03:50.144484+00:00] main.INFO: Broken reference: the 'page.actions.toolbar' tries to reorder itself towards '', but their parents are different: 'page.main.actions' and '' respectively. [] []
[2025-05-02T04:03:50.144657+00:00] main.INFO: Broken reference: the 'header.inner.left' tries to reorder itself towards '', but their parents are different: 'header' and '' respectively. [] []
[2025-05-02T04:03:50.144811+00:00] main.INFO: Broken reference: the 'header.inner.right' tries to reorder itself towards 'header.inner.left', but their parents are different: 'header' and '' respectively. [] []
[2025-05-02T04:03:50.144968+00:00] main.INFO: Broken reference: the 'notification.messages' tries to reorder itself towards 'user', but their parents are different: 'header.inner.right' and '' respectively. [] []
[2025-05-02T04:03:50.519651+00:00] main.ERROR: Requested path adminhtml/Magento/backend/pt_BR/jquery/uppy/dist/uppy-custom.css is wrong. [] []
[2025-05-02T04:03:50.520359+00:00] main.CRITICAL: Requested path adminhtml/Magento/backend/pt_BR/jquery/uppy/dist/uppy-custom.css is wrong. [] []
[2025-05-02T04:03:50.615335+00:00] main.ERROR: Requested path adminhtml/Magento/backend/pt_BR/jquery/jstree/themes/default/style.css is wrong. [] []
[2025-05-02T04:03:50.616324+00:00] main.CRITICAL: Requested path adminhtml/Magento/backend/pt_BR/jquery/jstree/themes/default/style.css is wrong. [] []
[2025-05-02T04:03:50.619753+00:00] main.ERROR: Requested path adminhtml/Magento/backend/pt_BR/css/styles.css is wrong. [] []
[2025-05-02T04:03:50.620832+00:00] main.CRITICAL: Requested path adminhtml/Magento/backend/pt_BR/css/styles.css is wrong. [] []
[2025-05-02T04:03:50.624309+00:00] main.ERROR: Requested path adminhtml/Magento/backend/pt_BR/Magento_ReCaptchaUser/css/recaptcha.css is wrong. [] []
[2025-05-02T04:03:50.625222+00:00] main.CRITICAL: Requested path adminhtml/Magento/backend/pt_BR/Magento_ReCaptchaUser/css/recaptcha.css is wrong. [] []
[2025-05-02T04:03:50.629264+00:00] main.ERROR: Requested path adminhtml/Magento/backend/pt_BR/requirejs/require.js is wrong. [] []
[2025-05-02T04:03:50.630183+00:00] main.CRITICAL: Requested path adminhtml/Magento/backend/pt_BR/requirejs/require.js is wrong. [] []
[2025-05-02T04:03:50.648037+00:00] main.ERROR: Requested path adminhtml/Magento/backend/pt_BR/mage/requirejs/mixins.js is wrong. [] []
[2025-05-02T04:03:50.648931+00:00] main.CRITICAL: Requested path adminhtml/Magento/backend/pt_BR/mage/requirejs/mixins.js is wrong. [] []
[2025-05-02T04:03:50.771811+00:00] main.ERROR: Requested path adminhtml/Magento/backend/pt_BR/images/magento-logo.svg is wrong. [] []
[2025-05-02T04:03:50.772462+00:00] main.CRITICAL: Requested path adminhtml/Magento/backend/pt_BR/images/magento-logo.svg is wrong. [] []
[2025-05-02T04:03:50.990931+00:00] main.ERROR: Requested path adminhtml/Magento/backend/pt_BR/Magento_Theme/favicon.ico is wrong. [] []
[2025-05-02T04:03:50.991569+00:00] main.CRITICAL: Requested path adminhtml/Magento/backend/pt_BR/Magento_Theme/favicon.ico is wrong. [] []
[2025-05-02T04:04:02.617286+00:00] main.ERROR: Requested path adminhtml/Magento/backend/pt_BR/jquery/uppy/dist/uppy-custom.css is wrong. [] []
[2025-05-02T04:04:02.618038+00:00] main.CRITICAL: Requested path adminhtml/Magento/backend/pt_BR/jquery/uppy/dist/uppy-custom.css is wrong. [] []
[2025-05-02T04:04:02.620795+00:00] main.ERROR: Requested path adminhtml/Magento/backend/pt_BR/Magento_ReCaptchaUser/css/recaptcha.css is wrong. [] []
[2025-05-02T04:04:02.620945+00:00] main.ERROR: Requested path adminhtml/Magento/backend/pt_BR/css/styles.css is wrong. [] []
[2025-05-02T04:04:02.621561+00:00] main.CRITICAL: Requested path adminhtml/Magento/backend/pt_BR/Magento_ReCaptchaUser/css/recaptcha.css is wrong. [] []
[2025-05-02T04:04:02.621604+00:00] main.CRITICAL: Requested path adminhtml/Magento/backend/pt_BR/css/styles.css is wrong. [] []
[2025-05-02T04:04:02.622656+00:00] main.ERROR: Requested path adminhtml/Magento/backend/pt_BR/jquery/jstree/themes/default/style.css is wrong. [] []
[2025-05-02T04:04:02.623327+00:00] main.CRITICAL: Requested path adminhtml/Magento/backend/pt_BR/jquery/jstree/themes/default/style.css is wrong. [] []
[2025-05-02T04:04:23.608368+00:00] main.INFO: Broken reference: the 'tracking' element cannot be added as child to 'header', because the latter doesn't exist [] []
[2025-05-02T04:04:23.608928+00:00] main.INFO: Broken reference: the 'notification_area' element cannot be added as child to 'notifications', because the latter doesn't exist [] []
[2025-05-02T04:04:23.609110+00:00] main.INFO: Broken reference: the 'unread_system_messages' element cannot be added as child to 'notifications', because the latter doesn't exist [] []
[2025-05-02T04:04:23.609271+00:00] main.INFO: Broken reference: the 'notification_window' element cannot be added as child to 'notifications', because the latter doesn't exist [] []
[2025-05-02T04:04:23.609427+00:00] main.INFO: Broken reference: the 'notification.messages' element cannot be added as child to 'header', because the latter doesn't exist [] []
[2025-05-02T04:04:23.609585+00:00] main.INFO: Broken reference: the 'global_notices' element cannot be added as child to 'global.notices', because the latter doesn't exist [] []
[2025-05-02T04:04:23.609737+00:00] main.INFO: Broken reference: the 'logo' element cannot be added as child to 'header', because the latter doesn't exist [] []
[2025-05-02T04:04:23.609892+00:00] main.INFO: Broken reference: the 'global.search' element cannot be added as child to 'header', because the latter doesn't exist [] []
[2025-05-02T04:04:23.610074+00:00] main.INFO: Broken reference: the 'user' element cannot be added as child to 'header', because the latter doesn't exist [] []
[2025-05-02T04:04:23.610227+00:00] main.INFO: Broken reference: the 'menu' element cannot be added as child to 'page.menu', because the latter doesn't exist [] []
[2025-05-02T04:04:23.610377+00:00] main.INFO: Broken reference: the 'breadcrumbs' element cannot be added as child to 'page.breadcrumbs', because the latter doesn't exist [] []
[2025-05-02T04:04:23.610526+00:00] main.INFO: Broken reference: the 'formkey' element cannot be added as child to 'page.formkey', because the latter doesn't exist [] []
[2025-05-02T04:04:23.610674+00:00] main.INFO: Broken reference: the 'page.title' element cannot be added as child to 'main.top', because the latter doesn't exist [] []
[2025-05-02T04:04:23.610822+00:00] main.INFO: Broken reference: the 'messages' element cannot be added as child to 'page.messages', because the latter doesn't exist [] []
[2025-05-02T04:04:23.610970+00:00] main.INFO: Broken reference: the 'page.actions.toolbar' element cannot be added as child to 'page.main.actions', because the latter doesn't exist [] []
[2025-05-02T04:04:23.611125+00:00] main.INFO: Broken reference: the 'legal' element cannot be added as child to 'footer', because the latter doesn't exist [] []
[2025-05-02T04:04:23.611347+00:00] main.INFO: Broken reference: the 'header.inner.left' element cannot be added as child to 'header', because the latter doesn't exist [] []
[2025-05-02T04:04:23.611550+00:00] main.INFO: Broken reference: the 'header.inner.right' element cannot be added as child to 'header', because the latter doesn't exist [] []
[2025-05-02T04:04:23.611748+00:00] main.INFO: Broken reference: the 'user' tries to reorder itself towards '', but their parents are different: 'header' and '' respectively. [] []
[2025-05-02T04:04:23.611905+00:00] main.INFO: Broken reference: the 'notification.messages' tries to reorder itself towards 'user', but their parents are different: 'header' and '' respectively. [] []
[2025-05-02T04:04:23.612105+00:00] main.INFO: Broken reference: the 'logo' tries to reorder itself towards '', but their parents are different: 'header' and '' respectively. [] []
[2025-05-02T04:04:23.612255+00:00] main.INFO: Broken reference: the 'global.search' tries to reorder itself towards 'logo', but their parents are different: 'header' and '' respectively. [] []
[2025-05-02T04:04:23.612404+00:00] main.INFO: Broken reference: the 'page.actions.toolbar' tries to reorder itself towards '', but their parents are different: 'page.main.actions' and '' respectively. [] []
[2025-05-02T04:04:23.612579+00:00] main.INFO: Broken reference: the 'header.inner.left' tries to reorder itself towards '', but their parents are different: 'header' and '' respectively. [] []
[2025-05-02T04:04:23.612734+00:00] main.INFO: Broken reference: the 'header.inner.right' tries to reorder itself towards 'header.inner.left', but their parents are different: 'header' and '' respectively. [] []
[2025-05-02T04:04:23.612894+00:00] main.INFO: Broken reference: the 'notification.messages' tries to reorder itself towards 'user', but their parents are different: 'header.inner.right' and '' respectively. [] []
[2025-05-02T04:04:24.000610+00:00] main.ERROR: Requested path adminhtml/Magento/backend/pt_BR/Magento_ReCaptchaUser/css/recaptcha.css is wrong. [] []
[2025-05-02T04:04:24.001294+00:00] main.CRITICAL: Requested path adminhtml/Magento/backend/pt_BR/Magento_ReCaptchaUser/css/recaptcha.css is wrong. [] []
[2025-05-02T04:04:24.013257+00:00] main.ERROR: Requested path adminhtml/Magento/backend/pt_BR/jquery/uppy/dist/uppy-custom.css is wrong. [] []
[2025-05-02T04:04:24.014255+00:00] main.CRITICAL: Requested path adminhtml/Magento/backend/pt_BR/jquery/uppy/dist/uppy-custom.css is wrong. [] []
[2025-05-02T04:04:24.015832+00:00] main.ERROR: Requested path adminhtml/Magento/backend/pt_BR/css/styles.css is wrong. [] []
[2025-05-02T04:04:24.016590+00:00] main.CRITICAL: Requested path adminhtml/Magento/backend/pt_BR/css/styles.css is wrong. [] []
[2025-05-02T04:04:24.016383+00:00] main.ERROR: Requested path adminhtml/Magento/backend/pt_BR/requirejs/require.js is wrong. [] []
[2025-05-02T04:04:24.016382+00:00] main.ERROR: Requested path adminhtml/Magento/backend/pt_BR/mage/requirejs/mixins.js is wrong. [] []
[2025-05-02T04:04:24.017109+00:00] main.CRITICAL: Requested path adminhtml/Magento/backend/pt_BR/requirejs/require.js is wrong. [] []
[2025-05-02T04:04:24.017310+00:00] main.CRITICAL: Requested path adminhtml/Magento/backend/pt_BR/mage/requirejs/mixins.js is wrong. [] []
[2025-05-02T04:04:24.033746+00:00] main.ERROR: Requested path adminhtml/Magento/backend/pt_BR/jquery/jstree/themes/default/style.css is wrong. [] []
[2025-05-02T04:04:24.034441+00:00] main.CRITICAL: Requested path adminhtml/Magento/backend/pt_BR/jquery/jstree/themes/default/style.css is wrong. [] []
[2025-05-02T04:04:24.242933+00:00] main.ERROR: Requested path adminhtml/Magento/backend/pt_BR/images/magento-logo.svg is wrong. [] []
[2025-05-02T04:04:24.243620+00:00] main.CRITICAL: Requested path adminhtml/Magento/backend/pt_BR/images/magento-logo.svg is wrong. [] []
[2025-05-02T04:04:24.253448+00:00] main.ERROR: Requested path adminhtml/Magento/backend/pt_BR/Magento_Captcha/reload.png is wrong. [] []
[2025-05-02T04:04:24.254113+00:00] main.CRITICAL: Requested path adminhtml/Magento/backend/pt_BR/Magento_Captcha/reload.png is wrong. [] []
[2025-05-02T04:04:29.944657+00:00] main.INFO: Broken reference: the 'tracking' element cannot be added as child to 'header', because the latter doesn't exist [] []
[2025-05-02T04:04:29.945309+00:00] main.INFO: Broken reference: the 'notification_area' element cannot be added as child to 'notifications', because the latter doesn't exist [] []
[2025-05-02T04:04:29.945493+00:00] main.INFO: Broken reference: the 'unread_system_messages' element cannot be added as child to 'notifications', because the latter doesn't exist [] []
[2025-05-02T04:04:29.945656+00:00] main.INFO: Broken reference: the 'notification_window' element cannot be added as child to 'notifications', because the latter doesn't exist [] []
[2025-05-02T04:04:29.945846+00:00] main.INFO: Broken reference: the 'notification.messages' element cannot be added as child to 'header', because the latter doesn't exist [] []
[2025-05-02T04:04:29.946010+00:00] main.INFO: Broken reference: the 'global_notices' element cannot be added as child to 'global.notices', because the latter doesn't exist [] []
[2025-05-02T04:04:29.946163+00:00] main.INFO: Broken reference: the 'logo' element cannot be added as child to 'header', because the latter doesn't exist [] []
[2025-05-02T04:04:29.946315+00:00] main.INFO: Broken reference: the 'global.search' element cannot be added as child to 'header', because the latter doesn't exist [] []
[2025-05-02T04:04:29.946468+00:00] main.INFO: Broken reference: the 'user' element cannot be added as child to 'header', because the latter doesn't exist [] []
[2025-05-02T04:04:29.946618+00:00] main.INFO: Broken reference: the 'menu' element cannot be added as child to 'page.menu', because the latter doesn't exist [] []
[2025-05-02T04:04:29.946769+00:00] main.INFO: Broken reference: the 'breadcrumbs' element cannot be added as child to 'page.breadcrumbs', because the latter doesn't exist [] []
[2025-05-02T04:04:29.946917+00:00] main.INFO: Broken reference: the 'formkey' element cannot be added as child to 'page.formkey', because the latter doesn't exist [] []
[2025-05-02T04:04:29.947065+00:00] main.INFO: Broken reference: the 'page.title' element cannot be added as child to 'main.top', because the latter doesn't exist [] []
[2025-05-02T04:04:29.947213+00:00] main.INFO: Broken reference: the 'messages' element cannot be added as child to 'page.messages', because the latter doesn't exist [] []
[2025-05-02T04:04:29.947360+00:00] main.INFO: Broken reference: the 'page.actions.toolbar' element cannot be added as child to 'page.main.actions', because the latter doesn't exist [] []
[2025-05-02T04:04:29.947513+00:00] main.INFO: Broken reference: the 'legal' element cannot be added as child to 'footer', because the latter doesn't exist [] []
[2025-05-02T04:04:29.947744+00:00] main.INFO: Broken reference: the 'header.inner.left' element cannot be added as child to 'header', because the latter doesn't exist [] []
[2025-05-02T04:04:29.947907+00:00] main.INFO: Broken reference: the 'header.inner.right' element cannot be added as child to 'header', because the latter doesn't exist [] []
[2025-05-02T04:04:29.948105+00:00] main.INFO: Broken reference: the 'user' tries to reorder itself towards '', but their parents are different: 'header' and '' respectively. [] []
[2025-05-02T04:04:29.948260+00:00] main.INFO: Broken reference: the 'notification.messages' tries to reorder itself towards 'user', but their parents are different: 'header' and '' respectively. [] []
[2025-05-02T04:04:29.948409+00:00] main.INFO: Broken reference: the 'logo' tries to reorder itself towards '', but their parents are different: 'header' and '' respectively. [] []
[2025-05-02T04:04:29.948558+00:00] main.INFO: Broken reference: the 'global.search' tries to reorder itself towards 'logo', but their parents are different: 'header' and '' respectively. [] []
[2025-05-02T04:04:29.948705+00:00] main.INFO: Broken reference: the 'page.actions.toolbar' tries to reorder itself towards '', but their parents are different: 'page.main.actions' and '' respectively. [] []
[2025-05-02T04:04:29.948878+00:00] main.INFO: Broken reference: the 'header.inner.left' tries to reorder itself towards '', but their parents are different: 'header' and '' respectively. [] []
[2025-05-02T04:04:29.949065+00:00] main.INFO: Broken reference: the 'header.inner.right' tries to reorder itself towards 'header.inner.left', but their parents are different: 'header' and '' respectively. [] []
[2025-05-02T04:04:29.949231+00:00] main.INFO: Broken reference: the 'notification.messages' tries to reorder itself towards 'user', but their parents are different: 'header.inner.right' and '' respectively. [] []
[2025-05-02T04:04:30.287371+00:00] main.ERROR: Requested path adminhtml/Magento/backend/pt_BR/requirejs/require.js is wrong. [] []
[2025-05-02T04:04:30.288052+00:00] main.CRITICAL: Requested path adminhtml/Magento/backend/pt_BR/requirejs/require.js is wrong. [] []
[2025-05-02T04:04:30.287994+00:00] main.ERROR: Requested path adminhtml/Magento/backend/pt_BR/jquery/uppy/dist/uppy-custom.css is wrong. [] []
[2025-05-02T04:04:30.288599+00:00] main.CRITICAL: Requested path adminhtml/Magento/backend/pt_BR/jquery/uppy/dist/uppy-custom.css is wrong. [] []
[2025-05-02T04:04:30.288504+00:00] main.ERROR: Requested path adminhtml/Magento/backend/pt_BR/jquery/jstree/themes/default/style.css is wrong. [] []
[2025-05-02T04:04:30.289109+00:00] main.CRITICAL: Requested path adminhtml/Magento/backend/pt_BR/jquery/jstree/themes/default/style.css is wrong. [] []
[2025-05-02T04:04:30.294310+00:00] main.ERROR: Requested path adminhtml/Magento/backend/pt_BR/mage/requirejs/mixins.js is wrong. [] []
[2025-05-02T04:04:30.295161+00:00] main.CRITICAL: Requested path adminhtml/Magento/backend/pt_BR/mage/requirejs/mixins.js is wrong. [] []
[2025-05-02T04:04:30.299012+00:00] main.ERROR: Requested path adminhtml/Magento/backend/pt_BR/css/styles.css is wrong. [] []
[2025-05-02T04:04:30.299676+00:00] main.CRITICAL: Requested path adminhtml/Magento/backend/pt_BR/css/styles.css is wrong. [] []
[2025-05-02T04:04:30.318672+00:00] main.ERROR: Requested path adminhtml/Magento/backend/pt_BR/Magento_ReCaptchaUser/css/recaptcha.css is wrong. [] []
[2025-05-02T04:04:30.319324+00:00] main.CRITICAL: Requested path adminhtml/Magento/backend/pt_BR/Magento_ReCaptchaUser/css/recaptcha.css is wrong. [] []
[2025-05-02T04:04:30.519388+00:00] main.ERROR: Requested path adminhtml/Magento/backend/pt_BR/images/magento-logo.svg is wrong. [] []
[2025-05-02T04:04:30.520033+00:00] main.CRITICAL: Requested path adminhtml/Magento/backend/pt_BR/images/magento-logo.svg is wrong. [] []
[2025-05-02T04:12:06.075986+00:00] main.ERROR: Requested path adminhtml/Magento/backend/pt_BR/Magento_ReCaptchaUser/css/recaptcha.css is wrong. [] []
[2025-05-02T04:12:06.077044+00:00] main.CRITICAL: Requested path adminhtml/Magento/backend/pt_BR/css/styles.css is wrong. [] []
[2025-05-02T04:12:06.077063+00:00] main.CRITICAL: Requested path adminhtml/Magento/backend/pt_BR/Magento_ReCaptchaUser/css/recaptcha.css is wrong. [] []
[2025-05-02T04:12:06.076607+00:00] main.ERROR: Requested path adminhtml/Magento/backend/pt_BR/jquery/uppy/dist/uppy-custom.css is wrong. [] []
[2025-05-02T04:12:06.076608+00:00] main.ERROR: Requested path adminhtml/Magento/backend/pt_BR/jquery/jstree/themes/default/style.css is wrong. [] []
[2025-05-02T04:12:06.077553+00:00] main.CRITICAL: Requested path adminhtml/Magento/backend/pt_BR/jquery/uppy/dist/uppy-custom.css is wrong. [] []
[2025-05-02T04:12:06.077595+00:00] main.CRITICAL: Requested path adminhtml/Magento/backend/pt_BR/jquery/jstree/themes/default/style.css is wrong. [] []
[2025-05-02T04:12:28.533710+00:00] main.ERROR: Requested path adminhtml/Magento/backend/pt_BR/jquery/uppy/dist/uppy-custom.css is wrong. [] []
[2025-05-02T04:12:28.534410+00:00] main.CRITICAL: Requested path adminhtml/Magento/backend/pt_BR/jquery/uppy/dist/uppy-custom.css is wrong. [] []
[2025-05-02T04:19:44.716751+00:00] main.INFO: Broken reference: the 'tracking' element cannot be added as child to 'header', because the latter doesn't exist [] []
[2025-05-02T04:19:44.717778+00:00] main.INFO: Broken reference: the 'notification_area' element cannot be added as child to 'notifications', because the latter doesn't exist [] []
[2025-05-02T04:19:44.717999+00:00] main.INFO: Broken reference: the 'unread_system_messages' element cannot be added as child to 'notifications', because the latter doesn't exist [] []
[2025-05-02T04:19:44.718168+00:00] main.INFO: Broken reference: the 'notification_window' element cannot be added as child to 'notifications', because the latter doesn't exist [] []
[2025-05-02T04:19:44.718329+00:00] main.INFO: Broken reference: the 'notification.messages' element cannot be added as child to 'header', because the latter doesn't exist [] []
[2025-05-02T04:19:44.718534+00:00] main.INFO: Broken reference: the 'global_notices' element cannot be added as child to 'global.notices', because the latter doesn't exist [] []
[2025-05-02T04:19:44.718691+00:00] main.INFO: Broken reference: the 'logo' element cannot be added as child to 'header', because the latter doesn't exist [] []
[2025-05-02T04:19:44.718844+00:00] main.INFO: Broken reference: the 'global.search' element cannot be added as child to 'header', because the latter doesn't exist [] []
[2025-05-02T04:19:44.718998+00:00] main.INFO: Broken reference: the 'user' element cannot be added as child to 'header', because the latter doesn't exist [] []
[2025-05-02T04:19:44.719150+00:00] main.INFO: Broken reference: the 'menu' element cannot be added as child to 'page.menu', because the latter doesn't exist [] []
[2025-05-02T04:19:44.719301+00:00] main.INFO: Broken reference: the 'breadcrumbs' element cannot be added as child to 'page.breadcrumbs', because the latter doesn't exist [] []
[2025-05-02T04:19:44.719452+00:00] main.INFO: Broken reference: the 'formkey' element cannot be added as child to 'page.formkey', because the latter doesn't exist [] []
[2025-05-02T04:19:44.719601+00:00] main.INFO: Broken reference: the 'page.title' element cannot be added as child to 'main.top', because the latter doesn't exist [] []
[2025-05-02T04:19:44.719751+00:00] main.INFO: Broken reference: the 'messages' element cannot be added as child to 'page.messages', because the latter doesn't exist [] []
[2025-05-02T04:19:44.719900+00:00] main.INFO: Broken reference: the 'page.actions.toolbar' element cannot be added as child to 'page.main.actions', because the latter doesn't exist [] []
[2025-05-02T04:19:44.720050+00:00] main.INFO: Broken reference: the 'legal' element cannot be added as child to 'footer', because the latter doesn't exist [] []
[2025-05-02T04:19:44.720271+00:00] main.INFO: Broken reference: the 'header.inner.left' element cannot be added as child to 'header', because the latter doesn't exist [] []
[2025-05-02T04:19:44.720429+00:00] main.INFO: Broken reference: the 'header.inner.right' element cannot be added as child to 'header', because the latter doesn't exist [] []
[2025-05-02T04:19:44.720628+00:00] main.INFO: Broken reference: the 'user' tries to reorder itself towards '', but their parents are different: 'header' and '' respectively. [] []
[2025-05-02T04:19:44.720783+00:00] main.INFO: Broken reference: the 'notification.messages' tries to reorder itself towards 'user', but their parents are different: 'header' and '' respectively. [] []
[2025-05-02T04:19:44.720935+00:00] main.INFO: Broken reference: the 'logo' tries to reorder itself towards '', but their parents are different: 'header' and '' respectively. [] []
[2025-05-02T04:19:44.721085+00:00] main.INFO: Broken reference: the 'global.search' tries to reorder itself towards 'logo', but their parents are different: 'header' and '' respectively. [] []
[2025-05-02T04:19:44.721235+00:00] main.INFO: Broken reference: the 'page.actions.toolbar' tries to reorder itself towards '', but their parents are different: 'page.main.actions' and '' respectively. [] []
[2025-05-02T04:19:44.721412+00:00] main.INFO: Broken reference: the 'header.inner.left' tries to reorder itself towards '', but their parents are different: 'header' and '' respectively. [] []
[2025-05-02T04:19:44.721566+00:00] main.INFO: Broken reference: the 'header.inner.right' tries to reorder itself towards 'header.inner.left', but their parents are different: 'header' and '' respectively. [] []
[2025-05-02T04:19:44.721767+00:00] main.INFO: Broken reference: the 'notification.messages' tries to reorder itself towards 'user', but their parents are different: 'header.inner.right' and '' respectively. [] []
[2025-05-02T04:19:45.105443+00:00] main.ERROR: Requested path adminhtml/Magento/backend/pt_BR/jquery/uppy/dist/uppy-custom.css is wrong. [] []
[2025-05-02T04:19:45.106415+00:00] main.CRITICAL: Requested path adminhtml/Magento/backend/pt_BR/jquery/uppy/dist/uppy-custom.css is wrong. [] []
[2025-05-02T04:19:45.192009+00:00] main.ERROR: Requested path adminhtml/Magento/backend/pt_BR/Magento_ReCaptchaUser/css/recaptcha.css is wrong. [] []
[2025-05-02T04:19:45.192959+00:00] main.CRITICAL: Requested path adminhtml/Magento/backend/pt_BR/Magento_ReCaptchaUser/css/recaptcha.css is wrong. [] []
[2025-05-02T04:19:45.213376+00:00] main.ERROR: Requested path adminhtml/Magento/backend/pt_BR/requirejs/require.js is wrong. [] []
[2025-05-02T04:19:45.214666+00:00] main.CRITICAL: Requested path adminhtml/Magento/backend/pt_BR/requirejs/require.js is wrong. [] []
[2025-05-02T04:19:45.217086+00:00] main.ERROR: Requested path adminhtml/Magento/backend/pt_BR/css/styles.css is wrong. [] []
[2025-05-02T04:19:45.217115+00:00] main.ERROR: Requested path adminhtml/Magento/backend/pt_BR/jquery/jstree/themes/default/style.css is wrong. [] []
[2025-05-02T04:19:45.218063+00:00] main.CRITICAL: Requested path adminhtml/Magento/backend/pt_BR/css/styles.css is wrong. [] []
[2025-05-02T04:19:45.218157+00:00] main.CRITICAL: Requested path adminhtml/Magento/backend/pt_BR/jquery/jstree/themes/default/style.css is wrong. [] []
[2025-05-02T04:19:45.222888+00:00] main.ERROR: Requested path adminhtml/Magento/backend/pt_BR/mage/requirejs/mixins.js is wrong. [] []
[2025-05-02T04:19:45.224056+00:00] main.CRITICAL: Requested path adminhtml/Magento/backend/pt_BR/mage/requirejs/mixins.js is wrong. [] []
[2025-05-02T04:19:45.403892+00:00] main.ERROR: Requested path adminhtml/Magento/backend/pt_BR/images/magento-logo.svg is wrong. [] []
[2025-05-02T04:19:45.404570+00:00] main.CRITICAL: Requested path adminhtml/Magento/backend/pt_BR/images/magento-logo.svg is wrong. [] []
[2025-05-02T04:19:56.867736+00:00] main.INFO: Broken reference: the 'tracking' element cannot be added as child to 'header', because the latter doesn't exist [] []
[2025-05-02T04:19:56.868347+00:00] main.INFO: Broken reference: the 'notification_area' element cannot be added as child to 'notifications', because the latter doesn't exist [] []
[2025-05-02T04:19:56.868527+00:00] main.INFO: Broken reference: the 'unread_system_messages' element cannot be added as child to 'notifications', because the latter doesn't exist [] []
[2025-05-02T04:19:56.868689+00:00] main.INFO: Broken reference: the 'notification_window' element cannot be added as child to 'notifications', because the latter doesn't exist [] []
[2025-05-02T04:19:56.868847+00:00] main.INFO: Broken reference: the 'notification.messages' element cannot be added as child to 'header', because the latter doesn't exist [] []
[2025-05-02T04:19:56.869007+00:00] main.INFO: Broken reference: the 'global_notices' element cannot be added as child to 'global.notices', because the latter doesn't exist [] []
[2025-05-02T04:19:56.869160+00:00] main.INFO: Broken reference: the 'logo' element cannot be added as child to 'header', because the latter doesn't exist [] []
[2025-05-02T04:19:56.869312+00:00] main.INFO: Broken reference: the 'global.search' element cannot be added as child to 'header', because the latter doesn't exist [] []
[2025-05-02T04:19:56.869464+00:00] main.INFO: Broken reference: the 'user' element cannot be added as child to 'header', because the latter doesn't exist [] []
[2025-05-02T04:19:56.869614+00:00] main.INFO: Broken reference: the 'menu' element cannot be added as child to 'page.menu', because the latter doesn't exist [] []
[2025-05-02T04:19:56.869764+00:00] main.INFO: Broken reference: the 'breadcrumbs' element cannot be added as child to 'page.breadcrumbs', because the latter doesn't exist [] []
[2025-05-02T04:19:56.869949+00:00] main.INFO: Broken reference: the 'formkey' element cannot be added as child to 'page.formkey', because the latter doesn't exist [] []
[2025-05-02T04:19:56.870105+00:00] main.INFO: Broken reference: the 'page.title' element cannot be added as child to 'main.top', because the latter doesn't exist [] []
[2025-05-02T04:19:56.870256+00:00] main.INFO: Broken reference: the 'messages' element cannot be added as child to 'page.messages', because the latter doesn't exist [] []
[2025-05-02T04:19:56.870437+00:00] main.INFO: Broken reference: the 'page.actions.toolbar' element cannot be added as child to 'page.main.actions', because the latter doesn't exist [] []
[2025-05-02T04:19:56.870588+00:00] main.INFO: Broken reference: the 'legal' element cannot be added as child to 'footer', because the latter doesn't exist [] []
[2025-05-02T04:19:56.870805+00:00] main.INFO: Broken reference: the 'header.inner.left' element cannot be added as child to 'header', because the latter doesn't exist [] []
[2025-05-02T04:19:56.870964+00:00] main.INFO: Broken reference: the 'header.inner.right' element cannot be added as child to 'header', because the latter doesn't exist [] []
[2025-05-02T04:19:56.871157+00:00] main.INFO: Broken reference: the 'user' tries to reorder itself towards '', but their parents are different: 'header' and '' respectively. [] []
[2025-05-02T04:19:56.871313+00:00] main.INFO: Broken reference: the 'notification.messages' tries to reorder itself towards 'user', but their parents are different: 'header' and '' respectively. [] []
[2025-05-02T04:19:56.871466+00:00] main.INFO: Broken reference: the 'logo' tries to reorder itself towards '', but their parents are different: 'header' and '' respectively. [] []
[2025-05-02T04:19:56.871615+00:00] main.INFO: Broken reference: the 'global.search' tries to reorder itself towards 'logo', but their parents are different: 'header' and '' respectively. [] []
[2025-05-02T04:19:56.871763+00:00] main.INFO: Broken reference: the 'page.actions.toolbar' tries to reorder itself towards '', but their parents are different: 'page.main.actions' and '' respectively. [] []
[2025-05-02T04:19:56.871935+00:00] main.INFO: Broken reference: the 'header.inner.left' tries to reorder itself towards '', but their parents are different: 'header' and '' respectively. [] []
[2025-05-02T04:19:56.872089+00:00] main.INFO: Broken reference: the 'header.inner.right' tries to reorder itself towards 'header.inner.left', but their parents are different: 'header' and '' respectively. [] []
[2025-05-02T04:19:56.872245+00:00] main.INFO: Broken reference: the 'notification.messages' tries to reorder itself towards 'user', but their parents are different: 'header.inner.right' and '' respectively. [] []
[2025-05-02T04:19:57.232852+00:00] main.ERROR: Requested path adminhtml/Magento/backend/pt_BR/jquery/uppy/dist/uppy-custom.css is wrong. [] []
[2025-05-02T04:19:57.232698+00:00] main.ERROR: Requested path adminhtml/Magento/backend/pt_BR/css/styles.css is wrong. [] []
[2025-05-02T04:19:57.233588+00:00] main.CRITICAL: Requested path adminhtml/Magento/backend/pt_BR/jquery/uppy/dist/uppy-custom.css is wrong. [] []
[2025-05-02T04:19:57.233683+00:00] main.CRITICAL: Requested path adminhtml/Magento/backend/pt_BR/css/styles.css is wrong. [] []
[2025-05-02T04:19:57.234125+00:00] main.ERROR: Requested path adminhtml/Magento/backend/pt_BR/jquery/jstree/themes/default/style.css is wrong. [] []
[2025-05-02T04:19:57.234929+00:00] main.CRITICAL: Requested path adminhtml/Magento/backend/pt_BR/jquery/jstree/themes/default/style.css is wrong. [] []
[2025-05-02T04:19:57.237795+00:00] main.ERROR: Requested path adminhtml/Magento/backend/pt_BR/mage/requirejs/mixins.js is wrong. [] []
[2025-05-02T04:19:57.238537+00:00] main.CRITICAL: Requested path adminhtml/Magento/backend/pt_BR/mage/requirejs/mixins.js is wrong. [] []
[2025-05-02T04:19:57.245438+00:00] main.ERROR: Requested path adminhtml/Magento/backend/pt_BR/Magento_ReCaptchaUser/css/recaptcha.css is wrong. [] []
[2025-05-02T04:19:57.246111+00:00] main.CRITICAL: Requested path adminhtml/Magento/backend/pt_BR/Magento_ReCaptchaUser/css/recaptcha.css is wrong. [] []
[2025-05-02T04:19:57.247608+00:00] main.ERROR: Requested path adminhtml/Magento/backend/pt_BR/requirejs/require.js is wrong. [] []
[2025-05-02T04:19:57.248527+00:00] main.CRITICAL: Requested path adminhtml/Magento/backend/pt_BR/requirejs/require.js is wrong. [] []
[2025-05-02T04:19:57.458502+00:00] main.ERROR: Requested path adminhtml/Magento/backend/pt_BR/images/magento-logo.svg is wrong. [] []
[2025-05-02T04:19:57.459217+00:00] main.CRITICAL: Requested path adminhtml/Magento/backend/pt_BR/images/magento-logo.svg is wrong. [] []
[2025-05-02T04:20:03.569347+00:00] main.ERROR: Requested path adminhtml/Magento/backend/pt_BR/Magento_ReCaptchaUser/css/recaptcha.css is wrong. [] []
[2025-05-02T04:20:03.570066+00:00] main.CRITICAL: Requested path adminhtml/Magento/backend/pt_BR/Magento_ReCaptchaUser/css/recaptcha.css is wrong. [] []
[2025-05-02T04:20:03.580337+00:00] main.ERROR: Requested path adminhtml/Magento/backend/pt_BR/css/styles.css is wrong. [] []
[2025-05-02T04:20:03.580560+00:00] main.ERROR: Requested path adminhtml/Magento/backend/pt_BR/jquery/uppy/dist/uppy-custom.css is wrong. [] []
[2025-05-02T04:20:03.581079+00:00] main.CRITICAL: Requested path adminhtml/Magento/backend/pt_BR/css/styles.css is wrong. [] []
[2025-05-02T04:20:03.581302+00:00] main.CRITICAL: Requested path adminhtml/Magento/backend/pt_BR/jquery/uppy/dist/uppy-custom.css is wrong. [] []
[2025-05-02T04:20:03.587267+00:00] main.ERROR: Requested path adminhtml/Magento/backend/pt_BR/jquery/jstree/themes/default/style.css is wrong. [] []
[2025-05-02T04:20:03.587942+00:00] main.CRITICAL: Requested path adminhtml/Magento/backend/pt_BR/jquery/jstree/themes/default/style.css is wrong. [] []
[2025-05-02T04:20:29.021739+00:00] main.INFO: Broken reference: the 'tracking' element cannot be added as child to 'header', because the latter doesn't exist [] []
[2025-05-02T04:20:29.022385+00:00] main.INFO: Broken reference: the 'notification_area' element cannot be added as child to 'notifications', because the latter doesn't exist [] []
[2025-05-02T04:20:29.022598+00:00] main.INFO: Broken reference: the 'unread_system_messages' element cannot be added as child to 'notifications', because the latter doesn't exist [] []
[2025-05-02T04:20:29.022764+00:00] main.INFO: Broken reference: the 'notification_window' element cannot be added as child to 'notifications', because the latter doesn't exist [] []
[2025-05-02T04:20:29.022923+00:00] main.INFO: Broken reference: the 'notification.messages' element cannot be added as child to 'header', because the latter doesn't exist [] []
[2025-05-02T04:20:29.023085+00:00] main.INFO: Broken reference: the 'global_notices' element cannot be added as child to 'global.notices', because the latter doesn't exist [] []
[2025-05-02T04:20:29.023240+00:00] main.INFO: Broken reference: the 'logo' element cannot be added as child to 'header', because the latter doesn't exist [] []
[2025-05-02T04:20:29.023397+00:00] main.INFO: Broken reference: the 'global.search' element cannot be added as child to 'header', because the latter doesn't exist [] []
[2025-05-02T04:20:29.023550+00:00] main.INFO: Broken reference: the 'user' element cannot be added as child to 'header', because the latter doesn't exist [] []
[2025-05-02T04:20:29.023704+00:00] main.INFO: Broken reference: the 'menu' element cannot be added as child to 'page.menu', because the latter doesn't exist [] []
[2025-05-02T04:20:29.023855+00:00] main.INFO: Broken reference: the 'breadcrumbs' element cannot be added as child to 'page.breadcrumbs', because the latter doesn't exist [] []
[2025-05-02T04:20:29.024006+00:00] main.INFO: Broken reference: the 'formkey' element cannot be added as child to 'page.formkey', because the latter doesn't exist [] []
[2025-05-02T04:20:29.024158+00:00] main.INFO: Broken reference: the 'page.title' element cannot be added as child to 'main.top', because the latter doesn't exist [] []
[2025-05-02T04:20:29.024308+00:00] main.INFO: Broken reference: the 'messages' element cannot be added as child to 'page.messages', because the latter doesn't exist [] []
[2025-05-02T04:20:29.024497+00:00] main.INFO: Broken reference: the 'page.actions.toolbar' element cannot be added as child to 'page.main.actions', because the latter doesn't exist [] []
[2025-05-02T04:20:29.024656+00:00] main.INFO: Broken reference: the 'legal' element cannot be added as child to 'footer', because the latter doesn't exist [] []
[2025-05-02T04:20:29.024877+00:00] main.INFO: Broken reference: the 'header.inner.left' element cannot be added as child to 'header', because the latter doesn't exist [] []
[2025-05-02T04:20:29.025069+00:00] main.INFO: Broken reference: the 'header.inner.right' element cannot be added as child to 'header', because the latter doesn't exist [] []
[2025-05-02T04:20:29.025273+00:00] main.INFO: Broken reference: the 'user' tries to reorder itself towards '', but their parents are different: 'header' and '' respectively. [] []
[2025-05-02T04:20:29.025435+00:00] main.INFO: Broken reference: the 'notification.messages' tries to reorder itself towards 'user', but their parents are different: 'header' and '' respectively. [] []
[2025-05-02T04:20:29.025589+00:00] main.INFO: Broken reference: the 'logo' tries to reorder itself towards '', but their parents are different: 'header' and '' respectively. [] []
[2025-05-02T04:20:29.025740+00:00] main.INFO: Broken reference: the 'global.search' tries to reorder itself towards 'logo', but their parents are different: 'header' and '' respectively. [] []
[2025-05-02T04:20:29.025891+00:00] main.INFO: Broken reference: the 'page.actions.toolbar' tries to reorder itself towards '', but their parents are different: 'page.main.actions' and '' respectively. [] []
[2025-05-02T04:20:29.026066+00:00] main.INFO: Broken reference: the 'header.inner.left' tries to reorder itself towards '', but their parents are different: 'header' and '' respectively. [] []
[2025-05-02T04:20:29.026221+00:00] main.INFO: Broken reference: the 'header.inner.right' tries to reorder itself towards 'header.inner.left', but their parents are different: 'header' and '' respectively. [] []
[2025-05-02T04:20:29.026385+00:00] main.INFO: Broken reference: the 'notification.messages' tries to reorder itself towards 'user', but their parents are different: 'header.inner.right' and '' respectively. [] []
[2025-05-02T04:20:29.417425+00:00] main.ERROR: Requested path adminhtml/Magento/backend/pt_BR/jquery/uppy/dist/uppy-custom.css is wrong. [] []
[2025-05-02T04:20:29.418389+00:00] main.CRITICAL: Requested path adminhtml/Magento/backend/pt_BR/jquery/uppy/dist/uppy-custom.css is wrong. [] []
[2025-05-02T04:20:29.418291+00:00] main.ERROR: Requested path adminhtml/Magento/backend/pt_BR/Magento_ReCaptchaUser/css/recaptcha.css is wrong. [] []
[2025-05-02T04:20:29.418918+00:00] main.CRITICAL: Requested path adminhtml/Magento/backend/pt_BR/Magento_ReCaptchaUser/css/recaptcha.css is wrong. [] []
[2025-05-02T04:20:29.421040+00:00] main.ERROR: Requested path adminhtml/Magento/backend/pt_BR/jquery/jstree/themes/default/style.css is wrong. [] []
[2025-05-02T04:20:29.422014+00:00] main.CRITICAL: Requested path adminhtml/Magento/backend/pt_BR/jquery/jstree/themes/default/style.css is wrong. [] []
[2025-05-02T04:20:29.426477+00:00] main.ERROR: Requested path adminhtml/Magento/backend/pt_BR/requirejs/require.js is wrong. [] []
[2025-05-02T04:20:29.426618+00:00] main.ERROR: Requested path adminhtml/Magento/backend/pt_BR/mage/requirejs/mixins.js is wrong. [] []
[2025-05-02T04:20:29.427282+00:00] main.CRITICAL: Requested path adminhtml/Magento/backend/pt_BR/requirejs/require.js is wrong. [] []
[2025-05-02T04:20:29.427300+00:00] main.CRITICAL: Requested path adminhtml/Magento/backend/pt_BR/mage/requirejs/mixins.js is wrong. [] []
[2025-05-02T04:20:29.426811+00:00] main.ERROR: Requested path adminhtml/Magento/backend/pt_BR/css/styles.css is wrong. [] []
[2025-05-02T04:20:29.427703+00:00] main.CRITICAL: Requested path adminhtml/Magento/backend/pt_BR/css/styles.css is wrong. [] []
[2025-05-02T04:20:29.673293+00:00] main.ERROR: Requested path adminhtml/Magento/backend/pt_BR/images/magento-logo.svg is wrong. [] []
[2025-05-02T04:20:29.673997+00:00] main.CRITICAL: Requested path adminhtml/Magento/backend/pt_BR/images/magento-logo.svg is wrong. [] []
[2025-05-02T04:20:32.862714+00:00] main.INFO: Broken reference: the 'tracking' element cannot be added as child to 'header', because the latter doesn't exist [] []
[2025-05-02T04:20:32.863328+00:00] main.INFO: Broken reference: the 'notification_area' element cannot be added as child to 'notifications', because the latter doesn't exist [] []
[2025-05-02T04:20:32.863539+00:00] main.INFO: Broken reference: the 'unread_system_messages' element cannot be added as child to 'notifications', because the latter doesn't exist [] []
[2025-05-02T04:20:32.863705+00:00] main.INFO: Broken reference: the 'notification_window' element cannot be added as child to 'notifications', because the latter doesn't exist [] []
[2025-05-02T04:20:32.863862+00:00] main.INFO: Broken reference: the 'notification.messages' element cannot be added as child to 'header', because the latter doesn't exist [] []
[2025-05-02T04:20:32.864024+00:00] main.INFO: Broken reference: the 'global_notices' element cannot be added as child to 'global.notices', because the latter doesn't exist [] []
[2025-05-02T04:20:32.864178+00:00] main.INFO: Broken reference: the 'logo' element cannot be added as child to 'header', because the latter doesn't exist [] []
[2025-05-02T04:20:32.864331+00:00] main.INFO: Broken reference: the 'global.search' element cannot be added as child to 'header', because the latter doesn't exist [] []
[2025-05-02T04:20:32.864483+00:00] main.INFO: Broken reference: the 'user' element cannot be added as child to 'header', because the latter doesn't exist [] []
[2025-05-02T04:20:32.864633+00:00] main.INFO: Broken reference: the 'menu' element cannot be added as child to 'page.menu', because the latter doesn't exist [] []
[2025-05-02T04:20:32.864782+00:00] main.INFO: Broken reference: the 'breadcrumbs' element cannot be added as child to 'page.breadcrumbs', because the latter doesn't exist [] []
[2025-05-02T04:20:32.864931+00:00] main.INFO: Broken reference: the 'formkey' element cannot be added as child to 'page.formkey', because the latter doesn't exist [] []
[2025-05-02T04:20:32.865081+00:00] main.INFO: Broken reference: the 'page.title' element cannot be added as child to 'main.top', because the latter doesn't exist [] []
[2025-05-02T04:20:32.865228+00:00] main.INFO: Broken reference: the 'messages' element cannot be added as child to 'page.messages', because the latter doesn't exist [] []
[2025-05-02T04:20:32.865377+00:00] main.INFO: Broken reference: the 'page.actions.toolbar' element cannot be added as child to 'page.main.actions', because the latter doesn't exist [] []
[2025-05-02T04:20:32.865535+00:00] main.INFO: Broken reference: the 'legal' element cannot be added as child to 'footer', because the latter doesn't exist [] []
[2025-05-02T04:20:32.865756+00:00] main.INFO: Broken reference: the 'header.inner.left' element cannot be added as child to 'header', because the latter doesn't exist [] []
[2025-05-02T04:20:32.865918+00:00] main.INFO: Broken reference: the 'header.inner.right' element cannot be added as child to 'header', because the latter doesn't exist [] []
[2025-05-02T04:20:32.866124+00:00] main.INFO: Broken reference: the 'user' tries to reorder itself towards '', but their parents are different: 'header' and '' respectively. [] []
[2025-05-02T04:20:32.866278+00:00] main.INFO: Broken reference: the 'notification.messages' tries to reorder itself towards 'user', but their parents are different: 'header' and '' respectively. [] []
[2025-05-02T04:20:32.866430+00:00] main.INFO: Broken reference: the 'logo' tries to reorder itself towards '', but their parents are different: 'header' and '' respectively. [] []
[2025-05-02T04:20:32.866579+00:00] main.INFO: Broken reference: the 'global.search' tries to reorder itself towards 'logo', but their parents are different: 'header' and '' respectively. [] []
[2025-05-02T04:20:32.866767+00:00] main.INFO: Broken reference: the 'page.actions.toolbar' tries to reorder itself towards '', but their parents are different: 'page.main.actions' and '' respectively. [] []
[2025-05-02T04:20:32.866954+00:00] main.INFO: Broken reference: the 'header.inner.left' tries to reorder itself towards '', but their parents are different: 'header' and '' respectively. [] []
[2025-05-02T04:20:32.867111+00:00] main.INFO: Broken reference: the 'header.inner.right' tries to reorder itself towards 'header.inner.left', but their parents are different: 'header' and '' respectively. [] []
[2025-05-02T04:20:32.867300+00:00] main.INFO: Broken reference: the 'notification.messages' tries to reorder itself towards 'user', but their parents are different: 'header.inner.right' and '' respectively. [] []
[2025-05-02T04:20:33.218065+00:00] main.ERROR: Requested path adminhtml/Magento/backend/pt_BR/jquery/uppy/dist/uppy-custom.css is wrong. [] []
[2025-05-02T04:20:33.218789+00:00] main.CRITICAL: Requested path adminhtml/Magento/backend/pt_BR/jquery/uppy/dist/uppy-custom.css is wrong. [] []
[2025-05-02T04:20:33.225401+00:00] main.ERROR: Requested path adminhtml/Magento/backend/pt_BR/css/styles.css is wrong. [] []
[2025-05-02T04:20:33.226338+00:00] main.CRITICAL: Requested path adminhtml/Magento/backend/pt_BR/css/styles.css is wrong. [] []
[2025-05-02T04:20:33.237230+00:00] main.ERROR: Requested path adminhtml/Magento/backend/pt_BR/jquery/jstree/themes/default/style.css is wrong. [] []
[2025-05-02T04:20:33.237927+00:00] main.CRITICAL: Requested path adminhtml/Magento/backend/pt_BR/jquery/jstree/themes/default/style.css is wrong. [] []
[2025-05-02T04:20:33.243689+00:00] main.ERROR: Requested path adminhtml/Magento/backend/pt_BR/requirejs/require.js is wrong. [] []
[2025-05-02T04:20:33.244401+00:00] main.CRITICAL: Requested path adminhtml/Magento/backend/pt_BR/requirejs/require.js is wrong. [] []
[2025-05-02T04:20:33.244861+00:00] main.ERROR: Requested path adminhtml/Magento/backend/pt_BR/mage/requirejs/mixins.js is wrong. [] []
[2025-05-02T04:20:33.245543+00:00] main.CRITICAL: Requested path adminhtml/Magento/backend/pt_BR/mage/requirejs/mixins.js is wrong. [] []
[2025-05-02T04:20:33.247240+00:00] main.ERROR: Requested path adminhtml/Magento/backend/pt_BR/Magento_ReCaptchaUser/css/recaptcha.css is wrong. [] []
[2025-05-02T04:20:33.247991+00:00] main.CRITICAL: Requested path adminhtml/Magento/backend/pt_BR/Magento_ReCaptchaUser/css/recaptcha.css is wrong. [] []
[2025-05-02T04:20:33.468644+00:00] main.ERROR: Requested path adminhtml/Magento/backend/pt_BR/images/magento-logo.svg is wrong. [] []
[2025-05-02T04:20:33.469789+00:00] main.CRITICAL: Requested path adminhtml/Magento/backend/pt_BR/images/magento-logo.svg is wrong. [] []
[2025-05-02T04:20:46.746078+00:00] main.INFO: Broken reference: the 'tracking' element cannot be added as child to 'header', because the latter doesn't exist [] []
[2025-05-02T04:20:46.746707+00:00] main.INFO: Broken reference: the 'notification_area' element cannot be added as child to 'notifications', because the latter doesn't exist [] []
[2025-05-02T04:20:46.746896+00:00] main.INFO: Broken reference: the 'unread_system_messages' element cannot be added as child to 'notifications', because the latter doesn't exist [] []
[2025-05-02T04:20:46.747061+00:00] main.INFO: Broken reference: the 'notification_window' element cannot be added as child to 'notifications', because the latter doesn't exist [] []
[2025-05-02T04:20:46.747219+00:00] main.INFO: Broken reference: the 'notification.messages' element cannot be added as child to 'header', because the latter doesn't exist [] []
[2025-05-02T04:20:46.747380+00:00] main.INFO: Broken reference: the 'global_notices' element cannot be added as child to 'global.notices', because the latter doesn't exist [] []
[2025-05-02T04:20:46.747534+00:00] main.INFO: Broken reference: the 'logo' element cannot be added as child to 'header', because the latter doesn't exist [] []
[2025-05-02T04:20:46.747688+00:00] main.INFO: Broken reference: the 'global.search' element cannot be added as child to 'header', because the latter doesn't exist [] []
[2025-05-02T04:20:46.747889+00:00] main.INFO: Broken reference: the 'user' element cannot be added as child to 'header', because the latter doesn't exist [] []
[2025-05-02T04:20:46.748050+00:00] main.INFO: Broken reference: the 'menu' element cannot be added as child to 'page.menu', because the latter doesn't exist [] []
[2025-05-02T04:20:46.748204+00:00] main.INFO: Broken reference: the 'breadcrumbs' element cannot be added as child to 'page.breadcrumbs', because the latter doesn't exist [] []
[2025-05-02T04:20:46.748385+00:00] main.INFO: Broken reference: the 'formkey' element cannot be added as child to 'page.formkey', because the latter doesn't exist [] []
[2025-05-02T04:20:46.748540+00:00] main.INFO: Broken reference: the 'page.title' element cannot be added as child to 'main.top', because the latter doesn't exist [] []
[2025-05-02T04:20:46.748692+00:00] main.INFO: Broken reference: the 'messages' element cannot be added as child to 'page.messages', because the latter doesn't exist [] []
[2025-05-02T04:20:46.748844+00:00] main.INFO: Broken reference: the 'page.actions.toolbar' element cannot be added as child to 'page.main.actions', because the latter doesn't exist [] []
[2025-05-02T04:20:46.748997+00:00] main.INFO: Broken reference: the 'legal' element cannot be added as child to 'footer', because the latter doesn't exist [] []
[2025-05-02T04:20:46.749306+00:00] main.INFO: Broken reference: the 'header.inner.left' element cannot be added as child to 'header', because the latter doesn't exist [] []
[2025-05-02T04:20:46.749503+00:00] main.INFO: Broken reference: the 'header.inner.right' element cannot be added as child to 'header', because the latter doesn't exist [] []
[2025-05-02T04:20:46.749787+00:00] main.INFO: Broken reference: the 'user' tries to reorder itself towards '', but their parents are different: 'header' and '' respectively. [] []
[2025-05-02T04:20:46.749958+00:00] main.INFO: Broken reference: the 'notification.messages' tries to reorder itself towards 'user', but their parents are different: 'header' and '' respectively. [] []
[2025-05-02T04:20:46.750115+00:00] main.INFO: Broken reference: the 'logo' tries to reorder itself towards '', but their parents are different: 'header' and '' respectively. [] []
[2025-05-02T04:20:46.750268+00:00] main.INFO: Broken reference: the 'global.search' tries to reorder itself towards 'logo', but their parents are different: 'header' and '' respectively. [] []
[2025-05-02T04:20:46.750520+00:00] main.INFO: Broken reference: the 'page.actions.toolbar' tries to reorder itself towards '', but their parents are different: 'page.main.actions' and '' respectively. [] []
[2025-05-02T04:20:46.750702+00:00] main.INFO: Broken reference: the 'header.inner.left' tries to reorder itself towards '', but their parents are different: 'header' and '' respectively. [] []
[2025-05-02T04:20:46.750859+00:00] main.INFO: Broken reference: the 'header.inner.right' tries to reorder itself towards 'header.inner.left', but their parents are different: 'header' and '' respectively. [] []
[2025-05-02T04:20:46.751028+00:00] main.INFO: Broken reference: the 'notification.messages' tries to reorder itself towards 'user', but their parents are different: 'header.inner.right' and '' respectively. [] []
[2025-05-02T04:20:47.148327+00:00] main.ERROR: Requested path adminhtml/Magento/backend/pt_BR/css/styles.css is wrong. [] []
[2025-05-02T04:20:47.149314+00:00] main.CRITICAL: Requested path adminhtml/Magento/backend/pt_BR/css/styles.css is wrong. [] []
[2025-05-02T04:20:47.151140+00:00] main.ERROR: Requested path adminhtml/Magento/backend/pt_BR/jquery/jstree/themes/default/style.css is wrong. [] []
[2025-05-02T04:20:47.151123+00:00] main.ERROR: Requested path adminhtml/Magento/backend/pt_BR/requirejs/require.js is wrong. [] []
[2025-05-02T04:20:47.152090+00:00] main.CRITICAL: Requested path adminhtml/Magento/backend/pt_BR/jquery/jstree/themes/default/style.css is wrong. [] []
[2025-05-02T04:20:47.152150+00:00] main.CRITICAL: Requested path adminhtml/Magento/backend/pt_BR/requirejs/require.js is wrong. [] []
is wrong. [] []
[2025-05-02T04:20:47.151643+00:00] main.ERROR: Requested path adminhtml/Magento/backend/pt_BR/jquery/uppy/dist/uppy-custom.css is wrong. [] []
[2025-05-02T04:20:47.152481+00:00] main.CRITICAL: Requested path adminhtml/Magento/backend/pt_BR/Magento_ReCaptchaUser/css/recaptcha.css is wrong. [] []
[2025-05-02T04:20:47.152514+00:00] main.CRITICAL: Requested path adminhtml/Magento/backend/pt_BR/jquery/uppy/dist/uppy-custom.css is wrong. [] []
[2025-05-02T04:20:47.154832+00:00] main.ERROR: Requested path adminhtml/Magento/backend/pt_BR/mage/requirejs/mixins.js is wrong. [] []
[2025-05-02T04:20:47.155759+00:00] main.CRITICAL: Requested path adminhtml/Magento/backend/pt_BR/mage/requirejs/mixins.js is wrong. [] []
[2025-05-02T04:20:47.458707+00:00] main.ERROR: Requested path adminhtml/Magento/backend/pt_BR/images/magento-logo.svg is wrong. [] []
[2025-05-02T04:20:47.459619+00:00] main.CRITICAL: Requested path adminhtml/Magento/backend/pt_BR/images/magento-logo.svg is wrong. [] []
[2025-05-02T04:20:49.134069+00:00] main.INFO: Broken reference: the 'tracking' element cannot be added as child to 'header', because the latter doesn't exist [] []
[2025-05-02T04:20:49.134847+00:00] main.INFO: Broken reference: the 'notification_area' element cannot be added as child to 'notifications', because the latter doesn't exist [] []
[2025-05-02T04:20:49.135074+00:00] main.INFO: Broken reference: the 'unread_system_messages' element cannot be added as child to 'notifications', because the latter doesn't exist [] []
[2025-05-02T04:20:49.135304+00:00] main.INFO: Broken reference: the 'notification_window' element cannot be added as child to 'notifications', because the latter doesn't exist [] []
[2025-05-02T04:20:49.135470+00:00] main.INFO: Broken reference: the 'notification.messages' element cannot be added as child to 'header', because the latter doesn't exist [] []
[2025-05-02T04:20:49.135639+00:00] main.INFO: Broken reference: the 'global_notices' element cannot be added as child to 'global.notices', because the latter doesn't exist [] []
[2025-05-02T04:20:49.135797+00:00] main.INFO: Broken reference: the 'logo' element cannot be added as child to 'header', because the latter doesn't exist [] []
[2025-05-02T04:20:49.135952+00:00] main.INFO: Broken reference: the 'global.search' element cannot be added as child to 'header', because the latter doesn't exist [] []
[2025-05-02T04:20:49.136108+00:00] main.INFO: Broken reference: the 'user' element cannot be added as child to 'header', because the latter doesn't exist [] []
[2025-05-02T04:20:49.136262+00:00] main.INFO: Broken reference: the 'menu' element cannot be added as child to 'page.menu', because the latter doesn't exist [] []
[2025-05-02T04:20:49.136415+00:00] main.INFO: Broken reference: the 'breadcrumbs' element cannot be added as child to 'page.breadcrumbs', because the latter doesn't exist [] []
[2025-05-02T04:20:49.136575+00:00] main.INFO: Broken reference: the 'formkey' element cannot be added as child to 'page.formkey', because the latter doesn't exist [] []
[2025-05-02T04:20:49.136726+00:00] main.INFO: Broken reference: the 'page.title' element cannot be added as child to 'main.top', because the latter doesn't exist [] []
[2025-05-02T04:20:49.136878+00:00] main.INFO: Broken reference: the 'messages' element cannot be added as child to 'page.messages', because the latter doesn't exist [] []
[2025-05-02T04:20:49.137029+00:00] main.INFO: Broken reference: the 'page.actions.toolbar' element cannot be added as child to 'page.main.actions', because the latter doesn't exist [] []
[2025-05-02T04:20:49.137181+00:00] main.INFO: Broken reference: the 'legal' element cannot be added as child to 'footer', because the latter doesn't exist [] []
[2025-05-02T04:20:49.137404+00:00] main.INFO: Broken reference: the 'header.inner.left' element cannot be added as child to 'header', because the latter doesn't exist [] []
[2025-05-02T04:20:49.137566+00:00] main.INFO: Broken reference: the 'header.inner.right' element cannot be added as child to 'header', because the latter doesn't exist [] []
[2025-05-02T04:20:49.137801+00:00] main.INFO: Broken reference: the 'user' tries to reorder itself towards '', but their parents are different: 'header' and '' respectively. [] []
[2025-05-02T04:20:49.137967+00:00] main.INFO: Broken reference: the 'notification.messages' tries to reorder itself towards 'user', but their parents are different: 'header' and '' respectively. [] []
[2025-05-02T04:20:49.138123+00:00] main.INFO: Broken reference: the 'logo' tries to reorder itself towards '', but their parents are different: 'header' and '' respectively. [] []
[2025-05-02T04:20:49.138303+00:00] main.INFO: Broken reference: the 'global.search' tries to reorder itself towards 'logo', but their parents are different: 'header' and '' respectively. [] []
[2025-05-02T04:20:49.138459+00:00] main.INFO: Broken reference: the 'page.actions.toolbar' tries to reorder itself towards '', but their parents are different: 'page.main.actions' and '' respectively. [] []
[2025-05-02T04:20:49.138640+00:00] main.INFO: Broken reference: the 'header.inner.left' tries to reorder itself towards '', but their parents are different: 'header' and '' respectively. [] []
[2025-05-02T04:20:49.138799+00:00] main.INFO: Broken reference: the 'header.inner.right' tries to reorder itself towards 'header.inner.left', but their parents are different: 'header' and '' respectively. [] []
[2025-05-02T04:20:49.138963+00:00] main.INFO: Broken reference: the 'notification.messages' tries to reorder itself towards 'user', but their parents are different: 'header.inner.right' and '' respectively. [] []
[2025-05-02T04:20:49.532427+00:00] main.ERROR: Requested path adminhtml/Magento/backend/pt_BR/Magento_ReCaptchaUser/css/recaptcha.css is wrong. [] []
[2025-05-02T04:20:49.533641+00:00] main.CRITICAL: Requested path adminhtml/Magento/backend/pt_BR/Magento_ReCaptchaUser/css/recaptcha.css is wrong. [] []
[2025-05-02T04:20:49.538177+00:00] main.ERROR: Requested path adminhtml/Magento/backend/pt_BR/requirejs/require.js is wrong. [] []
[2025-05-02T04:20:49.539237+00:00] main.CRITICAL: Requested path adminhtml/Magento/backend/pt_BR/requirejs/require.js is wrong. [] []
[2025-05-02T04:20:49.539731+00:00] main.ERROR: Requested path adminhtml/Magento/backend/pt_BR/css/styles.css is wrong. [] []
[2025-05-02T04:20:49.540467+00:00] main.CRITICAL: Requested path adminhtml/Magento/backend/pt_BR/css/styles.css is wrong. [] []
[2025-05-02T04:20:49.542731+00:00] main.ERROR: Requested path adminhtml/Magento/backend/pt_BR/jquery/jstree/themes/default/style.css is wrong. [] []
[2025-05-02T04:20:49.542793+00:00] main.ERROR: Requested path adminhtml/Magento/backend/pt_BR/jquery/uppy/dist/uppy-custom.css is wrong. [] []
[2025-05-02T04:20:49.543555+00:00] main.CRITICAL: Requested path adminhtml/Magento/backend/pt_BR/jquery/jstree/themes/default/style.css is wrong. [] []
[2025-05-02T04:20:49.543740+00:00] main.CRITICAL: Requested path adminhtml/Magento/backend/pt_BR/jquery/uppy/dist/uppy-custom.css is wrong. [] []
[2025-05-02T04:20:49.548789+00:00] main.ERROR: Requested path adminhtml/Magento/backend/pt_BR/mage/requirejs/mixins.js is wrong. [] []
[2025-05-02T04:20:49.549576+00:00] main.CRITICAL: Requested path adminhtml/Magento/backend/pt_BR/mage/requirejs/mixins.js is wrong. [] []
[2025-05-02T04:20:49.777004+00:00] main.ERROR: Requested path adminhtml/Magento/backend/pt_BR/images/magento-logo.svg is wrong. [] []
[2025-05-02T04:20:49.777701+00:00] main.CRITICAL: Requested path adminhtml/Magento/backend/pt_BR/images/magento-logo.svg is wrong. [] []
[2025-05-02T04:20:50.722244+00:00] main.INFO: Broken reference: the 'tracking' element cannot be added as child to 'header', because the latter doesn't exist [] []
[2025-05-02T04:20:50.722852+00:00] main.INFO: Broken reference: the 'notification_area' element cannot be added as child to 'notifications', because the latter doesn't exist [] []
[2025-05-02T04:20:50.723030+00:00] main.INFO: Broken reference: the 'unread_system_messages' element cannot be added as child to 'notifications', because the latter doesn't exist [] []
[2025-05-02T04:20:50.723226+00:00] main.INFO: Broken reference: the 'notification_window' element cannot be added as child to 'notifications', because the latter doesn't exist [] []
[2025-05-02T04:20:50.723392+00:00] main.INFO: Broken reference: the 'notification.messages' element cannot be added as child to 'header', because the latter doesn't exist [] []
[2025-05-02T04:20:50.723554+00:00] main.INFO: Broken reference: the 'global_notices' element cannot be added as child to 'global.notices', because the latter doesn't exist [] []
[2025-05-02T04:20:50.723735+00:00] main.INFO: Broken reference: the 'logo' element cannot be added as child to 'header', because the latter doesn't exist [] []
[2025-05-02T04:20:50.723892+00:00] main.INFO: Broken reference: the 'global.search' element cannot be added as child to 'header', because the latter doesn't exist [] []
[2025-05-02T04:20:50.724045+00:00] main.INFO: Broken reference: the 'user' element cannot be added as child to 'header', because the latter doesn't exist [] []
[2025-05-02T04:20:50.724196+00:00] main.INFO: Broken reference: the 'menu' element cannot be added as child to 'page.menu', because the latter doesn't exist [] []
[2025-05-02T04:20:50.724346+00:00] main.INFO: Broken reference: the 'breadcrumbs' element cannot be added as child to 'page.breadcrumbs', because the latter doesn't exist [] []
[2025-05-02T04:20:50.724494+00:00] main.INFO: Broken reference: the 'formkey' element cannot be added as child to 'page.formkey', because the latter doesn't exist [] []
[2025-05-02T04:20:50.724643+00:00] main.INFO: Broken reference: the 'page.title' element cannot be added as child to 'main.top', because the latter doesn't exist [] []
[2025-05-02T04:20:50.724791+00:00] main.INFO: Broken reference: the 'messages' element cannot be added as child to 'page.messages', because the latter doesn't exist [] []
[2025-05-02T04:20:50.724941+00:00] main.INFO: Broken reference: the 'page.actions.toolbar' element cannot be added as child to 'page.main.actions', because the latter doesn't exist [] []
[2025-05-02T04:20:50.725090+00:00] main.INFO: Broken reference: the 'legal' element cannot be added as child to 'footer', because the latter doesn't exist [] []
[2025-05-02T04:20:50.725306+00:00] main.INFO: Broken reference: the 'header.inner.left' element cannot be added as child to 'header', because the latter doesn't exist [] []
[2025-05-02T04:20:50.725463+00:00] main.INFO: Broken reference: the 'header.inner.right' element cannot be added as child to 'header', because the latter doesn't exist [] []
[2025-05-02T04:20:50.725657+00:00] main.INFO: Broken reference: the 'user' tries to reorder itself towards '', but their parents are different: 'header' and '' respectively. [] []
[2025-05-02T04:20:50.725811+00:00] main.INFO: Broken reference: the 'notification.messages' tries to reorder itself towards 'user', but their parents are different: 'header' and '' respectively. [] []
[2025-05-02T04:20:50.725961+00:00] main.INFO: Broken reference: the 'logo' tries to reorder itself towards '', but their parents are different: 'header' and '' respectively. [] []
[2025-05-02T04:20:50.726110+00:00] main.INFO: Broken reference: the 'global.search' tries to reorder itself towards 'logo', but their parents are different: 'header' and '' respectively. [] []
[2025-05-02T04:20:50.726260+00:00] main.INFO: Broken reference: the 'page.actions.toolbar' tries to reorder itself towards '', but their parents are different: 'page.main.actions' and '' respectively. [] []
[2025-05-02T04:20:50.726431+00:00] main.INFO: Broken reference: the 'header.inner.left' tries to reorder itself towards '', but their parents are different: 'header' and '' respectively. [] []
[2025-05-02T04:20:50.726583+00:00] main.INFO: Broken reference: the 'header.inner.right' tries to reorder itself towards 'header.inner.left', but their parents are different: 'header' and '' respectively. [] []
[2025-05-02T04:20:50.726740+00:00] main.INFO: Broken reference: the 'notification.messages' tries to reorder itself towards 'user', but their parents are different: 'header.inner.right' and '' respectively. [] []
[2025-05-02T04:20:51.137735+00:00] main.ERROR: Requested path adminhtml/Magento/backend/pt_BR/mage/requirejs/mixins.js is wrong. [] []
[2025-05-02T04:20:51.138706+00:00] main.CRITICAL: Requested path adminhtml/Magento/backend/pt_BR/mage/requirejs/mixins.js is wrong. [] []
[2025-05-02T04:20:51.138178+00:00] main.ERROR: Requested path adminhtml/Magento/backend/pt_BR/jquery/jstree/themes/default/style.css is wrong. [] []
[2025-05-02T04:20:51.138285+00:00] main.ERROR: Requested path adminhtml/Magento/backend/pt_BR/jquery/uppy/dist/uppy-custom.css is wrong. [] []
[2025-05-02T04:20:51.139051+00:00] main.CRITICAL: Requested path adminhtml/Magento/backend/pt_BR/jquery/jstree/themes/default/style.css is wrong. [] []
[2025-05-02T04:20:51.139169+00:00] main.CRITICAL: Requested path adminhtml/Magento/backend/pt_BR/jquery/uppy/dist/uppy-custom.css is wrong. [] []
[2025-05-02T04:20:51.142939+00:00] main.ERROR: Requested path adminhtml/Magento/backend/pt_BR/Magento_ReCaptchaUser/css/recaptcha.css is wrong. [] []
[2025-05-02T04:20:51.144049+00:00] main.CRITICAL: Requested path adminhtml/Magento/backend/pt_BR/Magento_ReCaptchaUser/css/recaptcha.css is wrong. [] []
[2025-05-02T04:20:51.148901+00:00] main.ERROR: Requested path adminhtml/Magento/backend/pt_BR/requirejs/require.js is wrong. [] []
[2025-05-02T04:20:51.151079+00:00] main.CRITICAL: Requested path adminhtml/Magento/backend/pt_BR/css/styles.css is wrong. [] []
[2025-05-02T04:20:51.151106+00:00] main.CRITICAL: Requested path adminhtml/Magento/backend/pt_BR/requirejs/require.js is wrong. [] []
[2025-05-02T04:20:51.434530+00:00] main.ERROR: Requested path adminhtml/Magento/backend/pt_BR/images/magento-logo.svg is wrong. [] []
[2025-05-02T04:20:51.435199+00:00] main.CRITICAL: Requested path adminhtml/Magento/backend/pt_BR/images/magento-logo.svg is wrong. [] []
[2025-05-02T04:20:52.128806+00:00] main.INFO: Broken reference: the 'tracking' element cannot be added as child to 'header', because the latter doesn't exist [] []
[2025-05-02T04:20:52.129401+00:00] main.INFO: Broken reference: the 'notification_area' element cannot be added as child to 'notifications', because the latter doesn't exist [] []
[2025-05-02T04:20:52.129580+00:00] main.INFO: Broken reference: the 'unread_system_messages' element cannot be added as child to 'notifications', because the latter doesn't exist [] []
[2025-05-02T04:20:52.129742+00:00] main.INFO: Broken reference: the 'notification_window' element cannot be added as child to 'notifications', because the latter doesn't exist [] []
[2025-05-02T04:20:52.129898+00:00] main.INFO: Broken reference: the 'notification.messages' element cannot be added as child to 'header', because the latter doesn't exist [] []
[2025-05-02T04:20:52.130058+00:00] main.INFO: Broken reference: the 'global_notices' element cannot be added as child to 'global.notices', because the latter doesn't exist [] []
[2025-05-02T04:20:52.130211+00:00] main.INFO: Broken reference: the 'logo' element cannot be added as child to 'header', because the latter doesn't exist [] []
[2025-05-02T04:20:52.130367+00:00] main.INFO: Broken reference: the 'global.search' element cannot be added as child to 'header', because the latter doesn't exist [] []
[2025-05-02T04:20:52.130519+00:00] main.INFO: Broken reference: the 'user' element cannot be added as child to 'header', because the latter doesn't exist [] []
[2025-05-02T04:20:52.130669+00:00] main.INFO: Broken reference: the 'menu' element cannot be added as child to 'page.menu', because the latter doesn't exist [] []
[2025-05-02T04:20:52.130821+00:00] main.INFO: Broken reference: the 'breadcrumbs' element cannot be added as child to 'page.breadcrumbs', because the latter doesn't exist [] []
[2025-05-02T04:20:52.130972+00:00] main.INFO: Broken reference: the 'formkey' element cannot be added as child to 'page.formkey', because the latter doesn't exist [] []
[2025-05-02T04:20:52.131120+00:00] main.INFO: Broken reference: the 'page.title' element cannot be added as child to 'main.top', because the latter doesn't exist [] []
[2025-05-02T04:20:52.131316+00:00] main.INFO: Broken reference: the 'messages' element cannot be added as child to 'page.messages', because the latter doesn't exist [] []
[2025-05-02T04:20:52.131476+00:00] main.INFO: Broken reference: the 'page.actions.toolbar' element cannot be added as child to 'page.main.actions', because the latter doesn't exist [] []
[2025-05-02T04:20:52.131628+00:00] main.INFO: Broken reference: the 'legal' element cannot be added as child to 'footer', because the latter doesn't exist [] []
[2025-05-02T04:20:52.131877+00:00] main.INFO: Broken reference: the 'header.inner.left' element cannot be added as child to 'header', because the latter doesn't exist [] []
[2025-05-02T04:20:52.132040+00:00] main.INFO: Broken reference: the 'header.inner.right' element cannot be added as child to 'header', because the latter doesn't exist [] []
[2025-05-02T04:20:52.132237+00:00] main.INFO: Broken reference: the 'user' tries to reorder itself towards '', but their parents are different: 'header' and '' respectively. [] []
[2025-05-02T04:20:52.132395+00:00] main.INFO: Broken reference: the 'notification.messages' tries to reorder itself towards 'user', but their parents are different: 'header' and '' respectively. [] []
[2025-05-02T04:20:52.132548+00:00] main.INFO: Broken reference: the 'logo' tries to reorder itself towards '', but their parents are different: 'header' and '' respectively. [] []
[2025-05-02T04:20:52.132697+00:00] main.INFO: Broken reference: the 'global.search' tries to reorder itself towards 'logo', but their parents are different: 'header' and '' respectively. [] []
[2025-05-02T04:20:52.132847+00:00] main.INFO: Broken reference: the 'page.actions.toolbar' tries to reorder itself towards '', but their parents are different: 'page.main.actions' and '' respectively. [] []
[2025-05-02T04:20:52.133025+00:00] main.INFO: Broken reference: the 'header.inner.left' tries to reorder itself towards '', but their parents are different: 'header' and '' respectively. [] []
[2025-05-02T04:20:52.133182+00:00] main.INFO: Broken reference: the 'header.inner.right' tries to reorder itself towards 'header.inner.left', but their parents are different: 'header' and '' respectively. [] []
[2025-05-02T04:20:52.133357+00:00] main.INFO: Broken reference: the 'notification.messages' tries to reorder itself towards 'user', but their parents are different: 'header.inner.right' and '' respectively. [] []
[2025-05-02T04:20:52.492777+00:00] main.ERROR: Requested path adminhtml/Magento/backend/pt_BR/jquery/jstree/themes/default/style.css is wrong. [] []
[2025-05-02T04:20:52.493475+00:00] main.CRITICAL: Requested path adminhtml/Magento/backend/pt_BR/jquery/jstree/themes/default/style.css is wrong. [] []
[2025-05-02T04:20:52.499344+00:00] main.ERROR: Requested path adminhtml/Magento/backend/pt_BR/jquery/uppy/dist/uppy-custom.css is wrong. [] []
[2025-05-02T04:20:52.500632+00:00] main.CRITICAL: Requested path adminhtml/Magento/backend/pt_BR/jquery/uppy/dist/uppy-custom.css is wrong. [] []
[2025-05-02T04:20:52.500203+00:00] main.ERROR: Requested path adminhtml/Magento/backend/pt_BR/requirejs/require.js is wrong. [] []
[2025-05-02T04:20:52.501196+00:00] main.CRITICAL: Requested path adminhtml/Magento/backend/pt_BR/requirejs/require.js is wrong. [] []
[2025-05-02T04:20:52.501140+00:00] main.ERROR: Requested path adminhtml/Magento/backend/pt_BR/css/styles.css is wrong. [] []
[2025-05-02T04:20:52.501966+00:00] main.CRITICAL: Requested path adminhtml/Magento/backend/pt_BR/css/styles.css is wrong. [] []
[2025-05-02T04:20:52.502861+00:00] main.ERROR: Requested path adminhtml/Magento/backend/pt_BR/mage/requirejs/mixins.js is wrong. [] []
[2025-05-02T04:20:52.504052+00:00] main.CRITICAL: Requested path adminhtml/Magento/backend/pt_BR/mage/requirejs/mixins.js is wrong. [] []
[2025-05-02T04:20:52.503806+00:00] main.ERROR: Requested path adminhtml/Magento/backend/pt_BR/Magento_ReCaptchaUser/css/recaptcha.css is wrong. [] []
[2025-05-02T04:20:52.504753+00:00] main.CRITICAL: Requested path adminhtml/Magento/backend/pt_BR/Magento_ReCaptchaUser/css/recaptcha.css is wrong. [] []
[2025-05-02T04:20:52.727605+00:00] main.ERROR: Requested path adminhtml/Magento/backend/pt_BR/images/magento-logo.svg is wrong. [] []
[2025-05-02T04:20:52.728317+00:00] main.CRITICAL: Requested path adminhtml/Magento/backend/pt_BR/images/magento-logo.svg is wrong. [] []
[2025-05-02T04:21:02.130166+00:00] main.INFO: Broken reference: the 'tracking' element cannot be added as child to 'header', because the latter doesn't exist [] []
[2025-05-02T04:21:02.130800+00:00] main.INFO: Broken reference: the 'notification_area' element cannot be added as child to 'notifications', because the latter doesn't exist [] []
[2025-05-02T04:21:02.130979+00:00] main.INFO: Broken reference: the 'unread_system_messages' element cannot be added as child to 'notifications', because the latter doesn't exist [] []
[2025-05-02T04:21:02.131137+00:00] main.INFO: Broken reference: the 'notification_window' element cannot be added as child to 'notifications', because the latter doesn't exist [] []
[2025-05-02T04:21:02.131290+00:00] main.INFO: Broken reference: the 'notification.messages' element cannot be added as child to 'header', because the latter doesn't exist [] []
[2025-05-02T04:21:02.131460+00:00] main.INFO: Broken reference: the 'global_notices' element cannot be added as child to 'global.notices', because the latter doesn't exist [] []
[2025-05-02T04:21:02.131611+00:00] main.INFO: Broken reference: the 'logo' element cannot be added as child to 'header', because the latter doesn't exist [] []
[2025-05-02T04:21:02.131759+00:00] main.INFO: Broken reference: the 'global.search' element cannot be added as child to 'header', because the latter doesn't exist [] []
[2025-05-02T04:21:02.131907+00:00] main.INFO: Broken reference: the 'user' element cannot be added as child to 'header', because the latter doesn't exist [] []
[2025-05-02T04:21:02.132054+00:00] main.INFO: Broken reference: the 'menu' element cannot be added as child to 'page.menu', because the latter doesn't exist [] []
[2025-05-02T04:21:02.132201+00:00] main.INFO: Broken reference: the 'breadcrumbs' element cannot be added as child to 'page.breadcrumbs', because the latter doesn't exist [] []
[2025-05-02T04:21:02.132349+00:00] main.INFO: Broken reference: the 'formkey' element cannot be added as child to 'page.formkey', because the latter doesn't exist [] []
[2025-05-02T04:21:02.132495+00:00] main.INFO: Broken reference: the 'page.title' element cannot be added as child to 'main.top', because the latter doesn't exist [] []
[2025-05-02T04:21:02.132641+00:00] main.INFO: Broken reference: the 'messages' element cannot be added as child to 'page.messages', because the latter doesn't exist [] []
[2025-05-02T04:21:02.132787+00:00] main.INFO: Broken reference: the 'page.actions.toolbar' element cannot be added as child to 'page.main.actions', because the latter doesn't exist [] []
[2025-05-02T04:21:02.132932+00:00] main.INFO: Broken reference: the 'legal' element cannot be added as child to 'footer', because the latter doesn't exist [] []
[2025-05-02T04:21:02.133140+00:00] main.INFO: Broken reference: the 'header.inner.left' element cannot be added as child to 'header', because the latter doesn't exist [] []
[2025-05-02T04:21:02.133295+00:00] main.INFO: Broken reference: the 'header.inner.right' element cannot be added as child to 'header', because the latter doesn't exist [] []
[2025-05-02T04:21:02.133488+00:00] main.INFO: Broken reference: the 'user' tries to reorder itself towards '', but their parents are different: 'header' and '' respectively. [] []
[2025-05-02T04:21:02.133643+00:00] main.INFO: Broken reference: the 'notification.messages' tries to reorder itself towards 'user', but their parents are different: 'header' and '' respectively. [] []
[2025-05-02T04:21:02.133796+00:00] main.INFO: Broken reference: the 'logo' tries to reorder itself towards '', but their parents are different: 'header' and '' respectively. [] []
[2025-05-02T04:21:02.133943+00:00] main.INFO: Broken reference: the 'global.search' tries to reorder itself towards 'logo', but their parents are different: 'header' and '' respectively. [] []
[2025-05-02T04:21:02.134133+00:00] main.INFO: Broken reference: the 'page.actions.toolbar' tries to reorder itself towards '', but their parents are different: 'page.main.actions' and '' respectively. [] []
[2025-05-02T04:21:02.134320+00:00] main.INFO: Broken reference: the 'header.inner.left' tries to reorder itself towards '', but their parents are different: 'header' and '' respectively. [] []
[2025-05-02T04:21:02.134504+00:00] main.INFO: Broken reference: the 'header.inner.right' tries to reorder itself towards 'header.inner.left', but their parents are different: 'header' and '' respectively. [] []
[2025-05-02T04:21:02.134667+00:00] main.INFO: Broken reference: the 'notification.messages' tries to reorder itself towards 'user', but their parents are different: 'header.inner.right' and '' respectively. [] []
[2025-05-02T04:21:02.504188+00:00] main.ERROR: Requested path adminhtml/Magento/backend/pt_BR/Magento_ReCaptchaUser/css/recaptcha.css is wrong. [] []
[2025-05-02T04:21:02.505129+00:00] main.CRITICAL: Requested path adminhtml/Magento/backend/pt_BR/Magento_ReCaptchaUser/css/recaptcha.css is wrong. [] []
[2025-05-02T04:21:02.514028+00:00] main.ERROR: Requested path adminhtml/Magento/backend/pt_BR/jquery/uppy/dist/uppy-custom.css is wrong. [] []
[2025-05-02T04:21:02.514994+00:00] main.CRITICAL: Requested path adminhtml/Magento/backend/pt_BR/jquery/uppy/dist/uppy-custom.css is wrong. [] []
[2025-05-02T04:21:02.520543+00:00] main.ERROR: Requested path adminhtml/Magento/backend/pt_BR/css/styles.css is wrong. [] []
[2025-05-02T04:21:02.521652+00:00] main.CRITICAL: Requested path adminhtml/Magento/backend/pt_BR/css/styles.css is wrong. [] []
[2025-05-02T04:21:02.525081+00:00] main.ERROR: Requested path adminhtml/Magento/backend/pt_BR/jquery/jstree/themes/default/style.css is wrong. [] []
[2025-05-02T04:21:02.525812+00:00] main.CRITICAL: Requested path adminhtml/Magento/backend/pt_BR/jquery/jstree/themes/default/style.css is wrong. [] []
[2025-05-02T04:21:02.530824+00:00] main.ERROR: Requested path adminhtml/Magento/backend/pt_BR/mage/requirejs/mixins.js is wrong. [] []
[2025-05-02T04:21:02.531534+00:00] main.CRITICAL: Requested path adminhtml/Magento/backend/pt_BR/mage/requirejs/mixins.js is wrong. [] []
[2025-05-02T04:21:02.541403+00:00] main.ERROR: Requested path adminhtml/Magento/backend/pt_BR/requirejs/require.js is wrong. [] []
[2025-05-02T04:21:02.542115+00:00] main.CRITICAL: Requested path adminhtml/Magento/backend/pt_BR/requirejs/require.js is wrong. [] []
[2025-05-02T04:21:02.768399+00:00] main.ERROR: Requested path adminhtml/Magento/backend/pt_BR/images/magento-logo.svg is wrong. [] []
[2025-05-02T04:21:02.769088+00:00] main.CRITICAL: Requested path adminhtml/Magento/backend/pt_BR/images/magento-logo.svg is wrong. [] []
[2025-05-02T04:21:27.241545+00:00] main.INFO: Broken reference: the 'tracking' element cannot be added as child to 'header', because the latter doesn't exist [] []
[2025-05-02T04:21:27.242138+00:00] main.INFO: Broken reference: the 'notification_area' element cannot be added as child to 'notifications', because the latter doesn't exist [] []
[2025-05-02T04:21:27.242313+00:00] main.INFO: Broken reference: the 'unread_system_messages' element cannot be added as child to 'notifications', because the latter doesn't exist [] []
[2025-05-02T04:21:27.242471+00:00] main.INFO: Broken reference: the 'notification_window' element cannot be added as child to 'notifications', because the latter doesn't exist [] []
[2025-05-02T04:21:27.242624+00:00] main.INFO: Broken reference: the 'notification.messages' element cannot be added as child to 'header', because the latter doesn't exist [] []
[2025-05-02T04:21:27.242779+00:00] main.INFO: Broken reference: the 'global_notices' element cannot be added as child to 'global.notices', because the latter doesn't exist [] []
[2025-05-02T04:21:27.242931+00:00] main.INFO: Broken reference: the 'logo' element cannot be added as child to 'header', because the latter doesn't exist [] []
[2025-05-02T04:21:27.243115+00:00] main.INFO: Broken reference: the 'global.search' element cannot be added as child to 'header', because the latter doesn't exist [] []
[2025-05-02T04:21:27.243269+00:00] main.INFO: Broken reference: the 'user' element cannot be added as child to 'header', because the latter doesn't exist [] []
[2025-05-02T04:21:27.243417+00:00] main.INFO: Broken reference: the 'menu' element cannot be added as child to 'page.menu', because the latter doesn't exist [] []
[2025-05-02T04:21:27.243591+00:00] main.INFO: Broken reference: the 'breadcrumbs' element cannot be added as child to 'page.breadcrumbs', because the latter doesn't exist [] []
[2025-05-02T04:21:27.243742+00:00] main.INFO: Broken reference: the 'formkey' element cannot be added as child to 'page.formkey', because the latter doesn't exist [] []
[2025-05-02T04:21:27.243893+00:00] main.INFO: Broken reference: the 'page.title' element cannot be added as child to 'main.top', because the latter doesn't exist [] []
[2025-05-02T04:21:27.244039+00:00] main.INFO: Broken reference: the 'messages' element cannot be added as child to 'page.messages', because the latter doesn't exist [] []
[2025-05-02T04:21:27.244184+00:00] main.INFO: Broken reference: the 'page.actions.toolbar' element cannot be added as child to 'page.main.actions', because the latter doesn't exist [] []
[2025-05-02T04:21:27.244328+00:00] main.INFO: Broken reference: the 'legal' element cannot be added as child to 'footer', because the latter doesn't exist [] []
[2025-05-02T04:21:27.244536+00:00] main.INFO: Broken reference: the 'header.inner.left' element cannot be added as child to 'header', because the latter doesn't exist [] []
[2025-05-02T04:21:27.244689+00:00] main.INFO: Broken reference: the 'header.inner.right' element cannot be added as child to 'header', because the latter doesn't exist [] []
[2025-05-02T04:21:27.244878+00:00] main.INFO: Broken reference: the 'user' tries to reorder itself towards '', but their parents are different: 'header' and '' respectively. [] []
[2025-05-02T04:21:27.245029+00:00] main.INFO: Broken reference: the 'notification.messages' tries to reorder itself towards 'user', but their parents are different: 'header' and '' respectively. [] []
[2025-05-02T04:21:27.245176+00:00] main.INFO: Broken reference: the 'logo' tries to reorder itself towards '', but their parents are different: 'header' and '' respectively. [] []
[2025-05-02T04:21:27.245321+00:00] main.INFO: Broken reference: the 'global.search' tries to reorder itself towards 'logo', but their parents are different: 'header' and '' respectively. [] []
[2025-05-02T04:21:27.245466+00:00] main.INFO: Broken reference: the 'page.actions.toolbar' tries to reorder itself towards '', but their parents are different: 'page.main.actions' and '' respectively. [] []
[2025-05-02T04:21:27.245634+00:00] main.INFO: Broken reference: the 'header.inner.left' tries to reorder itself towards '', but their parents are different: 'header' and '' respectively. [] []
[2025-05-02T04:21:27.245784+00:00] main.INFO: Broken reference: the 'header.inner.right' tries to reorder itself towards 'header.inner.left', but their parents are different: 'header' and '' respectively. [] []
[2025-05-02T04:21:27.245944+00:00] main.INFO: Broken reference: the 'notification.messages' tries to reorder itself towards 'user', but their parents are different: 'header.inner.right' and '' respectively. [] []
[2025-05-02T04:21:27.604817+00:00] main.ERROR: Requested path adminhtml/Magento/backend/pt_BR/jquery/uppy/dist/uppy-custom.css is wrong. [] []
[2025-05-02T04:21:27.605516+00:00] main.CRITICAL: Requested path adminhtml/Magento/backend/pt_BR/jquery/uppy/dist/uppy-custom.css is wrong. [] []
[2025-05-02T04:21:27.616403+00:00] main.ERROR: Requested path adminhtml/Magento/backend/pt_BR/requirejs/require.js is wrong. [] []
[2025-05-02T04:21:27.617223+00:00] main.CRITICAL: Requested path adminhtml/Magento/backend/pt_BR/requirejs/require.js is wrong. [] []
[2025-05-02T04:21:27.618172+00:00] main.ERROR: Requested path adminhtml/Magento/backend/pt_BR/mage/requirejs/mixins.js is wrong. [] []
[2025-05-02T04:21:27.619310+00:00] main.CRITICAL: Requested path adminhtml/Magento/backend/pt_BR/mage/requirejs/mixins.js is wrong. [] []
[2025-05-02T04:21:27.625288+00:00] main.ERROR: Requested path adminhtml/Magento/backend/pt_BR/css/styles.css is wrong. [] []
[2025-05-02T04:21:27.625994+00:00] main.CRITICAL: Requested path adminhtml/Magento/backend/pt_BR/css/styles.css is wrong. [] []
[2025-05-02T04:21:27.625592+00:00] main.ERROR: Requested path adminhtml/Magento/backend/pt_BR/jquery/jstree/themes/default/style.css is wrong. [] []
[2025-05-02T04:21:27.626239+00:00] main.CRITICAL: Requested path adminhtml/Magento/backend/pt_BR/jquery/jstree/themes/default/style.css is wrong. [] []
[2025-05-02T04:21:27.626381+00:00] main.ERROR: Requested path adminhtml/Magento/backend/pt_BR/Magento_ReCaptchaUser/css/recaptcha.css is wrong. [] []
[2025-05-02T04:21:27.627027+00:00] main.CRITICAL: Requested path adminhtml/Magento/backend/pt_BR/Magento_ReCaptchaUser/css/recaptcha.css is wrong. [] []
[2025-05-02T04:21:27.859307+00:00] main.ERROR: Requested path adminhtml/Magento/backend/pt_BR/images/magento-logo.svg is wrong. [] []
[2025-05-02T04:21:27.859956+00:00] main.CRITICAL: Requested path adminhtml/Magento/backend/pt_BR/images/magento-logo.svg is wrong. [] []
[2025-05-02T04:22:12.977683+00:00] main.INFO: Broken reference: the 'tracking' element cannot be added as child to 'header', because the latter doesn't exist [] []
[2025-05-02T04:22:12.978450+00:00] main.INFO: Broken reference: the 'notification_area' element cannot be added as child to 'notifications', because the latter doesn't exist [] []
[2025-05-02T04:22:12.978628+00:00] main.INFO: Broken reference: the 'unread_system_messages' element cannot be added as child to 'notifications', because the latter doesn't exist [] []
[2025-05-02T04:22:12.978789+00:00] main.INFO: Broken reference: the 'notification_window' element cannot be added as child to 'notifications', because the latter doesn't exist [] []
[2025-05-02T04:22:12.978944+00:00] main.INFO: Broken reference: the 'notification.messages' element cannot be added as child to 'header', because the latter doesn't exist [] []
[2025-05-02T04:22:12.979103+00:00] main.INFO: Broken reference: the 'global_notices' element cannot be added as child to 'global.notices', because the latter doesn't exist [] []
[2025-05-02T04:22:12.979256+00:00] main.INFO: Broken reference: the 'logo' element cannot be added as child to 'header', because the latter doesn't exist [] []
[2025-05-02T04:22:12.979407+00:00] main.INFO: Broken reference: the 'global.search' element cannot be added as child to 'header', because the latter doesn't exist [] []
[2025-05-02T04:22:12.979557+00:00] main.INFO: Broken reference: the 'user' element cannot be added as child to 'header', because the latter doesn't exist [] []
[2025-05-02T04:22:12.979708+00:00] main.INFO: Broken reference: the 'menu' element cannot be added as child to 'page.menu', because the latter doesn't exist [] []
[2025-05-02T04:22:12.979855+00:00] main.INFO: Broken reference: the 'breadcrumbs' element cannot be added as child to 'page.breadcrumbs', because the latter doesn't exist [] []
[2025-05-02T04:22:12.980003+00:00] main.INFO: Broken reference: the 'formkey' element cannot be added as child to 'page.formkey', because the latter doesn't exist [] []
[2025-05-02T04:22:12.980150+00:00] main.INFO: Broken reference: the 'page.title' element cannot be added as child to 'main.top', because the latter doesn't exist [] []
[2025-05-02T04:22:12.980299+00:00] main.INFO: Broken reference: the 'messages' element cannot be added as child to 'page.messages', because the latter doesn't exist [] []
[2025-05-02T04:22:12.980445+00:00] main.INFO: Broken reference: the 'page.actions.toolbar' element cannot be added as child to 'page.main.actions', because the latter doesn't exist [] []
[2025-05-02T04:22:12.980592+00:00] main.INFO: Broken reference: the 'legal' element cannot be added as child to 'footer', because the latter doesn't exist [] []
[2025-05-02T04:22:12.980845+00:00] main.INFO: Broken reference: the 'header.inner.left' element cannot be added as child to 'header', because the latter doesn't exist [] []
[2025-05-02T04:22:12.981009+00:00] main.INFO: Broken reference: the 'header.inner.right' element cannot be added as child to 'header', because the latter doesn't exist [] []
[2025-05-02T04:22:12.981206+00:00] main.INFO: Broken reference: the 'user' tries to reorder itself towards '', but their parents are different: 'header' and '' respectively. [] []
[2025-05-02T04:22:12.981393+00:00] main.INFO: Broken reference: the 'notification.messages' tries to reorder itself towards 'user', but their parents are different: 'header' and '' respectively. [] []
[2025-05-02T04:22:12.981548+00:00] main.INFO: Broken reference: the 'logo' tries to reorder itself towards '', but their parents are different: 'header' and '' respectively. [] []
[2025-05-02T04:22:12.981698+00:00] main.INFO: Broken reference: the 'global.search' tries to reorder itself towards 'logo', but their parents are different: 'header' and '' respectively. [] []
[2025-05-02T04:22:12.981846+00:00] main.INFO: Broken reference: the 'page.actions.toolbar' tries to reorder itself towards '', but their parents are different: 'page.main.actions' and '' respectively. [] []
[2025-05-02T04:22:12.982019+00:00] main.INFO: Broken reference: the 'header.inner.left' tries to reorder itself towards '', but their parents are different: 'header' and '' respectively. [] []
[2025-05-02T04:22:12.982172+00:00] main.INFO: Broken reference: the 'header.inner.right' tries to reorder itself towards 'header.inner.left', but their parents are different: 'header' and '' respectively. [] []
[2025-05-02T04:22:12.982332+00:00] main.INFO: Broken reference: the 'notification.messages' tries to reorder itself towards 'user', but their parents are different: 'header.inner.right' and '' respectively. [] []
[2025-05-02T04:22:13.315790+00:00] main.ERROR: Requested path adminhtml/Magento/backend/pt_BR/jquery/uppy/dist/uppy-custom.css is wrong. [] []
[2025-05-02T04:22:13.316578+00:00] main.CRITICAL: Requested path adminhtml/Magento/backend/pt_BR/jquery/uppy/dist/uppy-custom.css is wrong. [] []
[2025-05-02T04:22:13.404406+00:00] main.ERROR: Requested path adminhtml/Magento/backend/pt_BR/Magento_ReCaptchaUser/css/recaptcha.css is wrong. [] []
[2025-05-02T04:22:13.405327+00:00] main.CRITICAL: Requested path adminhtml/Magento/backend/pt_BR/Magento_ReCaptchaUser/css/recaptcha.css is wrong. [] []
[2025-05-02T04:22:13.406294+00:00] main.ERROR: Requested path adminhtml/Magento/backend/pt_BR/css/styles.css is wrong. [] []
[2025-05-02T04:22:13.407235+00:00] main.CRITICAL: Requested path adminhtml/Magento/backend/pt_BR/css/styles.css is wrong. [] []
[2025-05-02T04:22:13.407111+00:00] main.ERROR: Requested path adminhtml/Magento/backend/pt_BR/jquery/jstree/themes/default/style.css is wrong. [] []
[2025-05-02T04:22:13.407965+00:00] main.CRITICAL: Requested path adminhtml/Magento/backend/pt_BR/jquery/jstree/themes/default/style.css is wrong. [] []
[2025-05-02T04:22:13.412936+00:00] main.ERROR: Requested path adminhtml/Magento/backend/pt_BR/mage/requirejs/mixins.js is wrong. [] []
[2025-05-02T04:22:13.413789+00:00] main.CRITICAL: Requested path adminhtml/Magento/backend/pt_BR/mage/requirejs/mixins.js is wrong. [] []
[2025-05-02T04:22:13.429398+00:00] main.ERROR: Requested path adminhtml/Magento/backend/pt_BR/requirejs/require.js is wrong. [] []
[2025-05-02T04:22:13.430238+00:00] main.CRITICAL: Requested path adminhtml/Magento/backend/pt_BR/requirejs/require.js is wrong. [] []
[2025-05-02T04:22:13.546164+00:00] main.ERROR: Requested path adminhtml/Magento/backend/pt_BR/images/magento-logo.svg is wrong. [] []
[2025-05-02T04:22:13.546795+00:00] main.CRITICAL: Requested path adminhtml/Magento/backend/pt_BR/images/magento-logo.svg is wrong. [] []
[2025-05-02T04:22:39.064955+00:00] main.INFO: Broken reference: the 'tracking' element cannot be added as child to 'header', because the latter doesn't exist [] []
[2025-05-02T04:22:39.065538+00:00] main.INFO: Broken reference: the 'notification_area' element cannot be added as child to 'notifications', because the latter doesn't exist [] []
[2025-05-02T04:22:39.065751+00:00] main.INFO: Broken reference: the 'unread_system_messages' element cannot be added as child to 'notifications', because the latter doesn't exist [] []
[2025-05-02T04:22:39.065916+00:00] main.INFO: Broken reference: the 'notification_window' element cannot be added as child to 'notifications', because the latter doesn't exist [] []
[2025-05-02T04:22:39.066102+00:00] main.INFO: Broken reference: the 'notification.messages' element cannot be added as child to 'header', because the latter doesn't exist [] []
[2025-05-02T04:22:39.066261+00:00] main.INFO: Broken reference: the 'global_notices' element cannot be added as child to 'global.notices', because the latter doesn't exist [] []
[2025-05-02T04:22:39.066413+00:00] main.INFO: Broken reference: the 'logo' element cannot be added as child to 'header', because the latter doesn't exist [] []
[2025-05-02T04:22:39.066562+00:00] main.INFO: Broken reference: the 'global.search' element cannot be added as child to 'header', because the latter doesn't exist [] []
[2025-05-02T04:22:39.066711+00:00] main.INFO: Broken reference: the 'user' element cannot be added as child to 'header', because the latter doesn't exist [] []
[2025-05-02T04:22:39.066859+00:00] main.INFO: Broken reference: the 'menu' element cannot be added as child to 'page.menu', because the latter doesn't exist [] []
[2025-05-02T04:22:39.067004+00:00] main.INFO: Broken reference: the 'breadcrumbs' element cannot be added as child to 'page.breadcrumbs', because the latter doesn't exist [] []
[2025-05-02T04:22:39.067151+00:00] main.INFO: Broken reference: the 'formkey' element cannot be added as child to 'page.formkey', because the latter doesn't exist [] []
[2025-05-02T04:22:39.067296+00:00] main.INFO: Broken reference: the 'page.title' element cannot be added as child to 'main.top', because the latter doesn't exist [] []
[2025-05-02T04:22:39.067442+00:00] main.INFO: Broken reference: the 'messages' element cannot be added as child to 'page.messages', because the latter doesn't exist [] []
[2025-05-02T04:22:39.067587+00:00] main.INFO: Broken reference: the 'page.actions.toolbar' element cannot be added as child to 'page.main.actions', because the latter doesn't exist [] []
[2025-05-02T04:22:39.067733+00:00] main.INFO: Broken reference: the 'legal' element cannot be added as child to 'footer', because the latter doesn't exist [] []
[2025-05-02T04:22:39.067942+00:00] main.INFO: Broken reference: the 'header.inner.left' element cannot be added as child to 'header', because the latter doesn't exist [] []
[2025-05-02T04:22:39.068096+00:00] main.INFO: Broken reference: the 'header.inner.right' element cannot be added as child to 'header', because the latter doesn't exist [] []
[2025-05-02T04:22:39.068283+00:00] main.INFO: Broken reference: the 'user' tries to reorder itself towards '', but their parents are different: 'header' and '' respectively. [] []
[2025-05-02T04:22:39.068434+00:00] main.INFO: Broken reference: the 'notification.messages' tries to reorder itself towards 'user', but their parents are different: 'header' and '' respectively. [] []
[2025-05-02T04:22:39.068583+00:00] main.INFO: Broken reference: the 'logo' tries to reorder itself towards '', but their parents are different: 'header' and '' respectively. [] []
[2025-05-02T04:22:39.068732+00:00] main.INFO: Broken reference: the 'global.search' tries to reorder itself towards 'logo', but their parents are different: 'header' and '' respectively. [] []
[2025-05-02T04:22:39.068877+00:00] main.INFO: Broken reference: the 'page.actions.toolbar' tries to reorder itself towards '', but their parents are different: 'page.main.actions' and '' respectively. [] []
[2025-05-02T04:22:39.069047+00:00] main.INFO: Broken reference: the 'header.inner.left' tries to reorder itself towards '', but their parents are different: 'header' and '' respectively. [] []
[2025-05-02T04:22:39.069196+00:00] main.INFO: Broken reference: the 'header.inner.right' tries to reorder itself towards 'header.inner.left', but their parents are different: 'header' and '' respectively. [] []
[2025-05-02T04:22:39.069387+00:00] main.INFO: Broken reference: the 'notification.messages' tries to reorder itself towards 'user', but their parents are different: 'header.inner.right' and '' respectively. [] []
[2025-05-02T04:22:39.414443+00:00] main.ERROR: Requested path adminhtml/Magento/backend/pt_BR/Magento_ReCaptchaUser/css/recaptcha.css is wrong. [] []
[2025-05-02T04:22:39.415146+00:00] main.CRITICAL: Requested path adminhtml/Magento/backend/pt_BR/Magento_ReCaptchaUser/css/recaptcha.css is wrong. [] []
[2025-05-02T04:22:39.415024+00:00] main.ERROR: Requested path adminhtml/Magento/backend/pt_BR/mage/requirejs/mixins.js is wrong. [] []
[2025-05-02T04:22:39.415637+00:00] main.CRITICAL: Requested path adminhtml/Magento/backend/pt_BR/mage/requirejs/mixins.js is wrong. [] []
[2025-05-02T04:22:39.420952+00:00] main.ERROR: Requested path adminhtml/Magento/backend/pt_BR/jquery/uppy/dist/uppy-custom.css is wrong. [] []
[] []
[2025-05-02T04:22:39.422038+00:00] main.CRITICAL: Requested path adminhtml/Magento/backend/pt_BR/jquery/uppy/dist/uppy-custom.css is wrong. [] []
[2025-05-02T04:22:39.422024+00:00] main.CRITICAL: Requested path adminhtml/Magento/backend/pt_BR/jquery/jstree/themes/default/style.css is wrong. [] []
[2025-05-02T04:22:39.425347+00:00] main.ERROR: Requested path adminhtml/Magento/backend/pt_BR/css/styles.css is wrong. [] []
[2025-05-02T04:22:39.426383+00:00] main.CRITICAL: Requested path adminhtml/Magento/backend/pt_BR/css/styles.css is wrong. [] []
[2025-05-02T04:22:39.435655+00:00] main.ERROR: Requested path adminhtml/Magento/backend/pt_BR/requirejs/require.js is wrong. [] []
[2025-05-02T04:22:39.436302+00:00] main.CRITICAL: Requested path adminhtml/Magento/backend/pt_BR/requirejs/require.js is wrong. [] []
[2025-05-02T04:22:39.665101+00:00] main.ERROR: Requested path adminhtml/Magento/backend/pt_BR/images/magento-logo.svg is wrong. [] []
[2025-05-02T04:22:39.665751+00:00] main.CRITICAL: Requested path adminhtml/Magento/backend/pt_BR/images/magento-logo.svg is wrong. [] []
[2025-05-02T15:28:37.380971+00:00] main.INFO: Broken reference: the 'catalog.compare.sidebar' element cannot be added as child to 'sidebar.additional', because the latter doesn't exist [] []
[2025-05-02T15:28:37.382545+00:00] main.INFO: Broken reference: the 'sale.reorder.sidebar' element cannot be added as child to 'sidebar.additional', because the latter doesn't exist [] []
[2025-05-02T15:28:37.382839+00:00] main.INFO: Broken reference: the 'wishlist_sidebar' element cannot be added as child to 'sidebar.additional', because the latter doesn't exist [] []
[2025-05-02T15:28:37.383033+00:00] main.INFO: Broken reference: the 'paypal.partner.right.logo' element cannot be added as child to 'sidebar.additional', because the latter doesn't exist [] []
[2025-05-02T15:28:37.383195+00:00] main.INFO: Broken reference: the 'bml.right.logo' element cannot be added as child to 'sidebar.additional', because the latter doesn't exist [] []
[2025-05-02T15:28:37.383348+00:00] main.INFO: Broken reference: the 'sidebar.container.paylater' element cannot be added as child to 'sidebar.additional', because the latter doesn't exist [] []
[2025-05-02T15:28:44.784733+00:00] main.INFO: Broken reference: the 'tracking' element cannot be added as child to 'header', because the latter doesn't exist [] []
[2025-05-02T15:28:44.785480+00:00] main.INFO: Broken reference: the 'notification_area' element cannot be added as child to 'notifications', because the latter doesn't exist [] []
[2025-05-02T15:28:44.785655+00:00] main.INFO: Broken reference: the 'unread_system_messages' element cannot be added as child to 'notifications', because the latter doesn't exist [] []
[2025-05-02T15:28:44.785815+00:00] main.INFO: Broken reference: the 'notification_window' element cannot be added as child to 'notifications', because the latter doesn't exist [] []
[2025-05-02T15:28:44.785969+00:00] main.INFO: Broken reference: the 'notification.messages' element cannot be added as child to 'header', because the latter doesn't exist [] []
[2025-05-02T15:28:44.786158+00:00] main.INFO: Broken reference: the 'global_notices' element cannot be added as child to 'global.notices', because the latter doesn't exist [] []
[2025-05-02T15:28:44.786315+00:00] main.INFO: Broken reference: the 'logo' element cannot be added as child to 'header', because the latter doesn't exist [] []
[2025-05-02T15:28:44.786498+00:00] main.INFO: Broken reference: the 'global.search' element cannot be added as child to 'header', because the latter doesn't exist [] []
[2025-05-02T15:28:44.786651+00:00] main.INFO: Broken reference: the 'user' element cannot be added as child to 'header', because the latter doesn't exist [] []
[2025-05-02T15:28:44.786802+00:00] main.INFO: Broken reference: the 'menu' element cannot be added as child to 'page.menu', because the latter doesn't exist [] []
[2025-05-02T15:28:44.786951+00:00] main.INFO: Broken reference: the 'breadcrumbs' element cannot be added as child to 'page.breadcrumbs', because the latter doesn't exist [] []
[2025-05-02T15:28:44.787098+00:00] main.INFO: Broken reference: the 'formkey' element cannot be added as child to 'page.formkey', because the latter doesn't exist [] []
[2025-05-02T15:28:44.787245+00:00] main.INFO: Broken reference: the 'page.title' element cannot be added as child to 'main.top', because the latter doesn't exist [] []
[2025-05-02T15:28:44.787391+00:00] main.INFO: Broken reference: the 'messages' element cannot be added as child to 'page.messages', because the latter doesn't exist [] []
[2025-05-02T15:28:44.787539+00:00] main.INFO: Broken reference: the 'page.actions.toolbar' element cannot be added as child to 'page.main.actions', because the latter doesn't exist [] []
[2025-05-02T15:28:44.787686+00:00] main.INFO: Broken reference: the 'legal' element cannot be added as child to 'footer', because the latter doesn't exist [] []
[2025-05-02T15:28:44.787894+00:00] main.INFO: Broken reference: the 'header.inner.left' element cannot be added as child to 'header', because the latter doesn't exist [] []
[2025-05-02T15:28:44.788051+00:00] main.INFO: Broken reference: the 'header.inner.right' element cannot be added as child to 'header', because the latter doesn't exist [] []
[2025-05-02T15:28:44.788240+00:00] main.INFO: Broken reference: the 'user' tries to reorder itself towards '', but their parents are different: 'header' and '' respectively. [] []
[2025-05-02T15:28:44.788395+00:00] main.INFO: Broken reference: the 'notification.messages' tries to reorder itself towards 'user', but their parents are different: 'header' and '' respectively. [] []
[2025-05-02T15:28:44.788544+00:00] main.INFO: Broken reference: the 'logo' tries to reorder itself towards '', but their parents are different: 'header' and '' respectively. [] []
[2025-05-02T15:28:44.788691+00:00] main.INFO: Broken reference: the 'global.search' tries to reorder itself towards 'logo', but their parents are different: 'header' and '' respectively. [] []
[2025-05-02T15:28:44.788839+00:00] main.INFO: Broken reference: the 'page.actions.toolbar' tries to reorder itself towards '', but their parents are different: 'page.main.actions' and '' respectively. [] []
[2025-05-02T15:28:44.789010+00:00] main.INFO: Broken reference: the 'header.inner.left' tries to reorder itself towards '', but their parents are different: 'header' and '' respectively. [] []
[2025-05-02T15:28:44.789162+00:00] main.INFO: Broken reference: the 'header.inner.right' tries to reorder itself towards 'header.inner.left', but their parents are different: 'header' and '' respectively. [] []
[2025-05-02T15:28:44.789318+00:00] main.INFO: Broken reference: the 'notification.messages' tries to reorder itself towards 'user', but their parents are different: 'header.inner.right' and '' respectively. [] []
[2025-05-02T15:28:45.190167+00:00] main.ERROR: Requested path adminhtml/Magento/backend/pt_BR/requirejs/require.js is wrong. [] []
[2025-05-02T15:28:45.190267+00:00] main.ERROR: Requested path adminhtml/Magento/backend/pt_BR/jquery/uppy/dist/uppy-custom.css is wrong. [] []
[2025-05-02T15:28:45.190920+00:00] main.CRITICAL: Requested path adminhtml/Magento/backend/pt_BR/requirejs/require.js is wrong. [] []
[2025-05-02T15:28:45.191138+00:00] main.CRITICAL: Requested path adminhtml/Magento/backend/pt_BR/jquery/uppy/dist/uppy-custom.css is wrong. [] []
[2025-05-02T15:28:45.275180+00:00] main.ERROR: Requested path adminhtml/Magento/backend/pt_BR/css/styles.css is wrong. [] []
[2025-05-02T15:28:45.276115+00:00] main.CRITICAL: Requested path adminhtml/Magento/backend/pt_BR/css/styles.css is wrong. [] []
[2025-05-02T15:28:45.276722+00:00] main.ERROR: Requested path adminhtml/Magento/backend/pt_BR/Magento_ReCaptchaUser/css/recaptcha.css is wrong. [] []
[2025-05-02T15:28:45.277603+00:00] main.CRITICAL: Requested path adminhtml/Magento/backend/pt_BR/Magento_ReCaptchaUser/css/recaptcha.css is wrong. [] []
[2025-05-02T15:28:45.276997+00:00] main.ERROR: Requested path adminhtml/Magento/backend/pt_BR/mage/requirejs/mixins.js is wrong. [] []
[2025-05-02T15:28:45.277927+00:00] main.CRITICAL: Requested path adminhtml/Magento/backend/pt_BR/mage/requirejs/mixins.js is wrong. [] []
[2025-05-02T15:28:45.292459+00:00] main.ERROR: Requested path adminhtml/Magento/backend/pt_BR/jquery/jstree/themes/default/style.css is wrong. [] []
[2025-05-02T15:28:45.293314+00:00] main.CRITICAL: Requested path adminhtml/Magento/backend/pt_BR/jquery/jstree/themes/default/style.css is wrong. [] []
[2025-05-02T15:28:45.431626+00:00] main.ERROR: Requested path adminhtml/Magento/backend/pt_BR/images/magento-logo.svg is wrong. [] []
[2025-05-02T15:28:45.432260+00:00] main.CRITICAL: Requested path adminhtml/Magento/backend/pt_BR/images/magento-logo.svg is wrong. [] []
[2025-05-02T15:28:45.665567+00:00] main.ERROR: Requested path adminhtml/Magento/backend/pt_BR/Magento_Theme/favicon.ico is wrong. [] []
[2025-05-02T15:28:45.666194+00:00] main.CRITICAL: Requested path adminhtml/Magento/backend/pt_BR/Magento_Theme/favicon.ico is wrong. [] []
[2025-05-02T15:29:17.196051+00:00] main.INFO: Broken reference: the 'tracking' element cannot be added as child to 'header', because the latter doesn't exist [] []
[2025-05-02T15:29:17.196630+00:00] main.INFO: Broken reference: the 'notification_area' element cannot be added as child to 'notifications', because the latter doesn't exist [] []
[2025-05-02T15:29:17.196804+00:00] main.INFO: Broken reference: the 'unread_system_messages' element cannot be added as child to 'notifications', because the latter doesn't exist [] []
[2025-05-02T15:29:17.196957+00:00] main.INFO: Broken reference: the 'notification_window' element cannot be added as child to 'notifications', because the latter doesn't exist [] []
[2025-05-02T15:29:17.197107+00:00] main.INFO: Broken reference: the 'notification.messages' element cannot be added as child to 'header', because the latter doesn't exist [] []
[2025-05-02T15:29:17.197258+00:00] main.INFO: Broken reference: the 'global_notices' element cannot be added as child to 'global.notices', because the latter doesn't exist [] []
[2025-05-02T15:29:17.197403+00:00] main.INFO: Broken reference: the 'logo' element cannot be added as child to 'header', because the latter doesn't exist [] []
[2025-05-02T15:29:17.197547+00:00] main.INFO: Broken reference: the 'global.search' element cannot be added as child to 'header', because the latter doesn't exist [] []
[2025-05-02T15:29:17.197691+00:00] main.INFO: Broken reference: the 'user' element cannot be added as child to 'header', because the latter doesn't exist [] []
[2025-05-02T15:29:17.197850+00:00] main.INFO: Broken reference: the 'menu' element cannot be added as child to 'page.menu', because the latter doesn't exist [] []
[2025-05-02T15:29:17.197993+00:00] main.INFO: Broken reference: the 'breadcrumbs' element cannot be added as child to 'page.breadcrumbs', because the latter doesn't exist [] []
[2025-05-02T15:29:17.198135+00:00] main.INFO: Broken reference: the 'formkey' element cannot be added as child to 'page.formkey', because the latter doesn't exist [] []
[2025-05-02T15:29:17.198318+00:00] main.INFO: Broken reference: the 'page.title' element cannot be added as child to 'main.top', because the latter doesn't exist [] []
[2025-05-02T15:29:17.198468+00:00] main.INFO: Broken reference: the 'messages' element cannot be added as child to 'page.messages', because the latter doesn't exist [] []
[2025-05-02T15:29:17.198640+00:00] main.INFO: Broken reference: the 'page.actions.toolbar' element cannot be added as child to 'page.main.actions', because the latter doesn't exist [] []
[2025-05-02T15:29:17.198788+00:00] main.INFO: Broken reference: the 'legal' element cannot be added as child to 'footer', because the latter doesn't exist [] []
[2025-05-02T15:29:17.198992+00:00] main.INFO: Broken reference: the 'header.inner.left' element cannot be added as child to 'header', because the latter doesn't exist [] []
[2025-05-02T15:29:17.199142+00:00] main.INFO: Broken reference: the 'header.inner.right' element cannot be added as child to 'header', because the latter doesn't exist [] []
[2025-05-02T15:29:17.199325+00:00] main.INFO: Broken reference: the 'user' tries to reorder itself towards '', but their parents are different: 'header' and '' respectively. [] []
[2025-05-02T15:29:17.199472+00:00] main.INFO: Broken reference: the 'notification.messages' tries to reorder itself towards 'user', but their parents are different: 'header' and '' respectively. [] []
[2025-05-02T15:29:17.199616+00:00] main.INFO: Broken reference: the 'logo' tries to reorder itself towards '', but their parents are different: 'header' and '' respectively. [] []
[2025-05-02T15:29:17.199759+00:00] main.INFO: Broken reference: the 'global.search' tries to reorder itself towards 'logo', but their parents are different: 'header' and '' respectively. [] []
[2025-05-02T15:29:17.199900+00:00] main.INFO: Broken reference: the 'page.actions.toolbar' tries to reorder itself towards '', but their parents are different: 'page.main.actions' and '' respectively. [] []
[2025-05-02T15:29:17.200064+00:00] main.INFO: Broken reference: the 'header.inner.left' tries to reorder itself towards '', but their parents are different: 'header' and '' respectively. [] []
[2025-05-02T15:29:17.200210+00:00] main.INFO: Broken reference: the 'header.inner.right' tries to reorder itself towards 'header.inner.left', but their parents are different: 'header' and '' respectively. [] []
[2025-05-02T15:29:17.200361+00:00] main.INFO: Broken reference: the 'notification.messages' tries to reorder itself towards 'user', but their parents are different: 'header.inner.right' and '' respectively. [] []
[2025-05-02T15:29:17.520582+00:00] main.ERROR: Requested path adminhtml/Magento/backend/pt_BR/jquery/uppy/dist/uppy-custom.css is wrong. [] []
[2025-05-02T15:29:17.521294+00:00] main.CRITICAL: Requested path adminhtml/Magento/backend/pt_BR/jquery/uppy/dist/uppy-custom.css is wrong. [] []
[2025-05-02T15:29:17.531894+00:00] main.ERROR: Requested path adminhtml/Magento/backend/pt_BR/css/styles.css is wrong. [] []
[2025-05-02T15:29:17.532562+00:00] main.CRITICAL: Requested path adminhtml/Magento/backend/pt_BR/css/styles.css is wrong. [] []
[2025-05-02T15:29:17.534073+00:00] main.ERROR: Requested path adminhtml/Magento/backend/pt_BR/Magento_ReCaptchaUser/css/recaptcha.css is wrong. [] []
[2025-05-02T15:29:17.534875+00:00] main.CRITICAL: Requested path adminhtml/Magento/backend/pt_BR/Magento_ReCaptchaUser/css/recaptcha.css is wrong. [] []
[2025-05-02T15:29:17.536170+00:00] main.ERROR: Requested path adminhtml/Magento/backend/pt_BR/mage/requirejs/mixins.js is wrong. [] []
[2025-05-02T15:29:17.536972+00:00] main.CRITICAL: Requested path adminhtml/Magento/backend/pt_BR/mage/requirejs/mixins.js is wrong. [] []
[2025-05-02T15:29:17.538981+00:00] main.ERROR: Requested path adminhtml/Magento/backend/pt_BR/requirejs/require.js is wrong. [] []
[2025-05-02T15:29:17.539653+00:00] main.CRITICAL: Requested path adminhtml/Magento/backend/pt_BR/requirejs/require.js is wrong. [] []
[2025-05-02T15:29:17.539948+00:00] main.ERROR: Requested path adminhtml/Magento/backend/pt_BR/jquery/jstree/themes/default/style.css is wrong. [] []
[2025-05-02T15:29:17.540607+00:00] main.CRITICAL: Requested path adminhtml/Magento/backend/pt_BR/jquery/jstree/themes/default/style.css is wrong. [] []
[2025-05-02T15:29:17.749939+00:00] main.ERROR: Requested path adminhtml/Magento/backend/pt_BR/images/magento-logo.svg is wrong. [] []
[2025-05-02T15:29:17.750559+00:00] main.CRITICAL: Requested path adminhtml/Magento/backend/pt_BR/images/magento-logo.svg is wrong. [] []
[2025-05-02T15:53:00.477036+00:00] main.INFO: Broken reference: the 'tracking' element cannot be added as child to 'header', because the latter doesn't exist [] []
[2025-05-02T15:53:00.477790+00:00] main.INFO: Broken reference: the 'notification_area' element cannot be added as child to 'notifications', because the latter doesn't exist [] []
[2025-05-02T15:53:00.477969+00:00] main.INFO: Broken reference: the 'unread_system_messages' element cannot be added as child to 'notifications', because the latter doesn't exist [] []
[2025-05-02T15:53:00.478131+00:00] main.INFO: Broken reference: the 'notification_window' element cannot be added as child to 'notifications', because the latter doesn't exist [] []
[2025-05-02T15:53:00.478287+00:00] main.INFO: Broken reference: the 'notification.messages' element cannot be added as child to 'header', because the latter doesn't exist [] []
[2025-05-02T15:53:00.478448+00:00] main.INFO: Broken reference: the 'global_notices' element cannot be added as child to 'global.notices', because the latter doesn't exist [] []
[2025-05-02T15:53:00.478601+00:00] main.INFO: Broken reference: the 'logo' element cannot be added as child to 'header', because the latter doesn't exist [] []
[2025-05-02T15:53:00.478752+00:00] main.INFO: Broken reference: the 'global.search' element cannot be added as child to 'header', because the latter doesn't exist [] []
[2025-05-02T15:53:00.478902+00:00] main.INFO: Broken reference: the 'user' element cannot be added as child to 'header', because the latter doesn't exist [] []
[2025-05-02T15:53:00.479052+00:00] main.INFO: Broken reference: the 'menu' element cannot be added as child to 'page.menu', because the latter doesn't exist [] []
[2025-05-02T15:53:00.479201+00:00] main.INFO: Broken reference: the 'breadcrumbs' element cannot be added as child to 'page.breadcrumbs', because the latter doesn't exist [] []
[2025-05-02T15:53:00.479348+00:00] main.INFO: Broken reference: the 'formkey' element cannot be added as child to 'page.formkey', because the latter doesn't exist [] []
[2025-05-02T15:53:00.479504+00:00] main.INFO: Broken reference: the 'page.title' element cannot be added as child to 'main.top', because the latter doesn't exist [] []
[2025-05-02T15:53:00.479652+00:00] main.INFO: Broken reference: the 'messages' element cannot be added as child to 'page.messages', because the latter doesn't exist [] []
[2025-05-02T15:53:00.479800+00:00] main.INFO: Broken reference: the 'page.actions.toolbar' element cannot be added as child to 'page.main.actions', because the latter doesn't exist [] []
[2025-05-02T15:53:00.479947+00:00] main.INFO: Broken reference: the 'legal' element cannot be added as child to 'footer', because the latter doesn't exist [] []
[2025-05-02T15:53:00.480159+00:00] main.INFO: Broken reference: the 'header.inner.left' element cannot be added as child to 'header', because the latter doesn't exist [] []
[2025-05-02T15:53:00.480315+00:00] main.INFO: Broken reference: the 'header.inner.right' element cannot be added as child to 'header', because the latter doesn't exist [] []
[2025-05-02T15:53:00.480508+00:00] main.INFO: Broken reference: the 'user' tries to reorder itself towards '', but their parents are different: 'header' and '' respectively. [] []
[2025-05-02T15:53:00.480663+00:00] main.INFO: Broken reference: the 'notification.messages' tries to reorder itself towards 'user', but their parents are different: 'header' and '' respectively. [] []
[2025-05-02T15:53:00.480815+00:00] main.INFO: Broken reference: the 'logo' tries to reorder itself towards '', but their parents are different: 'header' and '' respectively. [] []
[2025-05-02T15:53:00.481001+00:00] main.INFO: Broken reference: the 'global.search' tries to reorder itself towards 'logo', but their parents are different: 'header' and '' respectively. [] []
[2025-05-02T15:53:00.481157+00:00] main.INFO: Broken reference: the 'page.actions.toolbar' tries to reorder itself towards '', but their parents are different: 'page.main.actions' and '' respectively. [] []
[2025-05-02T15:53:00.481374+00:00] main.INFO: Broken reference: the 'header.inner.left' tries to reorder itself towards '', but their parents are different: 'header' and '' respectively. [] []
[2025-05-02T15:53:00.481532+00:00] main.INFO: Broken reference: the 'header.inner.right' tries to reorder itself towards 'header.inner.left', but their parents are different: 'header' and '' respectively. [] []
[2025-05-02T15:53:00.481693+00:00] main.INFO: Broken reference: the 'notification.messages' tries to reorder itself towards 'user', but their parents are different: 'header.inner.right' and '' respectively. [] []
[2025-05-02T15:53:00.849665+00:00] main.ERROR: Requested path adminhtml/Magento/backend/pt_BR/jquery/uppy/dist/uppy-custom.css is wrong. [] []
[2025-05-02T15:53:00.850481+00:00] main.CRITICAL: Requested path adminhtml/Magento/backend/pt_BR/jquery/uppy/dist/uppy-custom.css is wrong. [] []
[2025-05-02T15:53:00.903034+00:00] main.ERROR: Requested path adminhtml/Magento/backend/pt_BR/css/styles.css is wrong. [] []
[2025-05-02T15:53:00.904287+00:00] main.CRITICAL: Requested path adminhtml/Magento/backend/pt_BR/css/styles.css is wrong. [] []
[2025-05-02T15:53:00.906719+00:00] main.ERROR: Requested path adminhtml/Magento/backend/pt_BR/requirejs/require.js is wrong. [] []
[2025-05-02T15:53:00.908048+00:00] main.CRITICAL: Requested path adminhtml/Magento/backend/pt_BR/requirejs/require.js is wrong. [] []
[2025-05-02T15:53:00.907921+00:00] main.ERROR: Requested path adminhtml/Magento/backend/pt_BR/Magento_ReCaptchaUser/css/recaptcha.css is wrong. [] []
[2025-05-02T15:53:00.908948+00:00] main.CRITICAL: Requested path adminhtml/Magento/backend/pt_BR/Magento_ReCaptchaUser/css/recaptcha.css is wrong. [] []
[2025-05-02T15:53:00.914566+00:00] main.ERROR: Requested path adminhtml/Magento/backend/pt_BR/mage/requirejs/mixins.js is wrong. [] []
[2025-05-02T15:53:00.915422+00:00] main.CRITICAL: Requested path adminhtml/Magento/backend/pt_BR/mage/requirejs/mixins.js is wrong. [] []
[2025-05-02T15:53:00.927108+00:00] main.ERROR: Requested path adminhtml/Magento/backend/pt_BR/jquery/jstree/themes/default/style.css is wrong. [] []
[2025-05-02T15:53:00.927972+00:00] main.CRITICAL: Requested path adminhtml/Magento/backend/pt_BR/jquery/jstree/themes/default/style.css is wrong. [] []
[2025-05-02T15:53:01.098833+00:00] main.ERROR: Requested path adminhtml/Magento/backend/pt_BR/images/magento-logo.svg is wrong. [] []
[2025-05-02T15:53:01.099498+00:00] main.CRITICAL: Requested path adminhtml/Magento/backend/pt_BR/images/magento-logo.svg is wrong. [] []
[2025-05-02T15:53:01.327266+00:00] main.ERROR: Requested path adminhtml/Magento/backend/pt_BR/Magento_Theme/favicon.ico is wrong. [] []
[2025-05-02T15:53:01.327944+00:00] main.CRITICAL: Requested path adminhtml/Magento/backend/pt_BR/Magento_Theme/favicon.ico is wrong. [] []
[2025-05-02T15:53:04.807063+00:00] main.INFO: Broken reference: the 'tracking' element cannot be added as child to 'header', because the latter doesn't exist [] []
[2025-05-02T15:53:04.807652+00:00] main.INFO: Broken reference: the 'notification_area' element cannot be added as child to 'notifications', because the latter doesn't exist [] []
[2025-05-02T15:53:04.807828+00:00] main.INFO: Broken reference: the 'unread_system_messages' element cannot be added as child to 'notifications', because the latter doesn't exist [] []
[2025-05-02T15:53:04.807983+00:00] main.INFO: Broken reference: the 'notification_window' element cannot be added as child to 'notifications', because the latter doesn't exist [] []
[2025-05-02T15:53:04.808134+00:00] main.INFO: Broken reference: the 'notification.messages' element cannot be added as child to 'header', because the latter doesn't exist [] []
[2025-05-02T15:53:04.808322+00:00] main.INFO: Broken reference: the 'global_notices' element cannot be added as child to 'global.notices', because the latter doesn't exist [] []
[2025-05-02T15:53:04.808475+00:00] main.INFO: Broken reference: the 'logo' element cannot be added as child to 'header', because the latter doesn't exist [] []
[2025-05-02T15:53:04.808651+00:00] main.INFO: Broken reference: the 'global.search' element cannot be added as child to 'header', because the latter doesn't exist [] []
[2025-05-02T15:53:04.808803+00:00] main.INFO: Broken reference: the 'user' element cannot be added as child to 'header', because the latter doesn't exist [] []
[2025-05-02T15:53:04.808950+00:00] main.INFO: Broken reference: the 'menu' element cannot be added as child to 'page.menu', because the latter doesn't exist [] []
[2025-05-02T15:53:04.809095+00:00] main.INFO: Broken reference: the 'breadcrumbs' element cannot be added as child to 'page.breadcrumbs', because the latter doesn't exist [] []
[2025-05-02T15:53:04.809240+00:00] main.INFO: Broken reference: the 'formkey' element cannot be added as child to 'page.formkey', because the latter doesn't exist [] []
[2025-05-02T15:53:04.809383+00:00] main.INFO: Broken reference: the 'page.title' element cannot be added as child to 'main.top', because the latter doesn't exist [] []
[2025-05-02T15:53:04.809527+00:00] main.INFO: Broken reference: the 'messages' element cannot be added as child to 'page.messages', because the latter doesn't exist [] []
[2025-05-02T15:53:04.809671+00:00] main.INFO: Broken reference: the 'page.actions.toolbar' element cannot be added as child to 'page.main.actions', because the latter doesn't exist [] []
[2025-05-02T15:53:04.809816+00:00] main.INFO: Broken reference: the 'legal' element cannot be added as child to 'footer', because the latter doesn't exist [] []
[2025-05-02T15:53:04.810022+00:00] main.INFO: Broken reference: the 'header.inner.left' element cannot be added as child to 'header', because the latter doesn't exist [] []
[2025-05-02T15:53:04.810173+00:00] main.INFO: Broken reference: the 'header.inner.right' element cannot be added as child to 'header', because the latter doesn't exist [] []
[2025-05-02T15:53:04.810358+00:00] main.INFO: Broken reference: the 'user' tries to reorder itself towards '', but their parents are different: 'header' and '' respectively. [] []
[2025-05-02T15:53:04.810507+00:00] main.INFO: Broken reference: the 'notification.messages' tries to reorder itself towards 'user', but their parents are different: 'header' and '' respectively. [] []
[2025-05-02T15:53:04.810651+00:00] main.INFO: Broken reference: the 'logo' tries to reorder itself towards '', but their parents are different: 'header' and '' respectively. [] []
[2025-05-02T15:53:04.810796+00:00] main.INFO: Broken reference: the 'global.search' tries to reorder itself towards 'logo', but their parents are different: 'header' and '' respectively. [] []
[2025-05-02T15:53:04.810940+00:00] main.INFO: Broken reference: the 'page.actions.toolbar' tries to reorder itself towards '', but their parents are different: 'page.main.actions' and '' respectively. [] []
[2025-05-02T15:53:04.811108+00:00] main.INFO: Broken reference: the 'header.inner.left' tries to reorder itself towards '', but their parents are different: 'header' and '' respectively. [] []
[2025-05-02T15:53:04.811256+00:00] main.INFO: Broken reference: the 'header.inner.right' tries to reorder itself towards 'header.inner.left', but their parents are different: 'header' and '' respectively. [] []
[2025-05-02T15:53:04.811409+00:00] main.INFO: Broken reference: the 'notification.messages' tries to reorder itself towards 'user', but their parents are different: 'header.inner.right' and '' respectively. [] []
[2025-05-02T15:53:05.137638+00:00] main.ERROR: Requested path adminhtml/Magento/backend/pt_BR/css/styles.css is wrong. [] []
[2025-05-02T15:53:05.138331+00:00] main.CRITICAL: Requested path adminhtml/Magento/backend/pt_BR/css/styles.css is wrong. [] []
[2025-05-02T15:53:05.138393+00:00] main.ERROR: Requested path adminhtml/Magento/backend/pt_BR/mage/requirejs/mixins.js is wrong. [] []
[2025-05-02T15:53:05.139011+00:00] main.CRITICAL: Requested path adminhtml/Magento/backend/pt_BR/mage/requirejs/mixins.js is wrong. [] []
[2025-05-02T15:53:05.149189+00:00] main.ERROR: Requested path adminhtml/Magento/backend/pt_BR/jquery/jstree/themes/default/style.css is wrong. [] []
[2025-05-02T15:53:05.149871+00:00] main.CRITICAL: Requested path adminhtml/Magento/backend/pt_BR/jquery/jstree/themes/default/style.css is wrong. [] []
[2025-05-02T15:53:05.150069+00:00] main.ERROR: Requested path adminhtml/Magento/backend/pt_BR/Magento_ReCaptchaUser/css/recaptcha.css is wrong. [] []
[2025-05-02T15:53:05.150668+00:00] main.CRITICAL: Requested path adminhtml/Magento/backend/pt_BR/Magento_ReCaptchaUser/css/recaptcha.css is wrong. [] []
[2025-05-02T15:53:05.151303+00:00] main.ERROR: Requested path adminhtml/Magento/backend/pt_BR/requirejs/require.js is wrong. [] []
[2025-05-02T15:53:05.151956+00:00] main.CRITICAL: Requested path adminhtml/Magento/backend/pt_BR/requirejs/require.js is wrong. [] []
[2025-05-02T15:53:05.162547+00:00] main.ERROR: Requested path adminhtml/Magento/backend/pt_BR/jquery/uppy/dist/uppy-custom.css is wrong. [] []
[2025-05-02T15:53:05.170619+00:00] main.CRITICAL: Requested path adminhtml/Magento/backend/pt_BR/jquery/uppy/dist/uppy-custom.css is wrong. [] []
[2025-05-02T15:53:05.379928+00:00] main.ERROR: Requested path adminhtml/Magento/backend/pt_BR/images/magento-logo.svg is wrong. [] []
[2025-05-02T15:53:05.380566+00:00] main.CRITICAL: Requested path adminhtml/Magento/backend/pt_BR/images/magento-logo.svg is wrong. [] []
[2025-05-02T15:53:13.177916+00:00] main.INFO: Broken reference: the 'tracking' element cannot be added as child to 'header', because the latter doesn't exist [] []
[2025-05-02T15:53:13.178494+00:00] main.INFO: Broken reference: the 'notification_area' element cannot be added as child to 'notifications', because the latter doesn't exist [] []
[2025-05-02T15:53:13.178671+00:00] main.INFO: Broken reference: the 'unread_system_messages' element cannot be added as child to 'notifications', because the latter doesn't exist [] []
[2025-05-02T15:53:13.178831+00:00] main.INFO: Broken reference: the 'notification_window' element cannot be added as child to 'notifications', because the latter doesn't exist [] []
[2025-05-02T15:53:13.178986+00:00] main.INFO: Broken reference: the 'notification.messages' element cannot be added as child to 'header', because the latter doesn't exist [] []
[2025-05-02T15:53:13.179143+00:00] main.INFO: Broken reference: the 'global_notices' element cannot be added as child to 'global.notices', because the latter doesn't exist [] []
[2025-05-02T15:53:13.179294+00:00] main.INFO: Broken reference: the 'logo' element cannot be added as child to 'header', because the latter doesn't exist [] []
[2025-05-02T15:53:13.179444+00:00] main.INFO: Broken reference: the 'global.search' element cannot be added as child to 'header', because the latter doesn't exist [] []
[2025-05-02T15:53:13.179592+00:00] main.INFO: Broken reference: the 'user' element cannot be added as child to 'header', because the latter doesn't exist [] []
[2025-05-02T15:53:13.179738+00:00] main.INFO: Broken reference: the 'menu' element cannot be added as child to 'page.menu', because the latter doesn't exist [] []
[2025-05-02T15:53:13.179885+00:00] main.INFO: Broken reference: the 'breadcrumbs' element cannot be added as child to 'page.breadcrumbs', because the latter doesn't exist [] []
[2025-05-02T15:53:13.180031+00:00] main.INFO: Broken reference: the 'formkey' element cannot be added as child to 'page.formkey', because the latter doesn't exist [] []
[2025-05-02T15:53:13.180178+00:00] main.INFO: Broken reference: the 'page.title' element cannot be added as child to 'main.top', because the latter doesn't exist [] []
[2025-05-02T15:53:13.180324+00:00] main.INFO: Broken reference: the 'messages' element cannot be added as child to 'page.messages', because the latter doesn't exist [] []
[2025-05-02T15:53:13.180515+00:00] main.INFO: Broken reference: the 'page.actions.toolbar' element cannot be added as child to 'page.main.actions', because the latter doesn't exist [] []
[2025-05-02T15:53:13.180672+00:00] main.INFO: Broken reference: the 'legal' element cannot be added as child to 'footer', because the latter doesn't exist [] []
[2025-05-02T15:53:13.180917+00:00] main.INFO: Broken reference: the 'header.inner.left' element cannot be added as child to 'header', because the latter doesn't exist [] []
[2025-05-02T15:53:13.181077+00:00] main.INFO: Broken reference: the 'header.inner.right' element cannot be added as child to 'header', because the latter doesn't exist [] []
[2025-05-02T15:53:13.181269+00:00] main.INFO: Broken reference: the 'user' tries to reorder itself towards '', but their parents are different: 'header' and '' respectively. [] []
[2025-05-02T15:53:13.181423+00:00] main.INFO: Broken reference: the 'notification.messages' tries to reorder itself towards 'user', but their parents are different: 'header' and '' respectively. [] []
[2025-05-02T15:53:13.181574+00:00] main.INFO: Broken reference: the 'logo' tries to reorder itself towards '', but their parents are different: 'header' and '' respectively. [] []
[2025-05-02T15:53:13.181722+00:00] main.INFO: Broken reference: the 'global.search' tries to reorder itself towards 'logo', but their parents are different: 'header' and '' respectively. [] []
[2025-05-02T15:53:13.181870+00:00] main.INFO: Broken reference: the 'page.actions.toolbar' tries to reorder itself towards '', but their parents are different: 'page.main.actions' and '' respectively. [] []
[2025-05-02T15:53:13.182040+00:00] main.INFO: Broken reference: the 'header.inner.left' tries to reorder itself towards '', but their parents are different: 'header' and '' respectively. [] []
[2025-05-02T15:53:13.182191+00:00] main.INFO: Broken reference: the 'header.inner.right' tries to reorder itself towards 'header.inner.left', but their parents are different: 'header' and '' respectively. [] []
[2025-05-02T15:53:13.182349+00:00] main.INFO: Broken reference: the 'notification.messages' tries to reorder itself towards 'user', but their parents are different: 'header.inner.right' and '' respectively. [] []
[2025-05-02T15:53:36.418967+00:00] main.ERROR: Requested path adminhtml/Magento/backend/pt_BR/mage/requirejs/mixins.js is wrong. [] []
[2025-05-02T15:53:36.419631+00:00] main.CRITICAL: Requested path adminhtml/Magento/backend/pt_BR/mage/requirejs/mixins.js is wrong. [] []
[2025-05-02T16:08:54.642915+00:00] main.INFO: Broken reference: the 'tracking' element cannot be added as child to 'header', because the latter doesn't exist [] []
[2025-05-02T16:08:54.643713+00:00] main.INFO: Broken reference: the 'notification_area' element cannot be added as child to 'notifications', because the latter doesn't exist [] []
[2025-05-02T16:08:54.643893+00:00] main.INFO: Broken reference: the 'unread_system_messages' element cannot be added as child to 'notifications', because the latter doesn't exist [] []
[2025-05-02T16:08:54.644054+00:00] main.INFO: Broken reference: the 'notification_window' element cannot be added as child to 'notifications', because the latter doesn't exist [] []
[2025-05-02T16:08:54.644210+00:00] main.INFO: Broken reference: the 'notification.messages' element cannot be added as child to 'header', because the latter doesn't exist [] []
[2025-05-02T16:08:54.644371+00:00] main.INFO: Broken reference: the 'global_notices' element cannot be added as child to 'global.notices', because the latter doesn't exist [] []
[2025-05-02T16:08:54.644525+00:00] main.INFO: Broken reference: the 'logo' element cannot be added as child to 'header', because the latter doesn't exist [] []
[2025-05-02T16:08:54.644677+00:00] main.INFO: Broken reference: the 'global.search' element cannot be added as child to 'header', because the latter doesn't exist [] []
[2025-05-02T16:08:54.644828+00:00] main.INFO: Broken reference: the 'user' element cannot be added as child to 'header', because the latter doesn't exist [] []
[2025-05-02T16:08:54.645018+00:00] main.INFO: Broken reference: the 'menu' element cannot be added as child to 'page.menu', because the latter doesn't exist [] []
[2025-05-02T16:08:54.645176+00:00] main.INFO: Broken reference: the 'breadcrumbs' element cannot be added as child to 'page.breadcrumbs', because the latter doesn't exist [] []
[2025-05-02T16:08:54.645360+00:00] main.INFO: Broken reference: the 'formkey' element cannot be added as child to 'page.formkey', because the latter doesn't exist [] []
[2025-05-02T16:08:54.645515+00:00] main.INFO: Broken reference: the 'page.title' element cannot be added as child to 'main.top', because the latter doesn't exist [] []
[2025-05-02T16:08:54.645667+00:00] main.INFO: Broken reference: the 'messages' element cannot be added as child to 'page.messages', because the latter doesn't exist [] []
[2025-05-02T16:08:54.645817+00:00] main.INFO: Broken reference: the 'page.actions.toolbar' element cannot be added as child to 'page.main.actions', because the latter doesn't exist [] []
[2025-05-02T16:08:54.645967+00:00] main.INFO: Broken reference: the 'legal' element cannot be added as child to 'footer', because the latter doesn't exist [] []
[2025-05-02T16:08:54.646184+00:00] main.INFO: Broken reference: the 'header.inner.left' element cannot be added as child to 'header', because the latter doesn't exist [] []
[2025-05-02T16:08:54.646342+00:00] main.INFO: Broken reference: the 'header.inner.right' element cannot be added as child to 'header', because the latter doesn't exist [] []
[2025-05-02T16:08:54.646537+00:00] main.INFO: Broken reference: the 'user' tries to reorder itself towards '', but their parents are different: 'header' and '' respectively. [] []
[2025-05-02T16:08:54.646694+00:00] main.INFO: Broken reference: the 'notification.messages' tries to reorder itself towards 'user', but their parents are different: 'header' and '' respectively. [] []
[2025-05-02T16:08:54.646845+00:00] main.INFO: Broken reference: the 'logo' tries to reorder itself towards '', but their parents are different: 'header' and '' respectively. [] []
[2025-05-02T16:08:54.646993+00:00] main.INFO: Broken reference: the 'global.search' tries to reorder itself towards 'logo', but their parents are different: 'header' and '' respectively. [] []
[2025-05-02T16:08:54.647141+00:00] main.INFO: Broken reference: the 'page.actions.toolbar' tries to reorder itself towards '', but their parents are different: 'page.main.actions' and '' respectively. [] []
[2025-05-02T16:08:54.647314+00:00] main.INFO: Broken reference: the 'header.inner.left' tries to reorder itself towards '', but their parents are different: 'header' and '' respectively. [] []
[2025-05-02T16:08:54.647466+00:00] main.INFO: Broken reference: the 'header.inner.right' tries to reorder itself towards 'header.inner.left', but their parents are different: 'header' and '' respectively. [] []
[2025-05-02T16:08:54.647625+00:00] main.INFO: Broken reference: the 'notification.messages' tries to reorder itself towards 'user', but their parents are different: 'header.inner.right' and '' respectively. [] []
[2025-05-02T16:09:13.057563+00:00] main.INFO: Broken reference: the 'catalog.compare.sidebar' element cannot be added as child to 'sidebar.additional', because the latter doesn't exist [] []
[2025-05-02T16:09:13.058193+00:00] main.INFO: Broken reference: the 'sale.reorder.sidebar' element cannot be added as child to 'sidebar.additional', because the latter doesn't exist [] []
[2025-05-02T16:09:13.058508+00:00] main.INFO: Broken reference: the 'wishlist_sidebar' element cannot be added as child to 'sidebar.additional', because the latter doesn't exist [] []
[2025-05-02T16:09:13.058701+00:00] main.INFO: Broken reference: the 'paypal.partner.right.logo' element cannot be added as child to 'sidebar.additional', because the latter doesn't exist [] []
[2025-05-02T16:09:13.058862+00:00] main.INFO: Broken reference: the 'bml.right.logo' element cannot be added as child to 'sidebar.additional', because the latter doesn't exist [] []
[2025-05-02T16:09:13.059050+00:00] main.INFO: Broken reference: the 'sidebar.container.paylater' element cannot be added as child to 'sidebar.additional', because the latter doesn't exist [] []
[2025-05-02T16:09:16.244145+00:00] main.INFO: Broken reference: the 'catalog.compare.sidebar' element cannot be added as child to 'sidebar.additional', because the latter doesn't exist [] []
[2025-05-02T16:09:16.244955+00:00] main.INFO: Broken reference: the 'sale.reorder.sidebar' element cannot be added as child to 'sidebar.additional', because the latter doesn't exist [] []
[2025-05-02T16:09:16.245255+00:00] main.INFO: Broken reference: the 'wishlist_sidebar' element cannot be added as child to 'sidebar.additional', because the latter doesn't exist [] []
[2025-05-02T16:09:16.245449+00:00] main.INFO: Broken reference: the 'paypal.partner.right.logo' element cannot be added as child to 'sidebar.additional', because the latter doesn't exist [] []
[2025-05-02T16:09:16.245611+00:00] main.INFO: Broken reference: the 'bml.right.logo' element cannot be added as child to 'sidebar.additional', because the latter doesn't exist [] []
[2025-05-02T16:09:16.245765+00:00] main.INFO: Broken reference: the 'sidebar.container.paylater' element cannot be added as child to 'sidebar.additional', because the latter doesn't exist [] []
[2025-05-02T16:10:52.081820+00:00] main.INFO: Broken reference: the 'tracking' element cannot be added as child to 'header', because the latter doesn't exist [] []
[2025-05-02T16:10:52.082409+00:00] main.INFO: Broken reference: the 'notification_area' element cannot be added as child to 'notifications', because the latter doesn't exist [] []
[2025-05-02T16:10:52.082585+00:00] main.INFO: Broken reference: the 'unread_system_messages' element cannot be added as child to 'notifications', because the latter doesn't exist [] []
[2025-05-02T16:10:52.082744+00:00] main.INFO: Broken reference: the 'notification_window' element cannot be added as child to 'notifications', because the latter doesn't exist [] []
[2025-05-02T16:10:52.082897+00:00] main.INFO: Broken reference: the 'notification.messages' element cannot be added as child to 'header', because the latter doesn't exist [] []
[2025-05-02T16:10:52.083054+00:00] main.INFO: Broken reference: the 'global_notices' element cannot be added as child to 'global.notices', because the latter doesn't exist [] []
[2025-05-02T16:10:52.083204+00:00] main.INFO: Broken reference: the 'logo' element cannot be added as child to 'header', because the latter doesn't exist [] []
[2025-05-02T16:10:52.083354+00:00] main.INFO: Broken reference: the 'global.search' element cannot be added as child to 'header', because the latter doesn't exist [] []
[2025-05-02T16:10:52.083502+00:00] main.INFO: Broken reference: the 'user' element cannot be added as child to 'header', because the latter doesn't exist [] []
[2025-05-02T16:10:52.083650+00:00] main.INFO: Broken reference: the 'menu' element cannot be added as child to 'page.menu', because the latter doesn't exist [] []
[2025-05-02T16:10:52.083796+00:00] main.INFO: Broken reference: the 'breadcrumbs' element cannot be added as child to 'page.breadcrumbs', because the latter doesn't exist [] []
[2025-05-02T16:10:52.083943+00:00] main.INFO: Broken reference: the 'formkey' element cannot be added as child to 'page.formkey', because the latter doesn't exist [] []
[2025-05-02T16:10:52.084103+00:00] main.INFO: Broken reference: the 'page.title' element cannot be added as child to 'main.top', because the latter doesn't exist [] []
[2025-05-02T16:10:52.084250+00:00] main.INFO: Broken reference: the 'messages' element cannot be added as child to 'page.messages', because the latter doesn't exist [] []
[2025-05-02T16:10:52.084396+00:00] main.INFO: Broken reference: the 'page.actions.toolbar' element cannot be added as child to 'page.main.actions', because the latter doesn't exist [] []
[2025-05-02T16:10:52.084542+00:00] main.INFO: Broken reference: the 'legal' element cannot be added as child to 'footer', because the latter doesn't exist [] []
[2025-05-02T16:10:52.084755+00:00] main.INFO: Broken reference: the 'header.inner.left' element cannot be added as child to 'header', because the latter doesn't exist [] []
[2025-05-02T16:10:52.084949+00:00] main.INFO: Broken reference: the 'header.inner.right' element cannot be added as child to 'header', because the latter doesn't exist [] []
[2025-05-02T16:10:52.085156+00:00] main.INFO: Broken reference: the 'user' tries to reorder itself towards '', but their parents are different: 'header' and '' respectively. [] []
[2025-05-02T16:10:52.085347+00:00] main.INFO: Broken reference: the 'notification.messages' tries to reorder itself towards 'user', but their parents are different: 'header' and '' respectively. [] []
[2025-05-02T16:10:52.085501+00:00] main.INFO: Broken reference: the 'logo' tries to reorder itself towards '', but their parents are different: 'header' and '' respectively. [] []
[2025-05-02T16:10:52.085649+00:00] main.INFO: Broken reference: the 'global.search' tries to reorder itself towards 'logo', but their parents are different: 'header' and '' respectively. [] []
[2025-05-02T16:10:52.085796+00:00] main.INFO: Broken reference: the 'page.actions.toolbar' tries to reorder itself towards '', but their parents are different: 'page.main.actions' and '' respectively. [] []
[2025-05-02T16:10:52.085967+00:00] main.INFO: Broken reference: the 'header.inner.left' tries to reorder itself towards '', but their parents are different: 'header' and '' respectively. [] []
[2025-05-02T16:10:52.086119+00:00] main.INFO: Broken reference: the 'header.inner.right' tries to reorder itself towards 'header.inner.left', but their parents are different: 'header' and '' respectively. [] []
[2025-05-02T16:10:52.086279+00:00] main.INFO: Broken reference: the 'notification.messages' tries to reorder itself towards 'user', but their parents are different: 'header.inner.right' and '' respectively. [] []
[2025-05-02T16:10:55.897968+00:00] main.INFO: Broken reference: the 'tracking' element cannot be added as child to 'header', because the latter doesn't exist [] []
[2025-05-02T16:10:55.898722+00:00] main.INFO: Broken reference: the 'notification_area' element cannot be added as child to 'notifications', because the latter doesn't exist [] []
[2025-05-02T16:10:55.898901+00:00] main.INFO: Broken reference: the 'unread_system_messages' element cannot be added as child to 'notifications', because the latter doesn't exist [] []
[2025-05-02T16:10:55.899061+00:00] main.INFO: Broken reference: the 'notification_window' element cannot be added as child to 'notifications', because the latter doesn't exist [] []
[2025-05-02T16:10:55.899214+00:00] main.INFO: Broken reference: the 'notification.messages' element cannot be added as child to 'header', because the latter doesn't exist [] []
[2025-05-02T16:10:55.899371+00:00] main.INFO: Broken reference: the 'global_notices' element cannot be added as child to 'global.notices', because the latter doesn't exist [] []
[2025-05-02T16:10:55.899522+00:00] main.INFO: Broken reference: the 'logo' element cannot be added as child to 'header', because the latter doesn't exist [] []
[2025-05-02T16:10:55.899673+00:00] main.INFO: Broken reference: the 'global.search' element cannot be added as child to 'header', because the latter doesn't exist [] []
[2025-05-02T16:10:55.899822+00:00] main.INFO: Broken reference: the 'user' element cannot be added as child to 'header', because the latter doesn't exist [] []
[2025-05-02T16:10:55.899970+00:00] main.INFO: Broken reference: the 'menu' element cannot be added as child to 'page.menu', because the latter doesn't exist [] []
[2025-05-02T16:10:55.900118+00:00] main.INFO: Broken reference: the 'breadcrumbs' element cannot be added as child to 'page.breadcrumbs', because the latter doesn't exist [] []
[2025-05-02T16:10:55.900264+00:00] main.INFO: Broken reference: the 'formkey' element cannot be added as child to 'page.formkey', because the latter doesn't exist [] []
[2025-05-02T16:10:55.900411+00:00] main.INFO: Broken reference: the 'page.title' element cannot be added as child to 'main.top', because the latter doesn't exist [] []
[2025-05-02T16:10:55.900591+00:00] main.INFO: Broken reference: the 'messages' element cannot be added as child to 'page.messages', because the latter doesn't exist [] []
[2025-05-02T16:10:55.900753+00:00] main.INFO: Broken reference: the 'page.actions.toolbar' element cannot be added as child to 'page.main.actions', because the latter doesn't exist [] []
[2025-05-02T16:10:55.900931+00:00] main.INFO: Broken reference: the 'legal' element cannot be added as child to 'footer', because the latter doesn't exist [] []
[2025-05-02T16:10:55.901147+00:00] main.INFO: Broken reference: the 'header.inner.left' element cannot be added as child to 'header', because the latter doesn't exist [] []
[2025-05-02T16:10:55.901304+00:00] main.INFO: Broken reference: the 'header.inner.right' element cannot be added as child to 'header', because the latter doesn't exist [] []
[2025-05-02T16:10:55.901495+00:00] main.INFO: Broken reference: the 'user' tries to reorder itself towards '', but their parents are different: 'header' and '' respectively. [] []
[2025-05-02T16:10:55.901649+00:00] main.INFO: Broken reference: the 'notification.messages' tries to reorder itself towards 'user', but their parents are different: 'header' and '' respectively. [] []
[2025-05-02T16:10:55.901800+00:00] main.INFO: Broken reference: the 'logo' tries to reorder itself towards '', but their parents are different: 'header' and '' respectively. [] []
[2025-05-02T16:10:55.901947+00:00] main.INFO: Broken reference: the 'global.search' tries to reorder itself towards 'logo', but their parents are different: 'header' and '' respectively. [] []
[2025-05-02T16:10:55.902094+00:00] main.INFO: Broken reference: the 'page.actions.toolbar' tries to reorder itself towards '', but their parents are different: 'page.main.actions' and '' respectively. [] []
[2025-05-02T16:10:55.902265+00:00] main.INFO: Broken reference: the 'header.inner.left' tries to reorder itself towards '', but their parents are different: 'header' and '' respectively. [] []
[2025-05-02T16:10:55.902416+00:00] main.INFO: Broken reference: the 'header.inner.right' tries to reorder itself towards 'header.inner.left', but their parents are different: 'header' and '' respectively. [] []
[2025-05-02T16:10:55.902572+00:00] main.INFO: Broken reference: the 'notification.messages' tries to reorder itself towards 'user', but their parents are different: 'header.inner.right' and '' respectively. [] []
[2025-05-02T16:11:01.052806+00:00] main.ERROR: Requested path adminhtml/Magento/backend/pt_BR/underscore-umd.js.map is wrong. [] []
[2025-05-02T16:11:01.053479+00:00] main.CRITICAL: Requested path adminhtml/Magento/backend/pt_BR/underscore-umd.js.map is wrong. [] []
[2025-05-02T16:11:09.984527+00:00] main.INFO: Broken reference: the 'tracking' element cannot be added as child to 'header', because the latter doesn't exist [] []
[2025-05-02T16:11:09.985100+00:00] main.INFO: Broken reference: the 'notification_area' element cannot be added as child to 'notifications', because the latter doesn't exist [] []
[2025-05-02T16:11:09.985276+00:00] main.INFO: Broken reference: the 'unread_system_messages' element cannot be added as child to 'notifications', because the latter doesn't exist [] []
[2025-05-02T16:11:09.985442+00:00] main.INFO: Broken reference: the 'notification_window' element cannot be added as child to 'notifications', because the latter doesn't exist [] []
[2025-05-02T16:11:09.985598+00:00] main.INFO: Broken reference: the 'notification.messages' element cannot be added as child to 'header', because the latter doesn't exist [] []
[2025-05-02T16:11:09.985752+00:00] main.INFO: Broken reference: the 'global_notices' element cannot be added as child to 'global.notices', because the latter doesn't exist [] []
[2025-05-02T16:11:09.985901+00:00] main.INFO: Broken reference: the 'logo' element cannot be added as child to 'header', because the latter doesn't exist [] []
[2025-05-02T16:11:09.986048+00:00] main.INFO: Broken reference: the 'global.search' element cannot be added as child to 'header', because the latter doesn't exist [] []
[2025-05-02T16:11:09.986230+00:00] main.INFO: Broken reference: the 'user' element cannot be added as child to 'header', because the latter doesn't exist [] []
[2025-05-02T16:11:09.986384+00:00] main.INFO: Broken reference: the 'menu' element cannot be added as child to 'page.menu', because the latter doesn't exist [] []
[2025-05-02T16:11:09.986559+00:00] main.INFO: Broken reference: the 'breadcrumbs' element cannot be added as child to 'page.breadcrumbs', because the latter doesn't exist [] []
[2025-05-02T16:11:09.986710+00:00] main.INFO: Broken reference: the 'formkey' element cannot be added as child to 'page.formkey', because the latter doesn't exist [] []
[2025-05-02T16:11:09.986857+00:00] main.INFO: Broken reference: the 'page.title' element cannot be added as child to 'main.top', because the latter doesn't exist [] []
[2025-05-02T16:11:09.987002+00:00] main.INFO: Broken reference: the 'messages' element cannot be added as child to 'page.messages', because the latter doesn't exist [] []
[2025-05-02T16:11:09.987148+00:00] main.INFO: Broken reference: the 'page.actions.toolbar' element cannot be added as child to 'page.main.actions', because the latter doesn't exist [] []
[2025-05-02T16:11:09.987294+00:00] main.INFO: Broken reference: the 'legal' element cannot be added as child to 'footer', because the latter doesn't exist [] []
[2025-05-02T16:11:09.987503+00:00] main.INFO: Broken reference: the 'header.inner.left' element cannot be added as child to 'header', because the latter doesn't exist [] []
[2025-05-02T16:11:09.987656+00:00] main.INFO: Broken reference: the 'header.inner.right' element cannot be added as child to 'header', because the latter doesn't exist [] []
[2025-05-02T16:11:09.987844+00:00] main.INFO: Broken reference: the 'user' tries to reorder itself towards '', but their parents are different: 'header' and '' respectively. [] []
[2025-05-02T16:11:09.987995+00:00] main.INFO: Broken reference: the 'notification.messages' tries to reorder itself towards 'user', but their parents are different: 'header' and '' respectively. [] []
[2025-05-02T16:11:09.988143+00:00] main.INFO: Broken reference: the 'logo' tries to reorder itself towards '', but their parents are different: 'header' and '' respectively. [] []
[2025-05-02T16:11:09.988289+00:00] main.INFO: Broken reference: the 'global.search' tries to reorder itself towards 'logo', but their parents are different: 'header' and '' respectively. [] []
[2025-05-02T16:11:09.988433+00:00] main.INFO: Broken reference: the 'page.actions.toolbar' tries to reorder itself towards '', but their parents are different: 'page.main.actions' and '' respectively. [] []
[2025-05-02T16:11:09.988601+00:00] main.INFO: Broken reference: the 'header.inner.left' tries to reorder itself towards '', but their parents are different: 'header' and '' respectively. [] []
[2025-05-02T16:11:09.988749+00:00] main.INFO: Broken reference: the 'header.inner.right' tries to reorder itself towards 'header.inner.left', but their parents are different: 'header' and '' respectively. [] []
[2025-05-02T16:11:09.988903+00:00] main.INFO: Broken reference: the 'notification.messages' tries to reorder itself towards 'user', but their parents are different: 'header.inner.right' and '' respectively. [] []
[2025-05-02T16:11:10.444661+00:00] main.ERROR: Requested path adminhtml/Magento/backend/pt_BR/underscore-umd.js.map is wrong. [] []
[2025-05-02T16:11:10.445304+00:00] main.CRITICAL: Requested path adminhtml/Magento/backend/pt_BR/underscore-umd.js.map is wrong. [] []
[2025-05-02T16:11:19.218478+00:00] main.INFO: Broken reference: the 'tracking' element cannot be added as child to 'header', because the latter doesn't exist [] []
[2025-05-02T16:11:19.219059+00:00] main.INFO: Broken reference: the 'notification_area' element cannot be added as child to 'notifications', because the latter doesn't exist [] []
[2025-05-02T16:11:19.219235+00:00] main.INFO: Broken reference: the 'unread_system_messages' element cannot be added as child to 'notifications', because the latter doesn't exist [] []
[2025-05-02T16:11:19.219438+00:00] main.INFO: Broken reference: the 'notification_window' element cannot be added as child to 'notifications', because the latter doesn't exist [] []
[2025-05-02T16:11:19.219600+00:00] main.INFO: Broken reference: the 'notification.messages' element cannot be added as child to 'header', because the latter doesn't exist [] []
[2025-05-02T16:11:19.219788+00:00] main.INFO: Broken reference: the 'global_notices' element cannot be added as child to 'global.notices', because the latter doesn't exist [] []
[2025-05-02T16:11:19.219944+00:00] main.INFO: Broken reference: the 'logo' element cannot be added as child to 'header', because the latter doesn't exist [] []
[2025-05-02T16:11:19.220093+00:00] main.INFO: Broken reference: the 'global.search' element cannot be added as child to 'header', because the latter doesn't exist [] []
[2025-05-02T16:11:19.220242+00:00] main.INFO: Broken reference: the 'user' element cannot be added as child to 'header', because the latter doesn't exist [] []
[2025-05-02T16:11:19.220399+00:00] main.INFO: Broken reference: the 'menu' element cannot be added as child to 'page.menu', because the latter doesn't exist [] []
[2025-05-02T16:11:19.220556+00:00] main.INFO: Broken reference: the 'breadcrumbs' element cannot be added as child to 'page.breadcrumbs', because the latter doesn't exist [] []
[2025-05-02T16:11:19.220703+00:00] main.INFO: Broken reference: the 'formkey' element cannot be added as child to 'page.formkey', because the latter doesn't exist [] []
[2025-05-02T16:11:19.220849+00:00] main.INFO: Broken reference: the 'page.title' element cannot be added as child to 'main.top', because the latter doesn't exist [] []
[2025-05-02T16:11:19.220995+00:00] main.INFO: Broken reference: the 'messages' element cannot be added as child to 'page.messages', because the latter doesn't exist [] []
[2025-05-02T16:11:19.221139+00:00] main.INFO: Broken reference: the 'page.actions.toolbar' element cannot be added as child to 'page.main.actions', because the latter doesn't exist [] []
[2025-05-02T16:11:19.221285+00:00] main.INFO: Broken reference: the 'legal' element cannot be added as child to 'footer', because the latter doesn't exist [] []
[2025-05-02T16:11:19.221497+00:00] main.INFO: Broken reference: the 'header.inner.left' element cannot be added as child to 'header', because the latter doesn't exist [] []
[2025-05-02T16:11:19.221651+00:00] main.INFO: Broken reference: the 'header.inner.right' element cannot be added as child to 'header', because the latter doesn't exist [] []
[2025-05-02T16:11:19.221842+00:00] main.INFO: Broken reference: the 'user' tries to reorder itself towards '', but their parents are different: 'header' and '' respectively. [] []
[2025-05-02T16:11:19.221994+00:00] main.INFO: Broken reference: the 'notification.messages' tries to reorder itself towards 'user', but their parents are different: 'header' and '' respectively. [] []
[2025-05-02T16:11:19.222141+00:00] main.INFO: Broken reference: the 'logo' tries to reorder itself towards '', but their parents are different: 'header' and '' respectively. [] []
[2025-05-02T16:11:19.222287+00:00] main.INFO: Broken reference: the 'global.search' tries to reorder itself towards 'logo', but their parents are different: 'header' and '' respectively. [] []
[2025-05-02T16:11:19.222433+00:00] main.INFO: Broken reference: the 'page.actions.toolbar' tries to reorder itself towards '', but their parents are different: 'page.main.actions' and '' respectively. [] []
[2025-05-02T16:11:19.222602+00:00] main.INFO: Broken reference: the 'header.inner.left' tries to reorder itself towards '', but their parents are different: 'header' and '' respectively. [] []
[2025-05-02T16:11:19.222751+00:00] main.INFO: Broken reference: the 'header.inner.right' tries to reorder itself towards 'header.inner.left', but their parents are different: 'header' and '' respectively. [] []
[2025-05-02T16:11:19.222906+00:00] main.INFO: Broken reference: the 'notification.messages' tries to reorder itself towards 'user', but their parents are different: 'header.inner.right' and '' respectively. [] []
[2025-05-02T16:11:19.763446+00:00] main.ERROR: Requested path adminhtml/Magento/backend/pt_BR/underscore-umd.js.map is wrong. [] []
[2025-05-02T16:11:19.764310+00:00] main.CRITICAL: Requested path adminhtml/Magento/backend/pt_BR/underscore-umd.js.map is wrong. [] []
[2025-05-02T16:11:26.956196+00:00] main.INFO: Broken reference: the 'tracking' element cannot be added as child to 'header', because the latter doesn't exist [] []
[2025-05-02T16:11:26.956792+00:00] main.INFO: Broken reference: the 'notification_area' element cannot be added as child to 'notifications', because the latter doesn't exist [] []
[2025-05-02T16:11:26.956971+00:00] main.INFO: Broken reference: the 'unread_system_messages' element cannot be added as child to 'notifications', because the latter doesn't exist [] []
[2025-05-02T16:11:26.957133+00:00] main.INFO: Broken reference: the 'notification_window' element cannot be added as child to 'notifications', because the latter doesn't exist [] []
[2025-05-02T16:11:26.957288+00:00] main.INFO: Broken reference: the 'notification.messages' element cannot be added as child to 'header', because the latter doesn't exist [] []
[2025-05-02T16:11:26.957449+00:00] main.INFO: Broken reference: the 'global_notices' element cannot be added as child to 'global.notices', because the latter doesn't exist [] []
[2025-05-02T16:11:26.957613+00:00] main.INFO: Broken reference: the 'logo' element cannot be added as child to 'header', because the latter doesn't exist [] []
[2025-05-02T16:11:26.957770+00:00] main.INFO: Broken reference: the 'global.search' element cannot be added as child to 'header', because the latter doesn't exist [] []
[2025-05-02T16:11:26.957922+00:00] main.INFO: Broken reference: the 'user' element cannot be added as child to 'header', because the latter doesn't exist [] []
[2025-05-02T16:11:26.958075+00:00] main.INFO: Broken reference: the 'menu' element cannot be added as child to 'page.menu', because the latter doesn't exist [] []
[2025-05-02T16:11:26.958225+00:00] main.INFO: Broken reference: the 'breadcrumbs' element cannot be added as child to 'page.breadcrumbs', because the latter doesn't exist [] []
[2025-05-02T16:11:26.958375+00:00] main.INFO: Broken reference: the 'formkey' element cannot be added as child to 'page.formkey', because the latter doesn't exist [] []
[2025-05-02T16:11:26.958526+00:00] main.INFO: Broken reference: the 'page.title' element cannot be added as child to 'main.top', because the latter doesn't exist [] []
[2025-05-02T16:11:26.958674+00:00] main.INFO: Broken reference: the 'messages' element cannot be added as child to 'page.messages', because the latter doesn't exist [] []
[2025-05-02T16:11:26.958821+00:00] main.INFO: Broken reference: the 'page.actions.toolbar' element cannot be added as child to 'page.main.actions', because the latter doesn't exist [] []
[2025-05-02T16:11:26.958968+00:00] main.INFO: Broken reference: the 'legal' element cannot be added as child to 'footer', because the latter doesn't exist [] []
[2025-05-02T16:11:26.959187+00:00] main.INFO: Broken reference: the 'header.inner.left' element cannot be added as child to 'header', because the latter doesn't exist [] []
[2025-05-02T16:11:26.959344+00:00] main.INFO: Broken reference: the 'header.inner.right' element cannot be added as child to 'header', because the latter doesn't exist [] []
[2025-05-02T16:11:26.959546+00:00] main.INFO: Broken reference: the 'user' tries to reorder itself towards '', but their parents are different: 'header' and '' respectively. [] []
[2025-05-02T16:11:26.959703+00:00] main.INFO: Broken reference: the 'notification.messages' tries to reorder itself towards 'user', but their parents are different: 'header' and '' respectively. [] []
[2025-05-02T16:11:26.959855+00:00] main.INFO: Broken reference: the 'logo' tries to reorder itself towards '', but their parents are different: 'header' and '' respectively. [] []
[2025-05-02T16:11:26.960003+00:00] main.INFO: Broken reference: the 'global.search' tries to reorder itself towards 'logo', but their parents are different: 'header' and '' respectively. [] []
[2025-05-02T16:11:26.960207+00:00] main.INFO: Broken reference: the 'page.actions.toolbar' tries to reorder itself towards '', but their parents are different: 'page.main.actions' and '' respectively. [] []
[2025-05-02T16:11:26.960391+00:00] main.INFO: Broken reference: the 'header.inner.left' tries to reorder itself towards '', but their parents are different: 'header' and '' respectively. [] []
[2025-05-02T16:11:26.960589+00:00] main.INFO: Broken reference: the 'header.inner.right' tries to reorder itself towards 'header.inner.left', but their parents are different: 'header' and '' respectively. [] []
[2025-05-02T16:11:26.960756+00:00] main.INFO: Broken reference: the 'notification.messages' tries to reorder itself towards 'user', but their parents are different: 'header.inner.right' and '' respectively. [] []
[2025-05-02T16:11:27.559129+00:00] main.ERROR: Requested path adminhtml/Magento/backend/pt_BR/underscore-umd.js.map is wrong. [] []
[2025-05-02T16:11:27.560008+00:00] main.CRITICAL: Requested path adminhtml/Magento/backend/pt_BR/underscore-umd.js.map is wrong. [] []
[2025-05-02T16:11:44.409134+00:00] main.INFO: Broken reference: the 'tracking' element cannot be added as child to 'header', because the latter doesn't exist [] []
[2025-05-02T16:11:44.409805+00:00] main.INFO: Broken reference: the 'notification_area' element cannot be added as child to 'notifications', because the latter doesn't exist [] []
[2025-05-02T16:11:44.409986+00:00] main.INFO: Broken reference: the 'unread_system_messages' element cannot be added as child to 'notifications', because the latter doesn't exist [] []
[2025-05-02T16:11:44.410148+00:00] main.INFO: Broken reference: the 'notification_window' element cannot be added as child to 'notifications', because the latter doesn't exist [] []
[2025-05-02T16:11:44.410305+00:00] main.INFO: Broken reference: the 'notification.messages' element cannot be added as child to 'header', because the latter doesn't exist [] []
[2025-05-02T16:11:44.410471+00:00] main.INFO: Broken reference: the 'global_notices' element cannot be added as child to 'global.notices', because the latter doesn't exist [] []
[2025-05-02T16:11:44.410625+00:00] main.INFO: Broken reference: the 'logo' element cannot be added as child to 'header', because the latter doesn't exist [] []
[2025-05-02T16:11:44.410781+00:00] main.INFO: Broken reference: the 'global.search' element cannot be added as child to 'header', because the latter doesn't exist [] []
[2025-05-02T16:11:44.410933+00:00] main.INFO: Broken reference: the 'user' element cannot be added as child to 'header', because the latter doesn't exist [] []
[2025-05-02T16:11:44.411134+00:00] main.INFO: Broken reference: the 'menu' element cannot be added as child to 'page.menu', because the latter doesn't exist [] []
[2025-05-02T16:11:44.411337+00:00] main.INFO: Broken reference: the 'breadcrumbs' element cannot be added as child to 'page.breadcrumbs', because the latter doesn't exist [] []
[2025-05-02T16:11:44.411503+00:00] main.INFO: Broken reference: the 'formkey' element cannot be added as child to 'page.formkey', because the latter doesn't exist [] []
[2025-05-02T16:11:44.411662+00:00] main.INFO: Broken reference: the 'page.title' element cannot be added as child to 'main.top', because the latter doesn't exist [] []
[2025-05-02T16:11:44.411816+00:00] main.INFO: Broken reference: the 'messages' element cannot be added as child to 'page.messages', because the latter doesn't exist [] []
[2025-05-02T16:11:44.411967+00:00] main.INFO: Broken reference: the 'page.actions.toolbar' element cannot be added as child to 'page.main.actions', because the latter doesn't exist [] []
[2025-05-02T16:11:44.412118+00:00] main.INFO: Broken reference: the 'legal' element cannot be added as child to 'footer', because the latter doesn't exist [] []
[2025-05-02T16:11:44.412338+00:00] main.INFO: Broken reference: the 'header.inner.left' element cannot be added as child to 'header', because the latter doesn't exist [] []
[2025-05-02T16:11:44.412554+00:00] main.INFO: Broken reference: the 'header.inner.right' element cannot be added as child to 'header', because the latter doesn't exist [] []
[2025-05-02T16:11:44.412767+00:00] main.INFO: Broken reference: the 'user' tries to reorder itself towards '', but their parents are different: 'header' and '' respectively. [] []
[2025-05-02T16:11:44.412960+00:00] main.INFO: Broken reference: the 'notification.messages' tries to reorder itself towards 'user', but their parents are different: 'header' and '' respectively. [] []
[2025-05-02T16:11:44.413116+00:00] main.INFO: Broken reference: the 'logo' tries to reorder itself towards '', but their parents are different: 'header' and '' respectively. [] []
[2025-05-02T16:11:44.413264+00:00] main.INFO: Broken reference: the 'global.search' tries to reorder itself towards 'logo', but their parents are different: 'header' and '' respectively. [] []
[2025-05-02T16:11:44.413412+00:00] main.INFO: Broken reference: the 'page.actions.toolbar' tries to reorder itself towards '', but their parents are different: 'page.main.actions' and '' respectively. [] []
[2025-05-02T16:11:44.413587+00:00] main.INFO: Broken reference: the 'header.inner.left' tries to reorder itself towards '', but their parents are different: 'header' and '' respectively. [] []
[2025-05-02T16:11:44.413737+00:00] main.INFO: Broken reference: the 'header.inner.right' tries to reorder itself towards 'header.inner.left', but their parents are different: 'header' and '' respectively. [] []
[2025-05-02T16:11:44.413895+00:00] main.INFO: Broken reference: the 'notification.messages' tries to reorder itself towards 'user', but their parents are different: 'header.inner.right' and '' respectively. [] []
[2025-05-02T16:11:44.907013+00:00] main.ERROR: Requested path adminhtml/Magento/backend/pt_BR/underscore-umd.js.map is wrong. [] []
[2025-05-02T16:11:44.907648+00:00] main.CRITICAL: Requested path adminhtml/Magento/backend/pt_BR/underscore-umd.js.map is wrong. [] []
[2025-05-02T16:15:46.599125+00:00] main.DEBUG: cache_invalidate:  {"method":"GET","url":"http:/","invalidateInfo":{"tags":["gql_store_config_1","FPC"],"mode":"matchingTag"}} []
[2025-05-02T16:15:46.607934+00:00] main.DEBUG: cache_invalidate:  {"method":"GET","url":"http:/","invalidateInfo":{"tags":["gql_store_config_1","FPC"],"mode":"matchingTag"}} []
[2025-05-02T16:15:51.014063+00:00] main.DEBUG: cache_invalidate:  {"method":"GET","url":"http:/","invalidateInfo":{"tags":["gql_store_config_1","FPC"],"mode":"matchingTag"}} []
[2025-05-02T16:15:51.019298+00:00] main.DEBUG: cache_invalidate:  {"method":"GET","url":"http:/","invalidateInfo":{"tags":["gql_store_config_1","FPC"],"mode":"matchingTag"}} []
[2025-05-02T16:16:14.088605+00:00] main.DEBUG: cache_invalidate:  {"method":"GET","url":"http:/","invalidateInfo":{"tags":["FPC"],"mode":"matchingTag"}} []
[2025-05-02T16:16:54.855137+00:00] main.DEBUG: Item Magento_Backend::system_currency was removed [] []
[2025-05-02T16:16:54.859838+00:00] main.DEBUG: Add of item with id Magento_AdminNotification::system_adminnotification was processed [] []
[2025-05-02T16:16:54.860020+00:00] main.DEBUG: Add of item with id Magento_Theme::design_config was processed [] []
[2025-05-02T16:16:54.860129+00:00] main.DEBUG: Add of item with id Magento_Theme::system_design_theme was processed [] []
[2025-05-02T16:16:54.860228+00:00] main.DEBUG: Add of item with id Magento_Backend::system_design_schedule was processed [] []
[2025-05-02T16:16:54.860334+00:00] main.DEBUG: Add of item with id Magento_Backend::system_store was processed [] []
[2025-05-02T16:16:54.860430+00:00] main.DEBUG: Add of item with id Magento_Backend::dashboard was processed [] []
[2025-05-02T16:16:54.860520+00:00] main.DEBUG: Add of item with id Magento_Backend::system was processed [] []
[2025-05-02T16:16:54.860621+00:00] main.DEBUG: Add of item with id Magento_Backend::system_tools was processed [] []
[2025-05-02T16:16:54.860722+00:00] main.DEBUG: Add of item with id Magento_Backend::system_design was processed [] []
[2025-05-02T16:16:54.860815+00:00] main.DEBUG: Add of item with id Magento_Backend::system_convert was processed [] []
[2025-05-02T16:16:54.860956+00:00] main.DEBUG: Add of item with id Magento_Backend::system_cache was processed [] []
[2025-05-02T16:16:54.861054+00:00] main.DEBUG: Add of item with id Magento_Backend::marketing was processed [] []
[2025-05-02T16:16:54.861154+00:00] main.DEBUG: Add of item with id Magento_Backend::marketing_communications was processed [] []
[2025-05-02T16:16:54.861247+00:00] main.DEBUG: Add of item with id Magento_Backend::marketing_seo was processed [] []
[2025-05-02T16:16:54.861336+00:00] main.DEBUG: Add of item with id Magento_Backend::marketing_user_content was processed [] []
[2025-05-02T16:16:54.861425+00:00] main.DEBUG: Add of item with id Magento_Backend::content was processed [] []
[2025-05-02T16:16:54.861514+00:00] main.DEBUG: Add of item with id Magento_Backend::content_elements was processed [] []
[2025-05-02T16:16:54.861604+00:00] main.DEBUG: Add of item with id Magento_Backend::stores was processed [] []
[2025-05-02T16:16:54.861703+00:00] main.DEBUG: Add of item with id Magento_Backend::stores_settings was processed [] []
[2025-05-02T16:16:54.861793+00:00] main.DEBUG: Add of item with id Magento_Backend::stores_attributes was processed [] []
[2025-05-02T16:16:54.861882+00:00] main.DEBUG: Add of item with id Magento_Backend::other_settings was processed [] []
[2025-05-02T16:16:54.861970+00:00] main.DEBUG: Add of item with id Magento_Backend::system_other_settings was processed [] []
[2025-05-02T16:16:54.862057+00:00] main.DEBUG: Add of item with id Magento_Config::system_config was processed [] []
[2025-05-02T16:16:54.862144+00:00] main.DEBUG: Add of item with id Magento_User::system_acl was processed [] []
[2025-05-02T16:16:54.862240+00:00] main.DEBUG: Add of item with id Magento_User::system_acl_users was processed [] []
[2025-05-02T16:16:54.862330+00:00] main.DEBUG: Add of item with id Magento_User::system_acl_roles was processed [] []
[2025-05-02T16:16:54.862417+00:00] main.DEBUG: Add of item with id Magento_User::system_acl_locks was processed [] []
[2025-05-02T16:16:54.862504+00:00] main.DEBUG: Add of item with id Magento_Customer::customer was processed [] []
[2025-05-02T16:16:54.862600+00:00] main.DEBUG: Add of item with id Magento_Customer::customer_manage was processed [] []
[2025-05-02T16:16:54.862691+00:00] main.DEBUG: Add of item with id Magento_Customer::customer_online was processed [] []
[2025-05-02T16:16:54.862779+00:00] main.DEBUG: Add of item with id Magento_Customer::customer_group was processed [] []
[2025-05-02T16:16:54.862867+00:00] main.DEBUG: Add of item with id Magento_Backup::system_tools_backup was processed [] []
[2025-05-02T16:16:54.862954+00:00] main.DEBUG: Add of item with id Magento_Indexer::system_index was processed [] []
[2025-05-02T16:16:54.863041+00:00] main.DEBUG: Add of item with id Magento_Variable::system_variable was processed [] []
[2025-05-02T16:16:54.863138+00:00] main.DEBUG: Add of item with id Magento_Cms::cms_page was processed [] []
[2025-05-02T16:16:54.863228+00:00] main.DEBUG: Add of item with id Magento_Cms::cms_block was processed [] []
[2025-05-02T16:16:54.863316+00:00] main.DEBUG: Add of item with id Magento_Integration::system_extensions was processed [] []
[2025-05-02T16:16:54.863413+00:00] main.DEBUG: Add of item with id Magento_Integration::system_integrations was processed [] []
[2025-05-02T16:16:54.863511+00:00] main.DEBUG: Add of item with id Magento_Search::search_terms was processed [] []
[2025-05-02T16:16:54.863600+00:00] main.DEBUG: Add of item with id Magento_Search::search_synonyms was processed [] []
[2025-05-02T16:16:54.863689+00:00] main.DEBUG: Add of item with id Magento_Catalog::catalog was processed [] []
[2025-05-02T16:16:54.863785+00:00] main.DEBUG: Add of item with id Magento_Catalog::catalog_products was processed [] []
[2025-05-02T16:16:54.863875+00:00] main.DEBUG: Add of item with id Magento_Catalog::catalog_categories was processed [] []
[2025-05-02T16:16:54.863970+00:00] main.DEBUG: Add of item with id Magento_Catalog::catalog_attributes_attributes was processed [] []
[2025-05-02T16:16:54.864088+00:00] main.DEBUG: Add of item with id Magento_Catalog::catalog_attributes_sets was processed [] []
[2025-05-02T16:16:54.864190+00:00] main.DEBUG: Add of item with id Magento_Catalog::inventory was processed [] []
[2025-05-02T16:16:54.864282+00:00] main.DEBUG: Add of item with id Magento_CatalogRule::promo was processed [] []
[2025-05-02T16:16:54.864379+00:00] main.DEBUG: Add of item with id Magento_CatalogRule::promo_catalog was processed [] []
[2025-05-02T16:16:54.864470+00:00] main.DEBUG: Add of item with id Magento_MediaGalleryUi::media was processed [] []
[2025-05-02T16:16:54.864566+00:00] main.DEBUG: Add of item with id Magento_MediaGalleryUi::media_gallery was processed [] []
[2025-05-02T16:16:54.864657+00:00] main.DEBUG: Add of item with id Magento_Sales::sales was processed [] []
[2025-05-02T16:16:54.864753+00:00] main.DEBUG: Add of item with id Magento_Sales::sales_operation was processed [] []
[2025-05-02T16:16:54.864851+00:00] main.DEBUG: Add of item with id Magento_Sales::sales_order was processed [] []
[2025-05-02T16:16:54.864940+00:00] main.DEBUG: Add of item with id Magento_Sales::sales_invoice was processed [] []
[2025-05-02T16:16:54.865028+00:00] main.DEBUG: Add of item with id Magento_Sales::sales_shipment was processed [] []
[2025-05-02T16:16:54.865115+00:00] main.DEBUG: Add of item with id Magento_Sales::sales_creditmemo was processed [] []
[2025-05-02T16:16:54.865201+00:00] main.DEBUG: Add of item with id Magento_Sales::sales_transactions was processed [] []
[2025-05-02T16:16:54.865288+00:00] main.DEBUG: Add of item with id Magento_Sales::system_order_statuses was processed [] []
[2025-05-02T16:16:54.865375+00:00] main.DEBUG: Add of item with id Magento_Widget::cms_widget_instance was processed [] []
[2025-05-02T16:16:54.865471+00:00] main.DEBUG: Add of item with id Magento_Analytics::business_intelligence was processed [] []
[2025-05-02T16:16:54.865569+00:00] main.DEBUG: Add of item with id Magento_Analytics::advanced_reporting was processed [] []
[2025-05-02T16:16:54.865660+00:00] main.DEBUG: Add of item with id Magento_Analytics::bi_essentials was processed [] []
[2025-05-02T16:16:54.865756+00:00] main.DEBUG: Add of item with id Magento_Downloadable::report_products_downloads was processed [] []
[2025-05-02T16:16:54.865853+00:00] main.DEBUG: Add of item with id Magento_Newsletter::newsletter_template was processed [] []
[2025-05-02T16:16:54.865943+00:00] main.DEBUG: Add of item with id Magento_Newsletter::newsletter_queue was processed [] []
[2025-05-02T16:16:54.866031+00:00] main.DEBUG: Add of item with id Magento_Newsletter::newsletter_subscriber was processed [] []
[2025-05-02T16:16:54.866126+00:00] main.DEBUG: Add of item with id Magento_Newsletter::newsletter_problem was processed [] []
[2025-05-02T16:16:54.866222+00:00] main.DEBUG: Add of item with id Magento_ImportExport::system_convert_import was processed [] []
[2025-05-02T16:16:54.866311+00:00] main.DEBUG: Add of item with id Magento_ImportExport::system_convert_export was processed [] []
[2025-05-02T16:16:54.866398+00:00] main.DEBUG: Add of item with id Magento_ImportExport::system_convert_history was processed [] []
[2025-05-02T16:16:54.866485+00:00] main.DEBUG: Add of item with id Magento_Email::template was processed [] []
[2025-05-02T16:16:54.866572+00:00] main.DEBUG: Add of item with id Magento_InventoryAdminUi::inventory was processed [] []
[2025-05-02T16:16:54.866668+00:00] main.DEBUG: Add of item with id Magento_InventoryAdminUi::source was processed [] []
[2025-05-02T16:16:54.866758+00:00] main.DEBUG: Add of item with id Magento_InventoryAdminUi::stock was processed [] []
[2025-05-02T16:16:54.866845+00:00] main.DEBUG: Add of item with id Magento_Reports::report was processed [] []
[2025-05-02T16:16:54.866931+00:00] main.DEBUG: Add of item with id Magento_Reports::report_marketing was processed [] []
[2025-05-02T16:16:54.867017+00:00] main.DEBUG: Add of item with id Magento_Reports::report_salesroot was processed [] []
[2025-05-02T16:16:54.867112+00:00] main.DEBUG: Add of item with id Magento_Reports::report_salesroot_sales was processed [] []
[2025-05-02T16:16:54.867203+00:00] main.DEBUG: Add of item with id Magento_Reports::report_salesroot_tax was processed [] []
[2025-05-02T16:16:54.867292+00:00] main.DEBUG: Add of item with id Magento_Reports::report_salesroot_invoiced was processed [] []
[2025-05-02T16:16:54.867380+00:00] main.DEBUG: Add of item with id Magento_Reports::report_salesroot_shipping was processed [] []
[2025-05-02T16:16:54.867466+00:00] main.DEBUG: Add of item with id Magento_Reports::report_salesroot_refunded was processed [] []
[2025-05-02T16:16:54.867552+00:00] main.DEBUG: Add of item with id Magento_Reports::report_salesroot_coupons was processed [] []
[2025-05-02T16:16:54.867637+00:00] main.DEBUG: Add of item with id Magento_Reports::report_shopcart_product was processed [] []
[2025-05-02T16:16:54.867725+00:00] main.DEBUG: Add of item with id Magento_Reports::report_shopcart_abandoned was processed [] []
[2025-05-02T16:16:54.867810+00:00] main.DEBUG: Add of item with id Magento_Reports::report_products was processed [] []
[2025-05-02T16:16:54.867897+00:00] main.DEBUG: Add of item with id Magento_Reports::report_products_bestsellers was processed [] []
[2025-05-02T16:16:54.867983+00:00] main.DEBUG: Add of item with id Magento_Reports::report_products_sold was processed [] []
[2025-05-02T16:16:54.868069+00:00] main.DEBUG: Add of item with id Magento_Reports::report_products_viewed was processed [] []
[2025-05-02T16:16:54.868155+00:00] main.DEBUG: Add of item with id Magento_Reports::report_products_lowstock was processed [] []
[2025-05-02T16:16:54.868240+00:00] main.DEBUG: Add of item with id Magento_Reports::report_customers was processed [] []
[2025-05-02T16:16:54.868335+00:00] main.DEBUG: Add of item with id Magento_Reports::report_customers_accounts was processed [] []
[2025-05-02T16:16:54.868424+00:00] main.DEBUG: Add of item with id Magento_Reports::report_customers_totals was processed [] []
[2025-05-02T16:16:54.868511+00:00] main.DEBUG: Add of item with id Magento_Reports::report_customers_orders was processed [] []
[2025-05-02T16:16:54.868597+00:00] main.DEBUG: Add of item with id Magento_Reports::report_statistics was processed [] []
[2025-05-02T16:16:54.868694+00:00] main.DEBUG: Add of item with id Magento_Reports::report_statistics_refresh was processed [] []
[2025-05-02T16:16:54.868784+00:00] main.DEBUG: Add of item with id Magento_Search::report_search_term was processed [] []
[2025-05-02T16:16:54.868871+00:00] main.DEBUG: Add of item with id Magento_LoginAsCustomerLog::login_log was processed [] []
[2025-05-02T16:16:54.868957+00:00] main.DEBUG: Add of item with id Magento_Marketplace::partners was processed [] []
[2025-05-02T16:16:54.869044+00:00] main.DEBUG: Add of item with id Magento_SalesRule::promo_quote was processed [] []
[2025-05-02T16:16:54.869131+00:00] main.DEBUG: Add of item with id Magento_Sitemap::catalog_sitemap was processed [] []
[2025-05-02T16:16:54.869217+00:00] main.DEBUG: Add of item with id Magento_PageBuilder::templates was processed [] []
[2025-05-02T16:16:54.869303+00:00] main.DEBUG: Add of item with id Magento_PaymentServicesDashboard::paymentservicesdashboard was processed [] []
[2025-05-02T16:16:54.869390+00:00] main.DEBUG: Add of item with id Magento_Paypal::report_salesroot_paypal_settlement_reports was processed [] []
[2025-05-02T16:16:54.869478+00:00] main.DEBUG: Add of item with id Magento_Paypal::paypal_billing_agreement was processed [] []
[2025-05-02T16:16:54.869564+00:00] main.DEBUG: Add of item with id Magento_CheckoutAgreements::sales_checkoutagreement was processed [] []
[2025-05-02T16:16:54.869652+00:00] main.DEBUG: Add of item with id Magento_Review::catalog_reviews_ratings_ratings was processed [] []
[2025-05-02T16:16:54.869748+00:00] main.DEBUG: Add of item with id Magento_Review::catalog_reviews_ratings_pending was processed [] []
[2025-05-02T16:16:54.869836+00:00] main.DEBUG: Add of item with id Magento_Review::catalog_reviews_ratings_reviews_all was processed [] []
[2025-05-02T16:16:54.869956+00:00] main.DEBUG: Add of item with id Magento_Review::report_review was processed [] []
[2025-05-02T16:16:54.870059+00:00] main.DEBUG: Add of item with id Magento_Review::report_review_customer was processed [] []
[2025-05-02T16:16:54.870151+00:00] main.DEBUG: Add of item with id Magento_Review::report_review_product was processed [] []
[2025-05-02T16:16:54.870239+00:00] main.DEBUG: Add of item with id Magento_ServicesId::configuration was processed [] []
[2025-05-02T16:16:54.870336+00:00] main.DEBUG: Add of item with id Magento_ServicesId::services_id was processed [] []
[2025-05-02T16:16:54.870426+00:00] main.DEBUG: Add of item with id Magento_UrlRewrite::urlrewrite was processed [] []
[2025-05-02T16:16:54.870514+00:00] main.DEBUG: Add of item with id Magento_Tax::sales_tax was processed [] []
[2025-05-02T16:16:54.870611+00:00] main.DEBUG: Add of item with id Magento_Tax::sales_tax_rules was processed [] []
[2025-05-02T16:16:54.870702+00:00] main.DEBUG: Add of item with id Magento_Tax::sales_tax_rates was processed [] []
[2025-05-02T16:16:54.870790+00:00] main.DEBUG: Add of item with id Magento_TaxImportExport::system_convert_tax was processed [] []
[2025-05-02T16:16:54.870877+00:00] main.DEBUG: Add of item with id Magento_AsynchronousOperations::system_magento_logging was processed [] []
[2025-05-02T16:16:54.870973+00:00] main.DEBUG: Add of item with id Magento_AsynchronousOperations::system_magento_logging_bulk_operations was processed [] []
[2025-05-02T16:16:54.871062+00:00] main.DEBUG: Add of item with id Magento_CurrencySymbol::system_currency was processed [] []
[2025-05-02T16:16:54.871158+00:00] main.DEBUG: Add of item with id Magento_CurrencySymbol::system_currency_rates was processed [] []
[2025-05-02T16:16:54.871247+00:00] main.DEBUG: Add of item with id Magento_CurrencySymbol::system_currency_symbols was processed [] []
[2025-05-02T16:16:54.871334+00:00] main.DEBUG: Add of item with id PayPal_Braintree::settlement_report was processed [] []
[2025-05-02T16:16:54.871420+00:00] main.DEBUG: Add of item with id PayPal_Braintree::virtual_terminal was processed [] []
[2025-05-02T16:16:56.393447+00:00] main.INFO: Broken reference: the 'tracking' element cannot be added as child to 'header', because the latter doesn't exist [] []
[2025-05-02T16:16:56.394064+00:00] main.INFO: Broken reference: the 'notification_area' element cannot be added as child to 'notifications', because the latter doesn't exist [] []
[2025-05-02T16:16:56.394242+00:00] main.INFO: Broken reference: the 'unread_system_messages' element cannot be added as child to 'notifications', because the latter doesn't exist [] []
[2025-05-02T16:16:56.394403+00:00] main.INFO: Broken reference: the 'notification_window' element cannot be added as child to 'notifications', because the latter doesn't exist [] []
[2025-05-02T16:16:56.394560+00:00] main.INFO: Broken reference: the 'notification.messages' element cannot be added as child to 'header', because the latter doesn't exist [] []
[2025-05-02T16:16:56.394718+00:00] main.INFO: Broken reference: the 'global_notices' element cannot be added as child to 'global.notices', because the latter doesn't exist [] []
[2025-05-02T16:16:56.394870+00:00] main.INFO: Broken reference: the 'logo' element cannot be added as child to 'header', because the latter doesn't exist [] []
[2025-05-02T16:16:56.395020+00:00] main.INFO: Broken reference: the 'global.search' element cannot be added as child to 'header', because the latter doesn't exist [] []
[2025-05-02T16:16:56.395169+00:00] main.INFO: Broken reference: the 'user' element cannot be added as child to 'header', because the latter doesn't exist [] []
[2025-05-02T16:16:56.395320+00:00] main.INFO: Broken reference: the 'menu' element cannot be added as child to 'page.menu', because the latter doesn't exist [] []
[2025-05-02T16:16:56.395468+00:00] main.INFO: Broken reference: the 'breadcrumbs' element cannot be added as child to 'page.breadcrumbs', because the latter doesn't exist [] []
[2025-05-02T16:16:56.395615+00:00] main.INFO: Broken reference: the 'formkey' element cannot be added as child to 'page.formkey', because the latter doesn't exist [] []
[2025-05-02T16:16:56.395796+00:00] main.INFO: Broken reference: the 'page.title' element cannot be added as child to 'main.top', because the latter doesn't exist [] []
[2025-05-02T16:16:56.395950+00:00] main.INFO: Broken reference: the 'messages' element cannot be added as child to 'page.messages', because the latter doesn't exist [] []
[2025-05-02T16:16:56.396132+00:00] main.INFO: Broken reference: the 'page.actions.toolbar' element cannot be added as child to 'page.main.actions', because the latter doesn't exist [] []
[2025-05-02T16:16:56.396286+00:00] main.INFO: Broken reference: the 'legal' element cannot be added as child to 'footer', because the latter doesn't exist [] []
[2025-05-02T16:16:56.396502+00:00] main.INFO: Broken reference: the 'header.inner.left' element cannot be added as child to 'header', because the latter doesn't exist [] []
[2025-05-02T16:16:56.396660+00:00] main.INFO: Broken reference: the 'header.inner.right' element cannot be added as child to 'header', because the latter doesn't exist [] []
[2025-05-02T16:16:56.396854+00:00] main.INFO: Broken reference: the 'user' tries to reorder itself towards '', but their parents are different: 'header' and '' respectively. [] []
[2025-05-02T16:16:56.397008+00:00] main.INFO: Broken reference: the 'notification.messages' tries to reorder itself towards 'user', but their parents are different: 'header' and '' respectively. [] []
[2025-05-02T16:16:56.397159+00:00] main.INFO: Broken reference: the 'logo' tries to reorder itself towards '', but their parents are different: 'header' and '' respectively. [] []
[2025-05-02T16:16:56.397308+00:00] main.INFO: Broken reference: the 'global.search' tries to reorder itself towards 'logo', but their parents are different: 'header' and '' respectively. [] []
[2025-05-02T16:16:56.397455+00:00] main.INFO: Broken reference: the 'page.actions.toolbar' tries to reorder itself towards '', but their parents are different: 'page.main.actions' and '' respectively. [] []
[2025-05-02T16:16:56.397626+00:00] main.INFO: Broken reference: the 'header.inner.left' tries to reorder itself towards '', but their parents are different: 'header' and '' respectively. [] []
[2025-05-02T16:16:56.397778+00:00] main.INFO: Broken reference: the 'header.inner.right' tries to reorder itself towards 'header.inner.left', but their parents are different: 'header' and '' respectively. [] []
[2025-05-02T16:16:56.397935+00:00] main.INFO: Broken reference: the 'notification.messages' tries to reorder itself towards 'user', but their parents are different: 'header.inner.right' and '' respectively. [] []
[2025-05-02T16:16:56.989699+00:00] main.ERROR: Requested path adminhtml/Magento/backend/pt_BR/underscore-umd.js.map is wrong. [] []
[2025-05-02T16:16:56.990527+00:00] main.CRITICAL: Requested path adminhtml/Magento/backend/pt_BR/underscore-umd.js.map is wrong. [] []
[2025-05-02T16:17:01.590547+00:00] main.INFO: Broken reference: the 'tracking' element cannot be added as child to 'header', because the latter doesn't exist [] []
[2025-05-02T16:17:01.591143+00:00] main.INFO: Broken reference: the 'notification_area' element cannot be added as child to 'notifications', because the latter doesn't exist [] []
[2025-05-02T16:17:01.591318+00:00] main.INFO: Broken reference: the 'unread_system_messages' element cannot be added as child to 'notifications', because the latter doesn't exist [] []
[2025-05-02T16:17:01.591476+00:00] main.INFO: Broken reference: the 'notification_window' element cannot be added as child to 'notifications', because the latter doesn't exist [] []
[2025-05-02T16:17:01.591630+00:00] main.INFO: Broken reference: the 'notification.messages' element cannot be added as child to 'header', because the latter doesn't exist [] []
[2025-05-02T16:17:01.591786+00:00] main.INFO: Broken reference: the 'global_notices' element cannot be added as child to 'global.notices', because the latter doesn't exist [] []
[2025-05-02T16:17:01.591936+00:00] main.INFO: Broken reference: the 'logo' element cannot be added as child to 'header', because the latter doesn't exist [] []
[2025-05-02T16:17:01.592147+00:00] main.INFO: Broken reference: the 'global.search' element cannot be added as child to 'header', because the latter doesn't exist [] []
[2025-05-02T16:17:01.592304+00:00] main.INFO: Broken reference: the 'user' element cannot be added as child to 'header', because the latter doesn't exist [] []
[2025-05-02T16:17:01.592485+00:00] main.INFO: Broken reference: the 'menu' element cannot be added as child to 'page.menu', because the latter doesn't exist [] []
[2025-05-02T16:17:01.592639+00:00] main.INFO: Broken reference: the 'breadcrumbs' element cannot be added as child to 'page.breadcrumbs', because the latter doesn't exist [] []
[2025-05-02T16:17:01.592788+00:00] main.INFO: Broken reference: the 'formkey' element cannot be added as child to 'page.formkey', because the latter doesn't exist [] []
[2025-05-02T16:17:01.592936+00:00] main.INFO: Broken reference: the 'page.title' element cannot be added as child to 'main.top', because the latter doesn't exist [] []
[2025-05-02T16:17:01.593082+00:00] main.INFO: Broken reference: the 'messages' element cannot be added as child to 'page.messages', because the latter doesn't exist [] []
[2025-05-02T16:17:01.593229+00:00] main.INFO: Broken reference: the 'page.actions.toolbar' element cannot be added as child to 'page.main.actions', because the latter doesn't exist [] []
[2025-05-02T16:17:01.593376+00:00] main.INFO: Broken reference: the 'legal' element cannot be added as child to 'footer', because the latter doesn't exist [] []
[2025-05-02T16:17:01.593588+00:00] main.INFO: Broken reference: the 'header.inner.left' element cannot be added as child to 'header', because the latter doesn't exist [] []
[2025-05-02T16:17:01.593744+00:00] main.INFO: Broken reference: the 'header.inner.right' element cannot be added as child to 'header', because the latter doesn't exist [] []
[2025-05-02T16:17:01.593934+00:00] main.INFO: Broken reference: the 'user' tries to reorder itself towards '', but their parents are different: 'header' and '' respectively. [] []
[2025-05-02T16:17:01.594085+00:00] main.INFO: Broken reference: the 'notification.messages' tries to reorder itself towards 'user', but their parents are different: 'header' and '' respectively. [] []
[2025-05-02T16:17:01.594233+00:00] main.INFO: Broken reference: the 'logo' tries to reorder itself towards '', but their parents are different: 'header' and '' respectively. [] []
[2025-05-02T16:17:01.594379+00:00] main.INFO: Broken reference: the 'global.search' tries to reorder itself towards 'logo', but their parents are different: 'header' and '' respectively. [] []
[2025-05-02T16:17:01.594536+00:00] main.INFO: Broken reference: the 'page.actions.toolbar' tries to reorder itself towards '', but their parents are different: 'page.main.actions' and '' respectively. [] []
[2025-05-02T16:17:01.594707+00:00] main.INFO: Broken reference: the 'header.inner.left' tries to reorder itself towards '', but their parents are different: 'header' and '' respectively. [] []
[2025-05-02T16:17:01.594858+00:00] main.INFO: Broken reference: the 'header.inner.right' tries to reorder itself towards 'header.inner.left', but their parents are different: 'header' and '' respectively. [] []
[2025-05-02T16:17:01.595014+00:00] main.INFO: Broken reference: the 'notification.messages' tries to reorder itself towards 'user', but their parents are different: 'header.inner.right' and '' respectively. [] []
[2025-05-02T16:17:02.027857+00:00] main.ERROR: Requested path adminhtml/Magento/backend/pt_BR/underscore-umd.js.map is wrong. [] []
[2025-05-02T16:17:02.028485+00:00] main.CRITICAL: Requested path adminhtml/Magento/backend/pt_BR/underscore-umd.js.map is wrong. [] []
[2025-05-02T16:17:10.320273+00:00] main.INFO: Broken reference: the 'tracking' element cannot be added as child to 'header', because the latter doesn't exist [] []
[2025-05-02T16:17:10.320843+00:00] main.INFO: Broken reference: the 'notification_area' element cannot be added as child to 'notifications', because the latter doesn't exist [] []
[2025-05-02T16:17:10.321053+00:00] main.INFO: Broken reference: the 'unread_system_messages' element cannot be added as child to 'notifications', because the latter doesn't exist [] []
[2025-05-02T16:17:10.321218+00:00] main.INFO: Broken reference: the 'notification_window' element cannot be added as child to 'notifications', because the latter doesn't exist [] []
[2025-05-02T16:17:10.321402+00:00] main.INFO: Broken reference: the 'notification.messages' element cannot be added as child to 'header', because the latter doesn't exist [] []
[2025-05-02T16:17:10.321562+00:00] main.INFO: Broken reference: the 'global_notices' element cannot be added as child to 'global.notices', because the latter doesn't exist [] []
[2025-05-02T16:17:10.321715+00:00] main.INFO: Broken reference: the 'logo' element cannot be added as child to 'header', because the latter doesn't exist [] []
[2025-05-02T16:17:10.321864+00:00] main.INFO: Broken reference: the 'global.search' element cannot be added as child to 'header', because the latter doesn't exist [] []
[2025-05-02T16:17:10.322013+00:00] main.INFO: Broken reference: the 'user' element cannot be added as child to 'header', because the latter doesn't exist [] []
[2025-05-02T16:17:10.322162+00:00] main.INFO: Broken reference: the 'menu' element cannot be added as child to 'page.menu', because the latter doesn't exist [] []
[2025-05-02T16:17:10.322309+00:00] main.INFO: Broken reference: the 'breadcrumbs' element cannot be added as child to 'page.breadcrumbs', because the latter doesn't exist [] []
[2025-05-02T16:17:10.322456+00:00] main.INFO: Broken reference: the 'formkey' element cannot be added as child to 'page.formkey', because the latter doesn't exist [] []
[2025-05-02T16:17:10.322602+00:00] main.INFO: Broken reference: the 'page.title' element cannot be added as child to 'main.top', because the latter doesn't exist [] []
[2025-05-02T16:17:10.322749+00:00] main.INFO: Broken reference: the 'messages' element cannot be added as child to 'page.messages', because the latter doesn't exist [] []
[2025-05-02T16:17:10.322895+00:00] main.INFO: Broken reference: the 'page.actions.toolbar' element cannot be added as child to 'page.main.actions', because the latter doesn't exist [] []
[2025-05-02T16:17:10.323042+00:00] main.INFO: Broken reference: the 'legal' element cannot be added as child to 'footer', because the latter doesn't exist [] []
[2025-05-02T16:17:10.323255+00:00] main.INFO: Broken reference: the 'header.inner.left' element cannot be added as child to 'header', because the latter doesn't exist [] []
[2025-05-02T16:17:10.323413+00:00] main.INFO: Broken reference: the 'header.inner.right' element cannot be added as child to 'header', because the latter doesn't exist [] []
[2025-05-02T16:17:10.323608+00:00] main.INFO: Broken reference: the 'user' tries to reorder itself towards '', but their parents are different: 'header' and '' respectively. [] []
[2025-05-02T16:17:10.323762+00:00] main.INFO: Broken reference: the 'notification.messages' tries to reorder itself towards 'user', but their parents are different: 'header' and '' respectively. [] []
[2025-05-02T16:17:10.323912+00:00] main.INFO: Broken reference: the 'logo' tries to reorder itself towards '', but their parents are different: 'header' and '' respectively. [] []
[2025-05-02T16:17:10.324059+00:00] main.INFO: Broken reference: the 'global.search' tries to reorder itself towards 'logo', but their parents are different: 'header' and '' respectively. [] []
[2025-05-02T16:17:10.324211+00:00] main.INFO: Broken reference: the 'page.actions.toolbar' tries to reorder itself towards '', but their parents are different: 'page.main.actions' and '' respectively. [] []
[2025-05-02T16:17:10.324384+00:00] main.INFO: Broken reference: the 'header.inner.left' tries to reorder itself towards '', but their parents are different: 'header' and '' respectively. [] []
[2025-05-02T16:17:10.324535+00:00] main.INFO: Broken reference: the 'header.inner.right' tries to reorder itself towards 'header.inner.left', but their parents are different: 'header' and '' respectively. [] []
[2025-05-02T16:17:10.324742+00:00] main.INFO: Broken reference: the 'notification.messages' tries to reorder itself towards 'user', but their parents are different: 'header.inner.right' and '' respectively. [] []
[2025-05-02T16:17:14.970456+00:00] main.INFO: Broken reference: the 'tracking' element cannot be added as child to 'header', because the latter doesn't exist [] []
[2025-05-02T16:17:14.971057+00:00] main.INFO: Broken reference: the 'notification_area' element cannot be added as child to 'notifications', because the latter doesn't exist [] []
[2025-05-02T16:17:14.971236+00:00] main.INFO: Broken reference: the 'unread_system_messages' element cannot be added as child to 'notifications', because the latter doesn't exist [] []
[2025-05-02T16:17:14.971394+00:00] main.INFO: Broken reference: the 'notification_window' element cannot be added as child to 'notifications', because the latter doesn't exist [] []
[2025-05-02T16:17:14.971549+00:00] main.INFO: Broken reference: the 'notification.messages' element cannot be added as child to 'header', because the latter doesn't exist [] []
[2025-05-02T16:17:14.971704+00:00] main.INFO: Broken reference: the 'global_notices' element cannot be added as child to 'global.notices', because the latter doesn't exist [] []
[2025-05-02T16:17:14.971859+00:00] main.INFO: Broken reference: the 'logo' element cannot be added as child to 'header', because the latter doesn't exist [] []
[2025-05-02T16:17:14.972008+00:00] main.INFO: Broken reference: the 'global.search' element cannot be added as child to 'header', because the latter doesn't exist [] []
[2025-05-02T16:17:14.972157+00:00] main.INFO: Broken reference: the 'user' element cannot be added as child to 'header', because the latter doesn't exist [] []
[2025-05-02T16:17:14.972305+00:00] main.INFO: Broken reference: the 'menu' element cannot be added as child to 'page.menu', because the latter doesn't exist [] []
[2025-05-02T16:17:14.972452+00:00] main.INFO: Broken reference: the 'breadcrumbs' element cannot be added as child to 'page.breadcrumbs', because the latter doesn't exist [] []
[2025-05-02T16:17:14.972599+00:00] main.INFO: Broken reference: the 'formkey' element cannot be added as child to 'page.formkey', because the latter doesn't exist [] []
[2025-05-02T16:17:14.972749+00:00] main.INFO: Broken reference: the 'page.title' element cannot be added as child to 'main.top', because the latter doesn't exist [] []
[2025-05-02T16:17:14.972898+00:00] main.INFO: Broken reference: the 'messages' element cannot be added as child to 'page.messages', because the latter doesn't exist [] []
[2025-05-02T16:17:14.973046+00:00] main.INFO: Broken reference: the 'page.actions.toolbar' element cannot be added as child to 'page.main.actions', because the latter doesn't exist [] []
[2025-05-02T16:17:14.973194+00:00] main.INFO: Broken reference: the 'legal' element cannot be added as child to 'footer', because the latter doesn't exist [] []
[2025-05-02T16:17:14.973407+00:00] main.INFO: Broken reference: the 'header.inner.left' element cannot be added as child to 'header', because the latter doesn't exist [] []
[2025-05-02T16:17:14.973564+00:00] main.INFO: Broken reference: the 'header.inner.right' element cannot be added as child to 'header', because the latter doesn't exist [] []
[2025-05-02T16:17:14.973764+00:00] main.INFO: Broken reference: the 'user' tries to reorder itself towards '', but their parents are different: 'header' and '' respectively. [] []
[2025-05-02T16:17:14.973923+00:00] main.INFO: Broken reference: the 'notification.messages' tries to reorder itself towards 'user', but their parents are different: 'header' and '' respectively. [] []
[2025-05-02T16:17:14.974075+00:00] main.INFO: Broken reference: the 'logo' tries to reorder itself towards '', but their parents are different: 'header' and '' respectively. [] []
[2025-05-02T16:17:14.974223+00:00] main.INFO: Broken reference: the 'global.search' tries to reorder itself towards 'logo', but their parents are different: 'header' and '' respectively. [] []
[2025-05-02T16:17:14.974417+00:00] main.INFO: Broken reference: the 'page.actions.toolbar' tries to reorder itself towards '', but their parents are different: 'page.main.actions' and '' respectively. [] []
[2025-05-02T16:17:14.974596+00:00] main.INFO: Broken reference: the 'header.inner.left' tries to reorder itself towards '', but their parents are different: 'header' and '' respectively. [] []
[2025-05-02T16:17:14.974783+00:00] main.INFO: Broken reference: the 'header.inner.right' tries to reorder itself towards 'header.inner.left', but their parents are different: 'header' and '' respectively. [] []
[2025-05-02T16:17:14.974946+00:00] main.INFO: Broken reference: the 'notification.messages' tries to reorder itself towards 'user', but their parents are different: 'header.inner.right' and '' respectively. [] []
[2025-05-02T16:42:53.901342+00:00] main.DEBUG: cache_invalidate:  {"method":"GET","url":"http:/","invalidateInfo":{"tags":["gql_store_config_1","FPC"],"mode":"matchingTag"}} []
[2025-05-02T16:42:54.681139+00:00] main.DEBUG: cache_invalidate:  {"method":"GET","url":"http:/","invalidateInfo":{"tags":["gql_store_config_1","FPC"],"mode":"matchingTag"}} []
[2025-05-02T16:43:35.455735+00:00] main.DEBUG: cache_invalidate:  {"method":"GET","url":"http:/","invalidateInfo":{"tags":["FPC"],"mode":"matchingTag"}} []
[2025-05-02T19:17:59.423149+00:00] main.INFO: Broken reference: the 'catalog.compare.sidebar' element cannot be added as child to 'sidebar.additional', because the latter doesn't exist [] []
[2025-05-02T19:17:59.424991+00:00] main.INFO: Broken reference: the 'sale.reorder.sidebar' element cannot be added as child to 'sidebar.additional', because the latter doesn't exist [] []
[2025-05-02T19:17:59.425013+00:00] main.INFO: Broken reference: the 'sale.reorder.sidebar' element cannot be added as child to 'sidebar.additional', because the latter doesn't exist [] []
[2025-05-02T19:17:59.425285+00:00] main.INFO: Broken reference: the 'wishlist_sidebar' element cannot be added as child to 'sidebar.additional', because the latter doesn't exist [] []
[2025-05-02T19:17:59.425315+00:00] main.INFO: Broken reference: the 'wishlist_sidebar' element cannot be added as child to 'sidebar.additional', because the latter doesn't exist [] []
[2025-05-02T19:17:59.425478+00:00] main.INFO: Broken reference: the 'paypal.partner.right.logo' element cannot be added as child to 'sidebar.additional', because the latter doesn't exist [] []
[2025-05-02T19:17:59.425511+00:00] main.INFO: Broken reference: the 'paypal.partner.right.logo' element cannot be added as child to 'sidebar.additional', because the latter doesn't exist [] []
[2025-05-02T19:17:59.425640+00:00] main.INFO: Broken reference: the 'bml.right.logo' element cannot be added as child to 'sidebar.additional', because the latter doesn't exist [] []
[2025-05-02T19:17:59.425675+00:00] main.INFO: Broken reference: the 'bml.right.logo' element cannot be added as child to 'sidebar.additional', because the latter doesn't exist [] []
[2025-05-02T19:17:59.425794+00:00] main.INFO: Broken reference: the 'sidebar.container.paylater' element cannot be added as child to 'sidebar.additional', because the latter doesn't exist [] []
[2025-05-02T19:17:59.425831+00:00] main.INFO: Broken reference: the 'sidebar.container.paylater' element cannot be added as child to 'sidebar.additional', because the latter doesn't exist [] []
[2025-05-02T19:18:04.169390+00:00] main.INFO: Broken reference: the 'catalog.compare.sidebar' element cannot be added as child to 'sidebar.additional', because the latter doesn't exist [] []
[2025-05-02T19:18:04.170154+00:00] main.INFO: Broken reference: the 'sale.reorder.sidebar' element cannot be added as child to 'sidebar.additional', because the latter doesn't exist [] []
[2025-05-02T19:18:04.170439+00:00] main.INFO: Broken reference: the 'wishlist_sidebar' element cannot be added as child to 'sidebar.additional', because the latter doesn't exist [] []
[2025-05-02T19:18:04.170630+00:00] main.INFO: Broken reference: the 'paypal.partner.right.logo' element cannot be added as child to 'sidebar.additional', because the latter doesn't exist [] []
[2025-05-02T19:18:04.170833+00:00] main.INFO: Broken reference: the 'bml.right.logo' element cannot be added as child to 'sidebar.additional', because the latter doesn't exist [] []
[2025-05-02T19:18:04.170994+00:00] main.INFO: Broken reference: the 'sidebar.container.paylater' element cannot be added as child to 'sidebar.additional', because the latter doesn't exist [] []
[2025-05-02T19:18:07.643028+00:00] main.INFO: Broken reference: the 'catalog.compare.sidebar' element cannot be added as child to 'sidebar.additional', because the latter doesn't exist [] []
[2025-05-02T19:18:07.643834+00:00] main.INFO: Broken reference: the 'sale.reorder.sidebar' element cannot be added as child to 'sidebar.additional', because the latter doesn't exist [] []
[2025-05-02T19:18:07.644147+00:00] main.INFO: Broken reference: the 'wishlist_sidebar' element cannot be added as child to 'sidebar.additional', because the latter doesn't exist [] []
[2025-05-02T19:18:07.644395+00:00] main.INFO: Broken reference: the 'paypal.partner.right.logo' element cannot be added as child to 'sidebar.additional', because the latter doesn't exist [] []
[2025-05-02T19:18:07.644561+00:00] main.INFO: Broken reference: the 'bml.right.logo' element cannot be added as child to 'sidebar.additional', because the latter doesn't exist [] []
[2025-05-02T19:18:07.644717+00:00] main.INFO: Broken reference: the 'sidebar.container.paylater' element cannot be added as child to 'sidebar.additional', because the latter doesn't exist [] []
[2025-05-02T19:18:09.396650+00:00] main.INFO: Broken reference: the 'catalog.compare.sidebar' element cannot be added as child to 'sidebar.additional', because the latter doesn't exist [] []
[2025-05-02T19:18:09.397259+00:00] main.INFO: Broken reference: the 'sale.reorder.sidebar' element cannot be added as child to 'sidebar.additional', because the latter doesn't exist [] []
[2025-05-02T19:18:09.397551+00:00] main.INFO: Broken reference: the 'wishlist_sidebar' element cannot be added as child to 'sidebar.additional', because the latter doesn't exist [] []
[2025-05-02T19:18:11.808767+00:00] main.INFO: Broken reference: the 'catalog.compare.sidebar' element cannot be added as child to 'sidebar.additional', because the latter doesn't exist [] []
[2025-05-02T19:18:11.809330+00:00] main.INFO: Broken reference: the 'sale.reorder.sidebar' element cannot be added as child to 'sidebar.additional', because the latter doesn't exist [] []
[2025-05-02T19:18:11.809617+00:00] main.INFO: Broken reference: the 'wishlist_sidebar' element cannot be added as child to 'sidebar.additional', because the latter doesn't exist [] []
[2025-05-02T19:18:14.718390+00:00] main.DEBUG: Request validation failed for action "Magento\Newsletter\Controller\Subscriber\NewAction" {"exception":"[object] (Magento\\Framework\\App\\Request\\InvalidRequestException(code: 0): Invalid request received at C:\\xampp8\\htdocs\\magento-loja5\\vendor\\magento\\framework\\App\\Request\\CsrfValidator.php:105)"} []
[2025-05-02T19:18:15.151915+00:00] main.INFO: Broken reference: the 'catalog.compare.sidebar' element cannot be added as child to 'sidebar.additional', because the latter doesn't exist [] []
[2025-05-02T19:18:15.152518+00:00] main.INFO: Broken reference: the 'sale.reorder.sidebar' element cannot be added as child to 'sidebar.additional', because the latter doesn't exist [] []
[2025-05-02T19:18:15.152809+00:00] main.INFO: Broken reference: the 'wishlist_sidebar' element cannot be added as child to 'sidebar.additional', because the latter doesn't exist [] []
[2025-05-02T19:18:17.952289+00:00] main.INFO: Broken reference: the 'catalog.compare.sidebar' element cannot be added as child to 'sidebar.additional', because the latter doesn't exist [] []
[2025-05-02T19:18:17.952882+00:00] main.INFO: Broken reference: the 'sale.reorder.sidebar' element cannot be added as child to 'sidebar.additional', because the latter doesn't exist [] []
[2025-05-02T19:18:17.953170+00:00] main.INFO: Broken reference: the 'wishlist_sidebar' element cannot be added as child to 'sidebar.additional', because the latter doesn't exist [] []
[2025-05-02T19:18:17.953404+00:00] main.INFO: Broken reference: the 'paypal.partner.right.logo' element cannot be added as child to 'sidebar.additional', because the latter doesn't exist [] []
[2025-05-02T19:18:17.953571+00:00] main.INFO: Broken reference: the 'bml.right.logo' element cannot be added as child to 'sidebar.additional', because the latter doesn't exist [] []
[2025-05-02T19:18:17.953725+00:00] main.INFO: Broken reference: the 'sidebar.container.paylater' element cannot be added as child to 'sidebar.additional', because the latter doesn't exist [] []
[2025-05-02T19:18:22.473188+00:00] main.DEBUG: Item Magento_Backend::system_currency was removed [] []
[2025-05-02T19:18:22.481051+00:00] main.DEBUG: Add of item with id Magento_AdminNotification::system_adminnotification was processed [] []
[2025-05-02T19:18:22.481216+00:00] main.DEBUG: Add of item with id Magento_Theme::design_config was processed [] []
[2025-05-02T19:18:22.481324+00:00] main.DEBUG: Add of item with id Magento_Theme::system_design_theme was processed [] []
[2025-05-02T19:18:22.481423+00:00] main.DEBUG: Add of item with id Magento_Backend::system_design_schedule was processed [] []
[2025-05-02T19:18:22.481528+00:00] main.DEBUG: Add of item with id Magento_Backend::system_store was processed [] []
[2025-05-02T19:18:22.481622+00:00] main.DEBUG: Add of item with id Magento_Backend::dashboard was processed [] []
[2025-05-02T19:18:22.481712+00:00] main.DEBUG: Add of item with id Magento_Backend::system was processed [] []
[2025-05-02T19:18:22.481810+00:00] main.DEBUG: Add of item with id Magento_Backend::system_tools was processed [] []
[2025-05-02T19:18:22.481909+00:00] main.DEBUG: Add of item with id Magento_Backend::system_design was processed [] []
[2025-05-02T19:18:22.482000+00:00] main.DEBUG: Add of item with id Magento_Backend::system_convert was processed [] []
[2025-05-02T19:18:22.482097+00:00] main.DEBUG: Add of item with id Magento_Backend::system_cache was processed [] []
[2025-05-02T19:18:22.482185+00:00] main.DEBUG: Add of item with id Magento_Backend::marketing was processed [] []
[2025-05-02T19:18:22.482281+00:00] main.DEBUG: Add of item with id Magento_Backend::marketing_communications was processed [] []
[2025-05-02T19:18:22.482369+00:00] main.DEBUG: Add of item with id Magento_Backend::marketing_seo was processed [] []
[2025-05-02T19:18:22.482456+00:00] main.DEBUG: Add of item with id Magento_Backend::marketing_user_content was processed [] []
[2025-05-02T19:18:22.482544+00:00] main.DEBUG: Add of item with id Magento_Backend::content was processed [] []
[2025-05-02T19:18:22.482629+00:00] main.DEBUG: Add of item with id Magento_Backend::content_elements was processed [] []
[2025-05-02T19:18:22.482714+00:00] main.DEBUG: Add of item with id Magento_Backend::stores was processed [] []
[2025-05-02T19:18:22.482809+00:00] main.DEBUG: Add of item with id Magento_Backend::stores_settings was processed [] []
[2025-05-02T19:18:22.482897+00:00] main.DEBUG: Add of item with id Magento_Backend::stores_attributes was processed [] []
[2025-05-02T19:18:22.482982+00:00] main.DEBUG: Add of item with id Magento_Backend::other_settings was processed [] []
[2025-05-02T19:18:22.483067+00:00] main.DEBUG: Add of item with id Magento_Backend::system_other_settings was processed [] []
[2025-05-02T19:18:22.483154+00:00] main.DEBUG: Add of item with id Magento_Config::system_config was processed [] []
[2025-05-02T19:18:22.483239+00:00] main.DEBUG: Add of item with id Magento_User::system_acl was processed [] []
[2025-05-02T19:18:22.483333+00:00] main.DEBUG: Add of item with id Magento_User::system_acl_users was processed [] []
[2025-05-02T19:18:22.483420+00:00] main.DEBUG: Add of item with id Magento_User::system_acl_roles was processed [] []
[2025-05-02T19:18:22.483507+00:00] main.DEBUG: Add of item with id Magento_User::system_acl_locks was processed [] []
[2025-05-02T19:18:22.483592+00:00] main.DEBUG: Add of item with id Magento_Customer::customer was processed [] []
[2025-05-02T19:18:22.483723+00:00] main.DEBUG: Add of item with id Magento_Customer::customer_manage was processed [] []
[2025-05-02T19:18:22.483817+00:00] main.DEBUG: Add of item with id Magento_Customer::customer_online was processed [] []
[2025-05-02T19:18:22.483905+00:00] main.DEBUG: Add of item with id Magento_Customer::customer_group was processed [] []
[2025-05-02T19:18:22.483992+00:00] main.DEBUG: Add of item with id Magento_Backup::system_tools_backup was processed [] []
[2025-05-02T19:18:22.484077+00:00] main.DEBUG: Add of item with id Magento_Indexer::system_index was processed [] []
[2025-05-02T19:18:22.484163+00:00] main.DEBUG: Add of item with id Magento_Variable::system_variable was processed [] []
[2025-05-02T19:18:22.484257+00:00] main.DEBUG: Add of item with id Magento_Cms::cms_page was processed [] []
[2025-05-02T19:18:22.484345+00:00] main.DEBUG: Add of item with id Magento_Cms::cms_block was processed [] []
[2025-05-02T19:18:22.484431+00:00] main.DEBUG: Add of item with id Magento_Integration::system_extensions was processed [] []
[2025-05-02T19:18:22.484526+00:00] main.DEBUG: Add of item with id Magento_Integration::system_integrations was processed [] []
[2025-05-02T19:18:22.484622+00:00] main.DEBUG: Add of item with id Magento_Search::search_terms was processed [] []
[2025-05-02T19:18:22.484710+00:00] main.DEBUG: Add of item with id Magento_Search::search_synonyms was processed [] []
[2025-05-02T19:18:22.484795+00:00] main.DEBUG: Add of item with id Magento_Catalog::catalog was processed [] []
[2025-05-02T19:18:22.484889+00:00] main.DEBUG: Add of item with id Magento_Catalog::catalog_products was processed [] []
[2025-05-02T19:18:22.484977+00:00] main.DEBUG: Add of item with id Magento_Catalog::catalog_categories was processed [] []
[2025-05-02T19:18:22.485071+00:00] main.DEBUG: Add of item with id Magento_Catalog::catalog_attributes_attributes was processed [] []
[2025-05-02T19:18:22.485158+00:00] main.DEBUG: Add of item with id Magento_Catalog::catalog_attributes_sets was processed [] []
[2025-05-02T19:18:22.485252+00:00] main.DEBUG: Add of item with id Magento_Catalog::inventory was processed [] []
[2025-05-02T19:18:22.485339+00:00] main.DEBUG: Add of item with id Magento_CatalogRule::promo was processed [] []
[2025-05-02T19:18:22.485432+00:00] main.DEBUG: Add of item with id Magento_CatalogRule::promo_catalog was processed [] []
[2025-05-02T19:18:22.485520+00:00] main.DEBUG: Add of item with id Magento_MediaGalleryUi::media was processed [] []
[2025-05-02T19:18:22.485614+00:00] main.DEBUG: Add of item with id Magento_MediaGalleryUi::media_gallery was processed [] []
[2025-05-02T19:18:22.485701+00:00] main.DEBUG: Add of item with id Magento_Sales::sales was processed [] []
[2025-05-02T19:18:22.485795+00:00] main.DEBUG: Add of item with id Magento_Sales::sales_operation was processed [] []
[2025-05-02T19:18:22.485890+00:00] main.DEBUG: Add of item with id Magento_Sales::sales_order was processed [] []
[2025-05-02T19:18:22.485977+00:00] main.DEBUG: Add of item with id Magento_Sales::sales_invoice was processed [] []
[2025-05-02T19:18:22.486062+00:00] main.DEBUG: Add of item with id Magento_Sales::sales_shipment was processed [] []
[2025-05-02T19:18:22.486147+00:00] main.DEBUG: Add of item with id Magento_Sales::sales_creditmemo was processed [] []
[2025-05-02T19:18:22.486231+00:00] main.DEBUG: Add of item with id Magento_Sales::sales_transactions was processed [] []
[2025-05-02T19:18:22.486315+00:00] main.DEBUG: Add of item with id Magento_Sales::system_order_statuses was processed [] []
[2025-05-02T19:18:22.486399+00:00] main.DEBUG: Add of item with id Magento_Widget::cms_widget_instance was processed [] []
[2025-05-02T19:18:22.486493+00:00] main.DEBUG: Add of item with id Magento_Analytics::business_intelligence was processed [] []
[2025-05-02T19:18:22.486588+00:00] main.DEBUG: Add of item with id Magento_Analytics::advanced_reporting was processed [] []
[2025-05-02T19:18:22.486675+00:00] main.DEBUG: Add of item with id Magento_Analytics::bi_essentials was processed [] []
[2025-05-02T19:18:22.486798+00:00] main.DEBUG: Add of item with id Magento_Downloadable::report_products_downloads was processed [] []
[2025-05-02T19:18:22.486899+00:00] main.DEBUG: Add of item with id Magento_Newsletter::newsletter_template was processed [] []
[2025-05-02T19:18:22.486990+00:00] main.DEBUG: Add of item with id Magento_Newsletter::newsletter_queue was processed [] []
[2025-05-02T19:18:22.487076+00:00] main.DEBUG: Add of item with id Magento_Newsletter::newsletter_subscriber was processed [] []
[2025-05-02T19:18:22.487170+00:00] main.DEBUG: Add of item with id Magento_Newsletter::newsletter_problem was processed [] []
[2025-05-02T19:18:22.487267+00:00] main.DEBUG: Add of item with id Magento_ImportExport::system_convert_import was processed [] []
[2025-05-02T19:18:22.487354+00:00] main.DEBUG: Add of item with id Magento_ImportExport::system_convert_export was processed [] []
[2025-05-02T19:18:22.487440+00:00] main.DEBUG: Add of item with id Magento_ImportExport::system_convert_history was processed [] []
[2025-05-02T19:18:22.487540+00:00] main.DEBUG: Add of item with id Magento_Email::template was processed [] []
[2025-05-02T19:18:22.487626+00:00] main.DEBUG: Add of item with id Magento_InventoryAdminUi::inventory was processed [] []
[2025-05-02T19:18:22.487721+00:00] main.DEBUG: Add of item with id Magento_InventoryAdminUi::source was processed [] []
[2025-05-02T19:18:22.487809+00:00] main.DEBUG: Add of item with id Magento_InventoryAdminUi::stock was processed [] []
[2025-05-02T19:18:22.487894+00:00] main.DEBUG: Add of item with id Magento_Reports::report was processed [] []
[2025-05-02T19:18:22.487979+00:00] main.DEBUG: Add of item with id Magento_Reports::report_marketing was processed [] []
[2025-05-02T19:18:22.488065+00:00] main.DEBUG: Add of item with id Magento_Reports::report_salesroot was processed [] []
[2025-05-02T19:18:22.488159+00:00] main.DEBUG: Add of item with id Magento_Reports::report_salesroot_sales was processed [] []
[2025-05-02T19:18:22.488246+00:00] main.DEBUG: Add of item with id Magento_Reports::report_salesroot_tax was processed [] []
[2025-05-02T19:18:22.488332+00:00] main.DEBUG: Add of item with id Magento_Reports::report_salesroot_invoiced was processed [] []
[2025-05-02T19:18:22.488417+00:00] main.DEBUG: Add of item with id Magento_Reports::report_salesroot_shipping was processed [] []
[2025-05-02T19:18:22.488502+00:00] main.DEBUG: Add of item with id Magento_Reports::report_salesroot_refunded was processed [] []
[2025-05-02T19:18:22.488587+00:00] main.DEBUG: Add of item with id Magento_Reports::report_salesroot_coupons was processed [] []
[2025-05-02T19:18:22.488671+00:00] main.DEBUG: Add of item with id Magento_Reports::report_shopcart_product was processed [] []
[2025-05-02T19:18:22.488755+00:00] main.DEBUG: Add of item with id Magento_Reports::report_shopcart_abandoned was processed [] []
[2025-05-02T19:18:22.488839+00:00] main.DEBUG: Add of item with id Magento_Reports::report_products was processed [] []
[2025-05-02T19:18:22.488923+00:00] main.DEBUG: Add of item with id Magento_Reports::report_products_bestsellers was processed [] []
[2025-05-02T19:18:22.489008+00:00] main.DEBUG: Add of item with id Magento_Reports::report_products_sold was processed [] []
[2025-05-02T19:18:22.489092+00:00] main.DEBUG: Add of item with id Magento_Reports::report_products_viewed was processed [] []
[2025-05-02T19:18:22.489176+00:00] main.DEBUG: Add of item with id Magento_Reports::report_products_lowstock was processed [] []
[2025-05-02T19:18:22.489260+00:00] main.DEBUG: Add of item with id Magento_Reports::report_customers was processed [] []
[2025-05-02T19:18:22.489354+00:00] main.DEBUG: Add of item with id Magento_Reports::report_customers_accounts was processed [] []
[2025-05-02T19:18:22.489441+00:00] main.DEBUG: Add of item with id Magento_Reports::report_customers_totals was processed [] []
[2025-05-02T19:18:22.489528+00:00] main.DEBUG: Add of item with id Magento_Reports::report_customers_orders was processed [] []
[2025-05-02T19:18:22.489613+00:00] main.DEBUG: Add of item with id Magento_Reports::report_statistics was processed [] []
[2025-05-02T19:18:22.489709+00:00] main.DEBUG: Add of item with id Magento_Reports::report_statistics_refresh was processed [] []
[2025-05-02T19:18:22.489798+00:00] main.DEBUG: Add of item with id Magento_Search::report_search_term was processed [] []
[2025-05-02T19:18:22.489885+00:00] main.DEBUG: Add of item with id Magento_LoginAsCustomerLog::login_log was processed [] []
[2025-05-02T19:18:22.489969+00:00] main.DEBUG: Add of item with id Magento_Marketplace::partners was processed [] []
[2025-05-02T19:18:22.490053+00:00] main.DEBUG: Add of item with id Magento_SalesRule::promo_quote was processed [] []
[2025-05-02T19:18:22.490139+00:00] main.DEBUG: Add of item with id Magento_Sitemap::catalog_sitemap was processed [] []
[2025-05-02T19:18:22.490223+00:00] main.DEBUG: Add of item with id Magento_PageBuilder::templates was processed [] []
[2025-05-02T19:18:22.490307+00:00] main.DEBUG: Add of item with id Magento_PaymentServicesDashboard::paymentservicesdashboard was processed [] []
[2025-05-02T19:18:22.490392+00:00] main.DEBUG: Add of item with id Magento_Paypal::report_salesroot_paypal_settlement_reports was processed [] []
[2025-05-02T19:18:22.490477+00:00] main.DEBUG: Add of item with id Magento_Paypal::paypal_billing_agreement was processed [] []
[2025-05-02T19:18:22.490562+00:00] main.DEBUG: Add of item with id Magento_CheckoutAgreements::sales_checkoutagreement was processed [] []
[2025-05-02T19:18:22.490646+00:00] main.DEBUG: Add of item with id Magento_Review::catalog_reviews_ratings_ratings was processed [] []
[2025-05-02T19:18:22.490739+00:00] main.DEBUG: Add of item with id Magento_Review::catalog_reviews_ratings_pending was processed [] []
[2025-05-02T19:18:22.490826+00:00] main.DEBUG: Add of item with id Magento_Review::catalog_reviews_ratings_reviews_all was processed [] []
[2025-05-02T19:18:22.490911+00:00] main.DEBUG: Add of item with id Magento_Review::report_review was processed [] []
[2025-05-02T19:18:22.491004+00:00] main.DEBUG: Add of item with id Magento_Review::report_review_customer was processed [] []
[2025-05-02T19:18:22.491092+00:00] main.DEBUG: Add of item with id Magento_Review::report_review_product was processed [] []
[2025-05-02T19:18:22.491177+00:00] main.DEBUG: Add of item with id Magento_ServicesId::configuration was processed [] []
[2025-05-02T19:18:22.491270+00:00] main.DEBUG: Add of item with id Magento_ServicesId::services_id was processed [] []
[2025-05-02T19:18:22.491358+00:00] main.DEBUG: Add of item with id Magento_UrlRewrite::urlrewrite was processed [] []
[2025-05-02T19:18:22.491445+00:00] main.DEBUG: Add of item with id Magento_Tax::sales_tax was processed [] []
[2025-05-02T19:18:22.491539+00:00] main.DEBUG: Add of item with id Magento_Tax::sales_tax_rules was processed [] []
[2025-05-02T19:18:22.491625+00:00] main.DEBUG: Add of item with id Magento_Tax::sales_tax_rates was processed [] []
[2025-05-02T19:18:22.491710+00:00] main.DEBUG: Add of item with id Magento_TaxImportExport::system_convert_tax was processed [] []
[2025-05-02T19:18:22.491794+00:00] main.DEBUG: Add of item with id Magento_AsynchronousOperations::system_magento_logging was processed [] []
[2025-05-02T19:18:22.491888+00:00] main.DEBUG: Add of item with id Magento_AsynchronousOperations::system_magento_logging_bulk_operations was processed [] []
[2025-05-02T19:18:22.491975+00:00] main.DEBUG: Add of item with id Magento_CurrencySymbol::system_currency was processed [] []
[2025-05-02T19:18:22.492069+00:00] main.DEBUG: Add of item with id Magento_CurrencySymbol::system_currency_rates was processed [] []
[2025-05-02T19:18:22.492157+00:00] main.DEBUG: Add of item with id Magento_CurrencySymbol::system_currency_symbols was processed [] []
[2025-05-02T19:18:22.492243+00:00] main.DEBUG: Add of item with id PayPal_Braintree::settlement_report was processed [] []
[2025-05-02T19:18:22.492328+00:00] main.DEBUG: Add of item with id PayPal_Braintree::virtual_terminal was processed [] []
[2025-05-02T19:18:24.038069+00:00] main.INFO: Broken reference: the 'tracking' element cannot be added as child to 'header', because the latter doesn't exist [] []
[2025-05-02T19:18:24.038663+00:00] main.INFO: Broken reference: the 'notification_area' element cannot be added as child to 'notifications', because the latter doesn't exist [] []
[2025-05-02T19:18:24.038838+00:00] main.INFO: Broken reference: the 'unread_system_messages' element cannot be added as child to 'notifications', because the latter doesn't exist [] []
[2025-05-02T19:18:24.038993+00:00] main.INFO: Broken reference: the 'notification_window' element cannot be added as child to 'notifications', because the latter doesn't exist [] []
[2025-05-02T19:18:24.039171+00:00] main.INFO: Broken reference: the 'notification.messages' element cannot be added as child to 'header', because the latter doesn't exist [] []
[2025-05-02T19:18:24.039327+00:00] main.INFO: Broken reference: the 'global_notices' element cannot be added as child to 'global.notices', because the latter doesn't exist [] []
[2025-05-02T19:18:24.039476+00:00] main.INFO: Broken reference: the 'logo' element cannot be added as child to 'header', because the latter doesn't exist [] []
[2025-05-02T19:18:24.039621+00:00] main.INFO: Broken reference: the 'global.search' element cannot be added as child to 'header', because the latter doesn't exist [] []
[2025-05-02T19:18:24.039767+00:00] main.INFO: Broken reference: the 'user' element cannot be added as child to 'header', because the latter doesn't exist [] []
[2025-05-02T19:18:24.039911+00:00] main.INFO: Broken reference: the 'menu' element cannot be added as child to 'page.menu', because the latter doesn't exist [] []
[2025-05-02T19:18:24.040055+00:00] main.INFO: Broken reference: the 'breadcrumbs' element cannot be added as child to 'page.breadcrumbs', because the latter doesn't exist [] []
[2025-05-02T19:18:24.040197+00:00] main.INFO: Broken reference: the 'formkey' element cannot be added as child to 'page.formkey', because the latter doesn't exist [] []
[2025-05-02T19:18:24.040340+00:00] main.INFO: Broken reference: the 'page.title' element cannot be added as child to 'main.top', because the latter doesn't exist [] []
[2025-05-02T19:18:24.040485+00:00] main.INFO: Broken reference: the 'messages' element cannot be added as child to 'page.messages', because the latter doesn't exist [] []
[2025-05-02T19:18:24.040627+00:00] main.INFO: Broken reference: the 'page.actions.toolbar' element cannot be added as child to 'page.main.actions', because the latter doesn't exist [] []
[2025-05-02T19:18:24.040770+00:00] main.INFO: Broken reference: the 'legal' element cannot be added as child to 'footer', because the latter doesn't exist [] []
[2025-05-02T19:18:24.040974+00:00] main.INFO: Broken reference: the 'header.inner.left' element cannot be added as child to 'header', because the latter doesn't exist [] []
[2025-05-02T19:18:24.041125+00:00] main.INFO: Broken reference: the 'header.inner.right' element cannot be added as child to 'header', because the latter doesn't exist [] []
[2025-05-02T19:18:24.041308+00:00] main.INFO: Broken reference: the 'user' tries to reorder itself towards '', but their parents are different: 'header' and '' respectively. [] []
[2025-05-02T19:18:24.041458+00:00] main.INFO: Broken reference: the 'notification.messages' tries to reorder itself towards 'user', but their parents are different: 'header' and '' respectively. [] []
[2025-05-02T19:18:24.041602+00:00] main.INFO: Broken reference: the 'logo' tries to reorder itself towards '', but their parents are different: 'header' and '' respectively. [] []
[2025-05-02T19:18:24.041745+00:00] main.INFO: Broken reference: the 'global.search' tries to reorder itself towards 'logo', but their parents are different: 'header' and '' respectively. [] []
[2025-05-02T19:18:24.041887+00:00] main.INFO: Broken reference: the 'page.actions.toolbar' tries to reorder itself towards '', but their parents are different: 'page.main.actions' and '' respectively. [] []
[2025-05-02T19:18:24.042051+00:00] main.INFO: Broken reference: the 'header.inner.left' tries to reorder itself towards '', but their parents are different: 'header' and '' respectively. [] []
[2025-05-02T19:18:24.042232+00:00] main.INFO: Broken reference: the 'header.inner.right' tries to reorder itself towards 'header.inner.left', but their parents are different: 'header' and '' respectively. [] []
[2025-05-02T19:18:24.042393+00:00] main.INFO: Broken reference: the 'notification.messages' tries to reorder itself towards 'user', but their parents are different: 'header.inner.right' and '' respectively. [] []
[2025-05-02T19:18:36.433303+00:00] main.INFO: Broken reference: the 'tracking' element cannot be added as child to 'header', because the latter doesn't exist [] []
[2025-05-02T19:18:36.433881+00:00] main.INFO: Broken reference: the 'notification_area' element cannot be added as child to 'notifications', because the latter doesn't exist [] []
[2025-05-02T19:18:36.434052+00:00] main.INFO: Broken reference: the 'unread_system_messages' element cannot be added as child to 'notifications', because the latter doesn't exist [] []
[2025-05-02T19:18:36.434206+00:00] main.INFO: Broken reference: the 'notification_window' element cannot be added as child to 'notifications', because the latter doesn't exist [] []
[2025-05-02T19:18:36.434356+00:00] main.INFO: Broken reference: the 'notification.messages' element cannot be added as child to 'header', because the latter doesn't exist [] []
[2025-05-02T19:18:36.434507+00:00] main.INFO: Broken reference: the 'global_notices' element cannot be added as child to 'global.notices', because the latter doesn't exist [] []
[2025-05-02T19:18:36.434656+00:00] main.INFO: Broken reference: the 'logo' element cannot be added as child to 'header', because the latter doesn't exist [] []
[2025-05-02T19:18:36.434800+00:00] main.INFO: Broken reference: the 'global.search' element cannot be added as child to 'header', because the latter doesn't exist [] []
[2025-05-02T19:18:36.434943+00:00] main.INFO: Broken reference: the 'user' element cannot be added as child to 'header', because the latter doesn't exist [] []
[2025-05-02T19:18:36.435085+00:00] main.INFO: Broken reference: the 'menu' element cannot be added as child to 'page.menu', because the latter doesn't exist [] []
[2025-05-02T19:18:36.435228+00:00] main.INFO: Broken reference: the 'breadcrumbs' element cannot be added as child to 'page.breadcrumbs', because the latter doesn't exist [] []
[2025-05-02T19:18:36.435370+00:00] main.INFO: Broken reference: the 'formkey' element cannot be added as child to 'page.formkey', because the latter doesn't exist [] []
[2025-05-02T19:18:36.435511+00:00] main.INFO: Broken reference: the 'page.title' element cannot be added as child to 'main.top', because the latter doesn't exist [] []
[2025-05-02T19:18:36.435655+00:00] main.INFO: Broken reference: the 'messages' element cannot be added as child to 'page.messages', because the latter doesn't exist [] []
[2025-05-02T19:18:36.435797+00:00] main.INFO: Broken reference: the 'page.actions.toolbar' element cannot be added as child to 'page.main.actions', because the latter doesn't exist [] []
[2025-05-02T19:18:36.435940+00:00] main.INFO: Broken reference: the 'legal' element cannot be added as child to 'footer', because the latter doesn't exist [] []
[2025-05-02T19:18:36.436144+00:00] main.INFO: Broken reference: the 'header.inner.left' element cannot be added as child to 'header', because the latter doesn't exist [] []
[2025-05-02T19:18:36.436295+00:00] main.INFO: Broken reference: the 'header.inner.right' element cannot be added as child to 'header', because the latter doesn't exist [] []
[2025-05-02T19:18:36.436480+00:00] main.INFO: Broken reference: the 'user' tries to reorder itself towards '', but their parents are different: 'header' and '' respectively. [] []
[2025-05-02T19:18:36.436629+00:00] main.INFO: Broken reference: the 'notification.messages' tries to reorder itself towards 'user', but their parents are different: 'header' and '' respectively. [] []
[2025-05-02T19:18:36.436776+00:00] main.INFO: Broken reference: the 'logo' tries to reorder itself towards '', but their parents are different: 'header' and '' respectively. [] []
[2025-05-02T19:18:36.436955+00:00] main.INFO: Broken reference: the 'global.search' tries to reorder itself towards 'logo', but their parents are different: 'header' and '' respectively. [] []
[2025-05-02T19:18:36.437104+00:00] main.INFO: Broken reference: the 'page.actions.toolbar' tries to reorder itself towards '', but their parents are different: 'page.main.actions' and '' respectively. [] []
[2025-05-02T19:18:36.437272+00:00] main.INFO: Broken reference: the 'header.inner.left' tries to reorder itself towards '', but their parents are different: 'header' and '' respectively. [] []
[2025-05-02T19:18:36.437445+00:00] main.INFO: Broken reference: the 'header.inner.right' tries to reorder itself towards 'header.inner.left', but their parents are different: 'header' and '' respectively. [] []
[2025-05-02T19:18:36.437600+00:00] main.INFO: Broken reference: the 'notification.messages' tries to reorder itself towards 'user', but their parents are different: 'header.inner.right' and '' respectively. [] []
[2025-05-02T19:18:41.218486+00:00] main.INFO: Broken reference: the 'tracking' element cannot be added as child to 'header', because the latter doesn't exist [] []
[2025-05-02T19:18:41.219059+00:00] main.INFO: Broken reference: the 'notification_area' element cannot be added as child to 'notifications', because the latter doesn't exist [] []
[2025-05-02T19:18:41.219232+00:00] main.INFO: Broken reference: the 'unread_system_messages' element cannot be added as child to 'notifications', because the latter doesn't exist [] []
[2025-05-02T19:18:41.219388+00:00] main.INFO: Broken reference: the 'notification_window' element cannot be added as child to 'notifications', because the latter doesn't exist [] []
[2025-05-02T19:18:41.219539+00:00] main.INFO: Broken reference: the 'notification.messages' element cannot be added as child to 'header', because the latter doesn't exist [] []
[2025-05-02T19:18:41.219690+00:00] main.INFO: Broken reference: the 'global_notices' element cannot be added as child to 'global.notices', because the latter doesn't exist [] []
[2025-05-02T19:18:41.219839+00:00] main.INFO: Broken reference: the 'logo' element cannot be added as child to 'header', because the latter doesn't exist [] []
[2025-05-02T19:18:41.219984+00:00] main.INFO: Broken reference: the 'global.search' element cannot be added as child to 'header', because the latter doesn't exist [] []
[2025-05-02T19:18:41.220128+00:00] main.INFO: Broken reference: the 'user' element cannot be added as child to 'header', because the latter doesn't exist [] []
[2025-05-02T19:18:41.220272+00:00] main.INFO: Broken reference: the 'menu' element cannot be added as child to 'page.menu', because the latter doesn't exist [] []
[2025-05-02T19:18:41.220416+00:00] main.INFO: Broken reference: the 'breadcrumbs' element cannot be added as child to 'page.breadcrumbs', because the latter doesn't exist [] []
[2025-05-02T19:18:41.220559+00:00] main.INFO: Broken reference: the 'formkey' element cannot be added as child to 'page.formkey', because the latter doesn't exist [] []
[2025-05-02T19:18:41.220702+00:00] main.INFO: Broken reference: the 'page.title' element cannot be added as child to 'main.top', because the latter doesn't exist [] []
[2025-05-02T19:18:41.220845+00:00] main.INFO: Broken reference: the 'messages' element cannot be added as child to 'page.messages', because the latter doesn't exist [] []
[2025-05-02T19:18:41.220987+00:00] main.INFO: Broken reference: the 'page.actions.toolbar' element cannot be added as child to 'page.main.actions', because the latter doesn't exist [] []
[2025-05-02T19:18:41.221130+00:00] main.INFO: Broken reference: the 'legal' element cannot be added as child to 'footer', because the latter doesn't exist [] []
[2025-05-02T19:18:41.221335+00:00] main.INFO: Broken reference: the 'header.inner.left' element cannot be added as child to 'header', because the latter doesn't exist [] []
[2025-05-02T19:18:41.221485+00:00] main.INFO: Broken reference: the 'header.inner.right' element cannot be added as child to 'header', because the latter doesn't exist [] []
[2025-05-02T19:18:41.221712+00:00] main.INFO: Broken reference: the 'user' tries to reorder itself towards '', but their parents are different: 'header' and '' respectively. [] []
[2025-05-02T19:18:41.221868+00:00] main.INFO: Broken reference: the 'notification.messages' tries to reorder itself towards 'user', but their parents are different: 'header' and '' respectively. [] []
[2025-05-02T19:18:41.222014+00:00] main.INFO: Broken reference: the 'logo' tries to reorder itself towards '', but their parents are different: 'header' and '' respectively. [] []
[2025-05-02T19:18:41.222186+00:00] main.INFO: Broken reference: the 'global.search' tries to reorder itself towards 'logo', but their parents are different: 'header' and '' respectively. [] []
[2025-05-02T19:18:41.222334+00:00] main.INFO: Broken reference: the 'page.actions.toolbar' tries to reorder itself towards '', but their parents are different: 'page.main.actions' and '' respectively. [] []
[2025-05-02T19:18:41.222501+00:00] main.INFO: Broken reference: the 'header.inner.left' tries to reorder itself towards '', but their parents are different: 'header' and '' respectively. [] []
[2025-05-02T19:18:41.222648+00:00] main.INFO: Broken reference: the 'header.inner.right' tries to reorder itself towards 'header.inner.left', but their parents are different: 'header' and '' respectively. [] []
[2025-05-02T19:18:41.222847+00:00] main.INFO: Broken reference: the 'notification.messages' tries to reorder itself towards 'user', but their parents are different: 'header.inner.right' and '' respectively. [] []
[2025-05-02T19:18:42.778210+00:00] main.INFO: Broken reference: the 'tracking' element cannot be added as child to 'header', because the latter doesn't exist [] []
[2025-05-02T19:18:42.778785+00:00] main.INFO: Broken reference: the 'notification_area' element cannot be added as child to 'notifications', because the latter doesn't exist [] []
[2025-05-02T19:18:42.778959+00:00] main.INFO: Broken reference: the 'unread_system_messages' element cannot be added as child to 'notifications', because the latter doesn't exist [] []
[2025-05-02T19:18:42.779115+00:00] main.INFO: Broken reference: the 'notification_window' element cannot be added as child to 'notifications', because the latter doesn't exist [] []
[2025-05-02T19:18:42.779266+00:00] main.INFO: Broken reference: the 'notification.messages' element cannot be added as child to 'header', because the latter doesn't exist [] []
[2025-05-02T19:18:42.779487+00:00] main.INFO: Broken reference: the 'global_notices' element cannot be added as child to 'global.notices', because the latter doesn't exist [] []
[2025-05-02T19:18:42.779665+00:00] main.INFO: Broken reference: the 'logo' element cannot be added as child to 'header', because the latter doesn't exist [] []
[2025-05-02T19:18:42.779810+00:00] main.INFO: Broken reference: the 'global.search' element cannot be added as child to 'header', because the latter doesn't exist [] []
[2025-05-02T19:18:42.779955+00:00] main.INFO: Broken reference: the 'user' element cannot be added as child to 'header', because the latter doesn't exist [] []
[2025-05-02T19:18:42.780098+00:00] main.INFO: Broken reference: the 'menu' element cannot be added as child to 'page.menu', because the latter doesn't exist [] []
[2025-05-02T19:18:42.780240+00:00] main.INFO: Broken reference: the 'breadcrumbs' element cannot be added as child to 'page.breadcrumbs', because the latter doesn't exist [] []
[2025-05-02T19:18:42.780381+00:00] main.INFO: Broken reference: the 'formkey' element cannot be added as child to 'page.formkey', because the latter doesn't exist [] []
[2025-05-02T19:18:42.780522+00:00] main.INFO: Broken reference: the 'page.title' element cannot be added as child to 'main.top', because the latter doesn't exist [] []
[2025-05-02T19:18:42.780665+00:00] main.INFO: Broken reference: the 'messages' element cannot be added as child to 'page.messages', because the latter doesn't exist [] []
[2025-05-02T19:18:42.780851+00:00] main.INFO: Broken reference: the 'page.actions.toolbar' element cannot be added as child to 'page.main.actions', because the latter doesn't exist [] []
[2025-05-02T19:18:42.781002+00:00] main.INFO: Broken reference: the 'legal' element cannot be added as child to 'footer', because the latter doesn't exist [] []
[2025-05-02T19:18:42.781208+00:00] main.INFO: Broken reference: the 'header.inner.left' element cannot be added as child to 'header', because the latter doesn't exist [] []
[2025-05-02T19:18:42.781361+00:00] main.INFO: Broken reference: the 'header.inner.right' element cannot be added as child to 'header', because the latter doesn't exist [] []
[2025-05-02T19:18:42.781566+00:00] main.INFO: Broken reference: the 'user' tries to reorder itself towards '', but their parents are different: 'header' and '' respectively. [] []
[2025-05-02T19:18:42.781721+00:00] main.INFO: Broken reference: the 'notification.messages' tries to reorder itself towards 'user', but their parents are different: 'header' and '' respectively. [] []
[2025-05-02T19:18:42.781867+00:00] main.INFO: Broken reference: the 'logo' tries to reorder itself towards '', but their parents are different: 'header' and '' respectively. [] []
[2025-05-02T19:18:42.782011+00:00] main.INFO: Broken reference: the 'global.search' tries to reorder itself towards 'logo', but their parents are different: 'header' and '' respectively. [] []
[2025-05-02T19:18:42.782155+00:00] main.INFO: Broken reference: the 'page.actions.toolbar' tries to reorder itself towards '', but their parents are different: 'page.main.actions' and '' respectively. [] []
[2025-05-02T19:18:42.782321+00:00] main.INFO: Broken reference: the 'header.inner.left' tries to reorder itself towards '', but their parents are different: 'header' and '' respectively. [] []
[2025-05-02T19:18:42.782469+00:00] main.INFO: Broken reference: the 'header.inner.right' tries to reorder itself towards 'header.inner.left', but their parents are different: 'header' and '' respectively. [] []
[2025-05-02T19:18:42.782622+00:00] main.INFO: Broken reference: the 'notification.messages' tries to reorder itself towards 'user', but their parents are different: 'header.inner.right' and '' respectively. [] []
[2025-05-02T19:18:58.912489+00:00] main.INFO: Broken reference: the 'tracking' element cannot be added as child to 'header', because the latter doesn't exist [] []
[2025-05-02T19:18:58.913395+00:00] main.INFO: Broken reference: the 'notification_area' element cannot be added as child to 'notifications', because the latter doesn't exist [] []
[2025-05-02T19:18:58.913577+00:00] main.INFO: Broken reference: the 'unread_system_messages' element cannot be added as child to 'notifications', because the latter doesn't exist [] []
[2025-05-02T19:18:58.913799+00:00] main.INFO: Broken reference: the 'notification_window' element cannot be added as child to 'notifications', because the latter doesn't exist [] []
[2025-05-02T19:18:58.913951+00:00] main.INFO: Broken reference: the 'notification.messages' element cannot be added as child to 'header', because the latter doesn't exist [] []
[2025-05-02T19:18:58.914108+00:00] main.INFO: Broken reference: the 'global_notices' element cannot be added as child to 'global.notices', because the latter doesn't exist [] []
[2025-05-02T19:18:58.914257+00:00] main.INFO: Broken reference: the 'logo' element cannot be added as child to 'header', because the latter doesn't exist [] []
[2025-05-02T19:18:58.914404+00:00] main.INFO: Broken reference: the 'global.search' element cannot be added as child to 'header', because the latter doesn't exist [] []
[2025-05-02T19:18:58.914553+00:00] main.INFO: Broken reference: the 'user' element cannot be added as child to 'header', because the latter doesn't exist [] []
[2025-05-02T19:18:58.914699+00:00] main.INFO: Broken reference: the 'menu' element cannot be added as child to 'page.menu', because the latter doesn't exist [] []
[2025-05-02T19:18:58.914845+00:00] main.INFO: Broken reference: the 'breadcrumbs' element cannot be added as child to 'page.breadcrumbs', because the latter doesn't exist [] []
[2025-05-02T19:18:58.915040+00:00] main.INFO: Broken reference: the 'formkey' element cannot be added as child to 'page.formkey', because the latter doesn't exist [] []
[2025-05-02T19:18:58.915194+00:00] main.INFO: Broken reference: the 'page.title' element cannot be added as child to 'main.top', because the latter doesn't exist [] []
[2025-05-02T19:18:58.915343+00:00] main.INFO: Broken reference: the 'messages' element cannot be added as child to 'page.messages', because the latter doesn't exist [] []
[2025-05-02T19:18:58.915523+00:00] main.INFO: Broken reference: the 'page.actions.toolbar' element cannot be added as child to 'page.main.actions', because the latter doesn't exist [] []
[2025-05-02T19:18:58.915675+00:00] main.INFO: Broken reference: the 'legal' element cannot be added as child to 'footer', because the latter doesn't exist [] []
[2025-05-02T19:18:58.915888+00:00] main.INFO: Broken reference: the 'header.inner.left' element cannot be added as child to 'header', because the latter doesn't exist [] []
[2025-05-02T19:18:58.916042+00:00] main.INFO: Broken reference: the 'header.inner.right' element cannot be added as child to 'header', because the latter doesn't exist [] []
[2025-05-02T19:18:58.916224+00:00] main.INFO: Broken reference: the 'user' tries to reorder itself towards '', but their parents are different: 'header' and '' respectively. [] []
[2025-05-02T19:18:58.916375+00:00] main.INFO: Broken reference: the 'notification.messages' tries to reorder itself towards 'user', but their parents are different: 'header' and '' respectively. [] []
[2025-05-02T19:18:58.916523+00:00] main.INFO: Broken reference: the 'logo' tries to reorder itself towards '', but their parents are different: 'header' and '' respectively. [] []
[2025-05-02T19:18:58.916667+00:00] main.INFO: Broken reference: the 'global.search' tries to reorder itself towards 'logo', but their parents are different: 'header' and '' respectively. [] []
[2025-05-02T19:18:58.916811+00:00] main.INFO: Broken reference: the 'page.actions.toolbar' tries to reorder itself towards '', but their parents are different: 'page.main.actions' and '' respectively. [] []
[2025-05-02T19:18:58.916978+00:00] main.INFO: Broken reference: the 'header.inner.left' tries to reorder itself towards '', but their parents are different: 'header' and '' respectively. [] []
[2025-05-02T19:18:58.917127+00:00] main.INFO: Broken reference: the 'header.inner.right' tries to reorder itself towards 'header.inner.left', but their parents are different: 'header' and '' respectively. [] []
[2025-05-02T19:18:58.917282+00:00] main.INFO: Broken reference: the 'notification.messages' tries to reorder itself towards 'user', but their parents are different: 'header.inner.right' and '' respectively. [] []
[2025-05-02T19:19:03.302084+00:00] main.INFO: Broken reference: the 'tracking' element cannot be added as child to 'header', because the latter doesn't exist [] []
[2025-05-02T19:19:03.302647+00:00] main.INFO: Broken reference: the 'notification_area' element cannot be added as child to 'notifications', because the latter doesn't exist [] []
[2025-05-02T19:19:03.302817+00:00] main.INFO: Broken reference: the 'unread_system_messages' element cannot be added as child to 'notifications', because the latter doesn't exist [] []
[2025-05-02T19:19:03.302973+00:00] main.INFO: Broken reference: the 'notification_window' element cannot be added as child to 'notifications', because the latter doesn't exist [] []
[2025-05-02T19:19:03.303122+00:00] main.INFO: Broken reference: the 'notification.messages' element cannot be added as child to 'header', because the latter doesn't exist [] []
[2025-05-02T19:19:03.303275+00:00] main.INFO: Broken reference: the 'global_notices' element cannot be added as child to 'global.notices', because the latter doesn't exist [] []
[2025-05-02T19:19:03.303421+00:00] main.INFO: Broken reference: the 'logo' element cannot be added as child to 'header', because the latter doesn't exist [] []
[2025-05-02T19:19:03.303612+00:00] main.INFO: Broken reference: the 'global.search' element cannot be added as child to 'header', because the latter doesn't exist [] []
[2025-05-02T19:19:03.303766+00:00] main.INFO: Broken reference: the 'user' element cannot be added as child to 'header', because the latter doesn't exist [] []
[2025-05-02T19:19:03.303912+00:00] main.INFO: Broken reference: the 'menu' element cannot be added as child to 'page.menu', because the latter doesn't exist [] []
[2025-05-02T19:19:03.304057+00:00] main.INFO: Broken reference: the 'breadcrumbs' element cannot be added as child to 'page.breadcrumbs', because the latter doesn't exist [] []
[2025-05-02T19:19:03.304230+00:00] main.INFO: Broken reference: the 'formkey' element cannot be added as child to 'page.formkey', because the latter doesn't exist [] []
[2025-05-02T19:19:03.304377+00:00] main.INFO: Broken reference: the 'page.title' element cannot be added as child to 'main.top', because the latter doesn't exist [] []
[2025-05-02T19:19:03.304521+00:00] main.INFO: Broken reference: the 'messages' element cannot be added as child to 'page.messages', because the latter doesn't exist [] []
[2025-05-02T19:19:03.304664+00:00] main.INFO: Broken reference: the 'page.actions.toolbar' element cannot be added as child to 'page.main.actions', because the latter doesn't exist [] []
[2025-05-02T19:19:03.304807+00:00] main.INFO: Broken reference: the 'legal' element cannot be added as child to 'footer', because the latter doesn't exist [] []
[2025-05-02T19:19:03.305013+00:00] main.INFO: Broken reference: the 'header.inner.left' element cannot be added as child to 'header', because the latter doesn't exist [] []
[2025-05-02T19:19:03.305164+00:00] main.INFO: Broken reference: the 'header.inner.right' element cannot be added as child to 'header', because the latter doesn't exist [] []
[2025-05-02T19:19:03.305348+00:00] main.INFO: Broken reference: the 'user' tries to reorder itself towards '', but their parents are different: 'header' and '' respectively. [] []
[2025-05-02T19:19:03.305497+00:00] main.INFO: Broken reference: the 'notification.messages' tries to reorder itself towards 'user', but their parents are different: 'header' and '' respectively. [] []
[2025-05-02T19:19:03.305642+00:00] main.INFO: Broken reference: the 'logo' tries to reorder itself towards '', but their parents are different: 'header' and '' respectively. [] []
[2025-05-02T19:19:03.305785+00:00] main.INFO: Broken reference: the 'global.search' tries to reorder itself towards 'logo', but their parents are different: 'header' and '' respectively. [] []
[2025-05-02T19:19:03.305928+00:00] main.INFO: Broken reference: the 'page.actions.toolbar' tries to reorder itself towards '', but their parents are different: 'page.main.actions' and '' respectively. [] []
[2025-05-02T19:19:03.306131+00:00] main.INFO: Broken reference: the 'header.inner.left' tries to reorder itself towards '', but their parents are different: 'header' and '' respectively. [] []
[2025-05-02T19:19:03.306279+00:00] main.INFO: Broken reference: the 'header.inner.right' tries to reorder itself towards 'header.inner.left', but their parents are different: 'header' and '' respectively. [] []
[2025-05-02T19:19:03.306431+00:00] main.INFO: Broken reference: the 'notification.messages' tries to reorder itself towards 'user', but their parents are different: 'header.inner.right' and '' respectively. [] []
[2025-05-02T19:19:08.427899+00:00] main.INFO: Broken reference: the 'tracking' element cannot be added as child to 'header', because the latter doesn't exist [] []
[2025-05-02T19:19:08.428479+00:00] main.INFO: Broken reference: the 'notification_area' element cannot be added as child to 'notifications', because the latter doesn't exist [] []
[2025-05-02T19:19:08.428654+00:00] main.INFO: Broken reference: the 'unread_system_messages' element cannot be added as child to 'notifications', because the latter doesn't exist [] []
[2025-05-02T19:19:08.428810+00:00] main.INFO: Broken reference: the 'notification_window' element cannot be added as child to 'notifications', because the latter doesn't exist [] []
[2025-05-02T19:19:08.429005+00:00] main.INFO: Broken reference: the 'notification.messages' element cannot be added as child to 'header', because the latter doesn't exist [] []
[2025-05-02T19:19:08.429168+00:00] main.INFO: Broken reference: the 'global_notices' element cannot be added as child to 'global.notices', because the latter doesn't exist [] []
[2025-05-02T19:19:08.429322+00:00] main.INFO: Broken reference: the 'logo' element cannot be added as child to 'header', because the latter doesn't exist [] []
[2025-05-02T19:19:08.429527+00:00] main.INFO: Broken reference: the 'global.search' element cannot be added as child to 'header', because the latter doesn't exist [] []
[2025-05-02T19:19:08.429758+00:00] main.INFO: Broken reference: the 'user' element cannot be added as child to 'header', because the latter doesn't exist [] []
[2025-05-02T19:19:08.429907+00:00] main.INFO: Broken reference: the 'menu' element cannot be added as child to 'page.menu', because the latter doesn't exist [] []
[2025-05-02T19:19:08.430054+00:00] main.INFO: Broken reference: the 'breadcrumbs' element cannot be added as child to 'page.breadcrumbs', because the latter doesn't exist [] []
[2025-05-02T19:19:08.430201+00:00] main.INFO: Broken reference: the 'formkey' element cannot be added as child to 'page.formkey', because the latter doesn't exist [] []
[2025-05-02T19:19:08.430349+00:00] main.INFO: Broken reference: the 'page.title' element cannot be added as child to 'main.top', because the latter doesn't exist [] []
[2025-05-02T19:19:08.430496+00:00] main.INFO: Broken reference: the 'messages' element cannot be added as child to 'page.messages', because the latter doesn't exist [] []
[2025-05-02T19:19:08.430640+00:00] main.INFO: Broken reference: the 'page.actions.toolbar' element cannot be added as child to 'page.main.actions', because the latter doesn't exist [] []
[2025-05-02T19:19:08.430786+00:00] main.INFO: Broken reference: the 'legal' element cannot be added as child to 'footer', because the latter doesn't exist [] []
[2025-05-02T19:19:08.431021+00:00] main.INFO: Broken reference: the 'header.inner.left' element cannot be added as child to 'header', because the latter doesn't exist [] []
[2025-05-02T19:19:08.431183+00:00] main.INFO: Broken reference: the 'header.inner.right' element cannot be added as child to 'header', because the latter doesn't exist [] []
[2025-05-02T19:19:08.431375+00:00] main.INFO: Broken reference: the 'user' tries to reorder itself towards '', but their parents are different: 'header' and '' respectively. [] []
[2025-05-02T19:19:08.431527+00:00] main.INFO: Broken reference: the 'notification.messages' tries to reorder itself towards 'user', but their parents are different: 'header' and '' respectively. [] []
[2025-05-02T19:19:08.431675+00:00] main.INFO: Broken reference: the 'logo' tries to reorder itself towards '', but their parents are different: 'header' and '' respectively. [] []
[2025-05-02T19:19:08.431822+00:00] main.INFO: Broken reference: the 'global.search' tries to reorder itself towards 'logo', but their parents are different: 'header' and '' respectively. [] []
[2025-05-02T19:19:08.431968+00:00] main.INFO: Broken reference: the 'page.actions.toolbar' tries to reorder itself towards '', but their parents are different: 'page.main.actions' and '' respectively. [] []
[2025-05-02T19:19:08.432136+00:00] main.INFO: Broken reference: the 'header.inner.left' tries to reorder itself towards '', but their parents are different: 'header' and '' respectively. [] []
[2025-05-02T19:19:08.432286+00:00] main.INFO: Broken reference: the 'header.inner.right' tries to reorder itself towards 'header.inner.left', but their parents are different: 'header' and '' respectively. [] []
[2025-05-02T19:19:08.432444+00:00] main.INFO: Broken reference: the 'notification.messages' tries to reorder itself towards 'user', but their parents are different: 'header.inner.right' and '' respectively. [] []
[2025-05-02T19:19:10.920587+00:00] main.ERROR: Requested path adminhtml/Magento/backend/pt_BR/underscore-umd.js.map is wrong. [] []
[2025-05-02T19:19:10.921322+00:00] main.CRITICAL: Requested path adminhtml/Magento/backend/pt_BR/underscore-umd.js.map is wrong. [] []
[2025-05-02T19:19:19.118570+00:00] main.INFO: Broken reference: the 'tracking' element cannot be added as child to 'header', because the latter doesn't exist [] []
[2025-05-02T19:19:19.119143+00:00] main.INFO: Broken reference: the 'notification_area' element cannot be added as child to 'notifications', because the latter doesn't exist [] []
[2025-05-02T19:19:19.119352+00:00] main.INFO: Broken reference: the 'unread_system_messages' element cannot be added as child to 'notifications', because the latter doesn't exist [] []
[2025-05-02T19:19:19.119513+00:00] main.INFO: Broken reference: the 'notification_window' element cannot be added as child to 'notifications', because the latter doesn't exist [] []
[2025-05-02T19:19:19.119668+00:00] main.INFO: Broken reference: the 'notification.messages' element cannot be added as child to 'header', because the latter doesn't exist [] []
[2025-05-02T19:19:19.119823+00:00] main.INFO: Broken reference: the 'global_notices' element cannot be added as child to 'global.notices', because the latter doesn't exist [] []
[2025-05-02T19:19:19.119971+00:00] main.INFO: Broken reference: the 'logo' element cannot be added as child to 'header', because the latter doesn't exist [] []
[2025-05-02T19:19:19.120119+00:00] main.INFO: Broken reference: the 'global.search' element cannot be added as child to 'header', because the latter doesn't exist [] []
[2025-05-02T19:19:19.120266+00:00] main.INFO: Broken reference: the 'user' element cannot be added as child to 'header', because the latter doesn't exist [] []
[2025-05-02T19:19:19.120412+00:00] main.INFO: Broken reference: the 'menu' element cannot be added as child to 'page.menu', because the latter doesn't exist [] []
[2025-05-02T19:19:19.120557+00:00] main.INFO: Broken reference: the 'breadcrumbs' element cannot be added as child to 'page.breadcrumbs', because the latter doesn't exist [] []
[2025-05-02T19:19:19.120707+00:00] main.INFO: Broken reference: the 'formkey' element cannot be added as child to 'page.formkey', because the latter doesn't exist [] []
[2025-05-02T19:19:19.120854+00:00] main.INFO: Broken reference: the 'page.title' element cannot be added as child to 'main.top', because the latter doesn't exist [] []
[2025-05-02T19:19:19.120999+00:00] main.INFO: Broken reference: the 'messages' element cannot be added as child to 'page.messages', because the latter doesn't exist [] []
[2025-05-02T19:19:19.121145+00:00] main.INFO: Broken reference: the 'page.actions.toolbar' element cannot be added as child to 'page.main.actions', because the latter doesn't exist [] []
[2025-05-02T19:19:19.121289+00:00] main.INFO: Broken reference: the 'legal' element cannot be added as child to 'footer', because the latter doesn't exist [] []
[2025-05-02T19:19:19.121496+00:00] main.INFO: Broken reference: the 'header.inner.left' element cannot be added as child to 'header', because the latter doesn't exist [] []
[2025-05-02T19:19:19.121651+00:00] main.INFO: Broken reference: the 'header.inner.right' element cannot be added as child to 'header', because the latter doesn't exist [] []
[2025-05-02T19:19:19.121838+00:00] main.INFO: Broken reference: the 'user' tries to reorder itself towards '', but their parents are different: 'header' and '' respectively. [] []
[2025-05-02T19:19:19.121989+00:00] main.INFO: Broken reference: the 'notification.messages' tries to reorder itself towards 'user', but their parents are different: 'header' and '' respectively. [] []
[2025-05-02T19:19:19.122136+00:00] main.INFO: Broken reference: the 'logo' tries to reorder itself towards '', but their parents are different: 'header' and '' respectively. [] []
[2025-05-02T19:19:19.122280+00:00] main.INFO: Broken reference: the 'global.search' tries to reorder itself towards 'logo', but their parents are different: 'header' and '' respectively. [] []
[2025-05-02T19:19:19.122424+00:00] main.INFO: Broken reference: the 'page.actions.toolbar' tries to reorder itself towards '', but their parents are different: 'page.main.actions' and '' respectively. [] []
[2025-05-02T19:19:19.122631+00:00] main.INFO: Broken reference: the 'header.inner.left' tries to reorder itself towards '', but their parents are different: 'header' and '' respectively. [] []
[2025-05-02T19:19:19.122792+00:00] main.INFO: Broken reference: the 'header.inner.right' tries to reorder itself towards 'header.inner.left', but their parents are different: 'header' and '' respectively. [] []
[2025-05-02T19:19:19.122974+00:00] main.INFO: Broken reference: the 'notification.messages' tries to reorder itself towards 'user', but their parents are different: 'header.inner.right' and '' respectively. [] []
[2025-05-02T19:19:19.544787+00:00] main.ERROR: Requested path adminhtml/Magento/backend/pt_BR/underscore-umd.js.map is wrong. [] []
[2025-05-02T19:19:19.545434+00:00] main.CRITICAL: Requested path adminhtml/Magento/backend/pt_BR/underscore-umd.js.map is wrong. [] []
[2025-05-02T19:22:02.575617+00:00] main.ERROR: Not enough arguments (missing: "value").
#0 C:\xampp8\htdocs\magento-loja5\vendor\symfony\console\Command\Command.php(321): Symfony\Component\Console\Input\Input->validate()
#1 C:\xampp8\htdocs\magento-loja5\vendor\magento\framework\Interception\Interceptor.php(58): Symfony\Component\Console\Command\Command->run(Object(Symfony\Component\Console\Input\ArgvInput), Object(Symfony\Component\Console\Output\ConsoleOutput))
#2 C:\xampp8\htdocs\magento-loja5\vendor\magento\framework\Interception\Interceptor.php(138): Magento\Config\Console\Command\ConfigSetCommand\Interceptor->___callParent('run', Array)
#3 C:\xampp8\htdocs\magento-loja5\vendor\magento\framework\Interception\Interceptor.php(153): Magento\Config\Console\Command\ConfigSetCommand\Interceptor->Magento\Framework\Interception\{closure}(Object(Symfony\Component\Console\Input\ArgvInput), Object(Symfony\Component\Console\Output\ConsoleOutput))
#4 C:\xampp8\htdocs\magento-loja5\generated\code\Magento\Config\Console\Command\ConfigSetCommand\Interceptor.php(23): Magento\Config\Console\Command\ConfigSetCommand\Interceptor->___callPlugins('run', Array, Array)
#5 C:\xampp8\htdocs\magento-loja5\vendor\symfony\console\Application.php(1078): Magento\Config\Console\Command\ConfigSetCommand\Interceptor->run(Object(Symfony\Component\Console\Input\ArgvInput), Object(Symfony\Component\Console\Output\ConsoleOutput))
#6 C:\xampp8\htdocs\magento-loja5\vendor\symfony\console\Application.php(324): Symfony\Component\Console\Application->doRunCommand(Object(Magento\Config\Console\Command\ConfigSetCommand\Interceptor), Object(Symfony\Component\Console\Input\ArgvInput), Object(Symfony\Component\Console\Output\ConsoleOutput))
#7 C:\xampp8\htdocs\magento-loja5\vendor\magento\framework\Console\Cli.php(122): Symfony\Component\Console\Application->doRun(Object(Symfony\Component\Console\Input\ArgvInput), Object(Symfony\Component\Console\Output\ConsoleOutput))
#8 C:\xampp8\htdocs\magento-loja5\vendor\symfony\console\Application.php(175): Magento\Framework\Console\Cli->doRun(Object(Symfony\Component\Console\Input\ArgvInput), Object(Symfony\Component\Console\Output\ConsoleOutput))
#9 C:\xampp8\htdocs\magento-loja5\bin\magento(23): Symfony\Component\Console\Application->run()
#10 {main} [] []
[2025-05-02T19:22:03.858395+00:00] main.DEBUG: cache_invalidate:  {"method":"GET","url":"http:/","invalidateInfo":{"tags":["gql_store_config_1","FPC"],"mode":"matchingTag"}} []
[2025-05-02T19:22:03.865382+00:00] main.DEBUG: cache_invalidate:  {"method":"GET","url":"http:/","invalidateInfo":{"tags":["gql_store_config_1","FPC"],"mode":"matchingTag"}} []
[2025-05-02T19:22:47.070038+00:00] main.DEBUG: cache_invalidate:  {"method":"GET","url":"http:/","invalidateInfo":{"tags":["FPC"],"mode":"matchingTag"}} []
[2025-05-02T19:22:53.904321+00:00] main.DEBUG: cache_invalidate:  {"method":"GET","url":"http:/","invalidateInfo":{"tags":["gql_store_config_1","FPC"],"mode":"matchingTag"}} []
[2025-05-02T19:22:53.910361+00:00] main.DEBUG: cache_invalidate:  {"method":"GET","url":"http:/","invalidateInfo":{"tags":["gql_store_config_1","FPC"],"mode":"matchingTag"}} []
[2025-05-02T19:23:04.253113+00:00] main.DEBUG: cache_invalidate:  {"method":"GET","url":"http:/","invalidateInfo":{"tags":["FPC"],"mode":"matchingTag"}} []
[2025-05-02T19:26:02.550093+00:00] main.DEBUG: Item Magento_Backend::system_currency was removed [] []
[2025-05-02T19:26:02.554800+00:00] main.DEBUG: Add of item with id Magento_AdminNotification::system_adminnotification was processed [] []
[2025-05-02T19:26:02.554938+00:00] main.DEBUG: Add of item with id Magento_Theme::design_config was processed [] []
[2025-05-02T19:26:02.555046+00:00] main.DEBUG: Add of item with id Magento_Theme::system_design_theme was processed [] []
[2025-05-02T19:26:02.555145+00:00] main.DEBUG: Add of item with id Magento_Backend::system_design_schedule was processed [] []
[2025-05-02T19:26:02.555249+00:00] main.DEBUG: Add of item with id Magento_Backend::system_store was processed [] []
[2025-05-02T19:26:02.555344+00:00] main.DEBUG: Add of item with id Magento_Backend::dashboard was processed [] []
[2025-05-02T19:26:02.555435+00:00] main.DEBUG: Add of item with id Magento_Backend::system was processed [] []
[2025-05-02T19:26:02.555533+00:00] main.DEBUG: Add of item with id Magento_Backend::system_tools was processed [] []
[2025-05-02T19:26:02.555634+00:00] main.DEBUG: Add of item with id Magento_Backend::system_design was processed [] []
[2025-05-02T19:26:02.555725+00:00] main.DEBUG: Add of item with id Magento_Backend::system_convert was processed [] []
[2025-05-02T19:26:02.555824+00:00] main.DEBUG: Add of item with id Magento_Backend::system_cache was processed [] []
[2025-05-02T19:26:02.555915+00:00] main.DEBUG: Add of item with id Magento_Backend::marketing was processed [] []
[2025-05-02T19:26:02.556011+00:00] main.DEBUG: Add of item with id Magento_Backend::marketing_communications was processed [] []
[2025-05-02T19:26:02.556101+00:00] main.DEBUG: Add of item with id Magento_Backend::marketing_seo was processed [] []
[2025-05-02T19:26:02.556189+00:00] main.DEBUG: Add of item with id Magento_Backend::marketing_user_content was processed [] []
[2025-05-02T19:26:02.556276+00:00] main.DEBUG: Add of item with id Magento_Backend::content was processed [] []
[2025-05-02T19:26:02.556363+00:00] main.DEBUG: Add of item with id Magento_Backend::content_elements was processed [] []
[2025-05-02T19:26:02.556449+00:00] main.DEBUG: Add of item with id Magento_Backend::stores was processed [] []
[2025-05-02T19:26:02.556546+00:00] main.DEBUG: Add of item with id Magento_Backend::stores_settings was processed [] []
[2025-05-02T19:26:02.556635+00:00] main.DEBUG: Add of item with id Magento_Backend::stores_attributes was processed [] []
[2025-05-02T19:26:02.556722+00:00] main.DEBUG: Add of item with id Magento_Backend::other_settings was processed [] []
[2025-05-02T19:26:02.556810+00:00] main.DEBUG: Add of item with id Magento_Backend::system_other_settings was processed [] []
[2025-05-02T19:26:02.556897+00:00] main.DEBUG: Add of item with id Magento_Config::system_config was processed [] []
[2025-05-02T19:26:02.556985+00:00] main.DEBUG: Add of item with id Magento_User::system_acl was processed [] []
[2025-05-02T19:26:02.557080+00:00] main.DEBUG: Add of item with id Magento_User::system_acl_users was processed [] []
[2025-05-02T19:26:02.557169+00:00] main.DEBUG: Add of item with id Magento_User::system_acl_roles was processed [] []
[2025-05-02T19:26:02.557256+00:00] main.DEBUG: Add of item with id Magento_User::system_acl_locks was processed [] []
[2025-05-02T19:26:02.557341+00:00] main.DEBUG: Add of item with id Magento_Customer::customer was processed [] []
[2025-05-02T19:26:02.557436+00:00] main.DEBUG: Add of item with id Magento_Customer::customer_manage was processed [] []
[2025-05-02T19:26:02.557524+00:00] main.DEBUG: Add of item with id Magento_Customer::customer_online was processed [] []
[2025-05-02T19:26:02.557611+00:00] main.DEBUG: Add of item with id Magento_Customer::customer_group was processed [] []
[2025-05-02T19:26:02.557697+00:00] main.DEBUG: Add of item with id Magento_Backup::system_tools_backup was processed [] []
[2025-05-02T19:26:02.557835+00:00] main.DEBUG: Add of item with id Magento_Indexer::system_index was processed [] []
[2025-05-02T19:26:02.557929+00:00] main.DEBUG: Add of item with id Magento_Variable::system_variable was processed [] []
[2025-05-02T19:26:02.558028+00:00] main.DEBUG: Add of item with id Magento_Cms::cms_page was processed [] []
[2025-05-02T19:26:02.558119+00:00] main.DEBUG: Add of item with id Magento_Cms::cms_block was processed [] []
[2025-05-02T19:26:02.558207+00:00] main.DEBUG: Add of item with id Magento_Integration::system_extensions was processed [] []
[2025-05-02T19:26:02.558304+00:00] main.DEBUG: Add of item with id Magento_Integration::system_integrations was processed [] []
[2025-05-02T19:26:02.558402+00:00] main.DEBUG: Add of item with id Magento_Search::search_terms was processed [] []
[2025-05-02T19:26:02.558492+00:00] main.DEBUG: Add of item with id Magento_Search::search_synonyms was processed [] []
[2025-05-02T19:26:02.558579+00:00] main.DEBUG: Add of item with id Magento_Catalog::catalog was processed [] []
[2025-05-02T19:26:02.558674+00:00] main.DEBUG: Add of item with id Magento_Catalog::catalog_products was processed [] []
[2025-05-02T19:26:02.558765+00:00] main.DEBUG: Add of item with id Magento_Catalog::catalog_categories was processed [] []
[2025-05-02T19:26:02.558860+00:00] main.DEBUG: Add of item with id Magento_Catalog::catalog_attributes_attributes was processed [] []
[2025-05-02T19:26:02.558949+00:00] main.DEBUG: Add of item with id Magento_Catalog::catalog_attributes_sets was processed [] []
[2025-05-02T19:26:02.559045+00:00] main.DEBUG: Add of item with id Magento_Catalog::inventory was processed [] []
[2025-05-02T19:26:02.559133+00:00] main.DEBUG: Add of item with id Magento_CatalogRule::promo was processed [] []
[2025-05-02T19:26:02.559228+00:00] main.DEBUG: Add of item with id Magento_CatalogRule::promo_catalog was processed [] []
[2025-05-02T19:26:02.559317+00:00] main.DEBUG: Add of item with id Magento_MediaGalleryUi::media was processed [] []
[2025-05-02T19:26:02.559412+00:00] main.DEBUG: Add of item with id Magento_MediaGalleryUi::media_gallery was processed [] []
[2025-05-02T19:26:02.559501+00:00] main.DEBUG: Add of item with id Magento_Sales::sales was processed [] []
[2025-05-02T19:26:02.559597+00:00] main.DEBUG: Add of item with id Magento_Sales::sales_operation was processed [] []
[2025-05-02T19:26:02.559694+00:00] main.DEBUG: Add of item with id Magento_Sales::sales_order was processed [] []
[2025-05-02T19:26:02.559784+00:00] main.DEBUG: Add of item with id Magento_Sales::sales_invoice was processed [] []
[2025-05-02T19:26:02.559871+00:00] main.DEBUG: Add of item with id Magento_Sales::sales_shipment was processed [] []
[2025-05-02T19:26:02.559958+00:00] main.DEBUG: Add of item with id Magento_Sales::sales_creditmemo was processed [] []
[2025-05-02T19:26:02.560044+00:00] main.DEBUG: Add of item with id Magento_Sales::sales_transactions was processed [] []
[2025-05-02T19:26:02.560129+00:00] main.DEBUG: Add of item with id Magento_Sales::system_order_statuses was processed [] []
[2025-05-02T19:26:02.560215+00:00] main.DEBUG: Add of item with id Magento_Widget::cms_widget_instance was processed [] []
[2025-05-02T19:26:02.560309+00:00] main.DEBUG: Add of item with id Magento_Analytics::business_intelligence was processed [] []
[2025-05-02T19:26:02.560406+00:00] main.DEBUG: Add of item with id Magento_Analytics::advanced_reporting was processed [] []
[2025-05-02T19:26:02.560494+00:00] main.DEBUG: Add of item with id Magento_Analytics::bi_essentials was processed [] []
[2025-05-02T19:26:02.560589+00:00] main.DEBUG: Add of item with id Magento_Downloadable::report_products_downloads was processed [] []
[2025-05-02T19:26:02.560686+00:00] main.DEBUG: Add of item with id Magento_Newsletter::newsletter_template was processed [] []
[2025-05-02T19:26:02.560776+00:00] main.DEBUG: Add of item with id Magento_Newsletter::newsletter_queue was processed [] []
[2025-05-02T19:26:02.560862+00:00] main.DEBUG: Add of item with id Magento_Newsletter::newsletter_subscriber was processed [] []
[2025-05-02T19:26:02.560996+00:00] main.DEBUG: Add of item with id Magento_Newsletter::newsletter_problem was processed [] []
[2025-05-02T19:26:02.561101+00:00] main.DEBUG: Add of item with id Magento_ImportExport::system_convert_import was processed [] []
[2025-05-02T19:26:02.561193+00:00] main.DEBUG: Add of item with id Magento_ImportExport::system_convert_export was processed [] []
[2025-05-02T19:26:02.561281+00:00] main.DEBUG: Add of item with id Magento_ImportExport::system_convert_history was processed [] []
[2025-05-02T19:26:02.561368+00:00] main.DEBUG: Add of item with id Magento_Email::template was processed [] []
[2025-05-02T19:26:02.561454+00:00] main.DEBUG: Add of item with id Magento_InventoryAdminUi::inventory was processed [] []
[2025-05-02T19:26:02.561550+00:00] main.DEBUG: Add of item with id Magento_InventoryAdminUi::source was processed [] []
[2025-05-02T19:26:02.561640+00:00] main.DEBUG: Add of item with id Magento_InventoryAdminUi::stock was processed [] []
[2025-05-02T19:26:02.561727+00:00] main.DEBUG: Add of item with id Magento_Reports::report was processed [] []
[2025-05-02T19:26:02.561814+00:00] main.DEBUG: Add of item with id Magento_Reports::report_marketing was processed [] []
[2025-05-02T19:26:02.561900+00:00] main.DEBUG: Add of item with id Magento_Reports::report_salesroot was processed [] []
[2025-05-02T19:26:02.561995+00:00] main.DEBUG: Add of item with id Magento_Reports::report_salesroot_sales was processed [] []
[2025-05-02T19:26:02.562083+00:00] main.DEBUG: Add of item with id Magento_Reports::report_salesroot_tax was processed [] []
[2025-05-02T19:26:02.562170+00:00] main.DEBUG: Add of item with id Magento_Reports::report_salesroot_invoiced was processed [] []
[2025-05-02T19:26:02.562255+00:00] main.DEBUG: Add of item with id Magento_Reports::report_salesroot_shipping was processed [] []
[2025-05-02T19:26:02.562341+00:00] main.DEBUG: Add of item with id Magento_Reports::report_salesroot_refunded was processed [] []
[2025-05-02T19:26:02.562426+00:00] main.DEBUG: Add of item with id Magento_Reports::report_salesroot_coupons was processed [] []
[2025-05-02T19:26:02.562511+00:00] main.DEBUG: Add of item with id Magento_Reports::report_shopcart_product was processed [] []
[2025-05-02T19:26:02.562596+00:00] main.DEBUG: Add of item with id Magento_Reports::report_shopcart_abandoned was processed [] []
[2025-05-02T19:26:02.562681+00:00] main.DEBUG: Add of item with id Magento_Reports::report_products was processed [] []
[2025-05-02T19:26:02.562767+00:00] main.DEBUG: Add of item with id Magento_Reports::report_products_bestsellers was processed [] []
[2025-05-02T19:26:02.562852+00:00] main.DEBUG: Add of item with id Magento_Reports::report_products_sold was processed [] []
[2025-05-02T19:26:02.562938+00:00] main.DEBUG: Add of item with id Magento_Reports::report_products_viewed was processed [] []
[2025-05-02T19:26:02.563022+00:00] main.DEBUG: Add of item with id Magento_Reports::report_products_lowstock was processed [] []
[2025-05-02T19:26:02.563107+00:00] main.DEBUG: Add of item with id Magento_Reports::report_customers was processed [] []
[2025-05-02T19:26:02.563202+00:00] main.DEBUG: Add of item with id Magento_Reports::report_customers_accounts was processed [] []
[2025-05-02T19:26:02.563290+00:00] main.DEBUG: Add of item with id Magento_Reports::report_customers_totals was processed [] []
[2025-05-02T19:26:02.563376+00:00] main.DEBUG: Add of item with id Magento_Reports::report_customers_orders was processed [] []
[2025-05-02T19:26:02.563461+00:00] main.DEBUG: Add of item with id Magento_Reports::report_statistics was processed [] []
[2025-05-02T19:26:02.563556+00:00] main.DEBUG: Add of item with id Magento_Reports::report_statistics_refresh was processed [] []
[2025-05-02T19:26:02.563644+00:00] main.DEBUG: Add of item with id Magento_Search::report_search_term was processed [] []
[2025-05-02T19:26:02.563732+00:00] main.DEBUG: Add of item with id Magento_LoginAsCustomerLog::login_log was processed [] []
[2025-05-02T19:26:02.563820+00:00] main.DEBUG: Add of item with id Magento_Marketplace::partners was processed [] []
[2025-05-02T19:26:02.563908+00:00] main.DEBUG: Add of item with id Magento_SalesRule::promo_quote was processed [] []
[2025-05-02T19:26:02.563995+00:00] main.DEBUG: Add of item with id Magento_Sitemap::catalog_sitemap was processed [] []
[2025-05-02T19:26:02.564081+00:00] main.DEBUG: Add of item with id Magento_PageBuilder::templates was processed [] []
[2025-05-02T19:26:02.564167+00:00] main.DEBUG: Add of item with id Magento_PaymentServicesDashboard::paymentservicesdashboard was processed [] []
[2025-05-02T19:26:02.564253+00:00] main.DEBUG: Add of item with id Magento_Paypal::report_salesroot_paypal_settlement_reports was processed [] []
[2025-05-02T19:26:02.564339+00:00] main.DEBUG: Add of item with id Magento_Paypal::paypal_billing_agreement was processed [] []
[2025-05-02T19:26:02.564424+00:00] main.DEBUG: Add of item with id Magento_CheckoutAgreements::sales_checkoutagreement was processed [] []
[2025-05-02T19:26:02.564510+00:00] main.DEBUG: Add of item with id Magento_Review::catalog_reviews_ratings_ratings was processed [] []
[2025-05-02T19:26:02.564604+00:00] main.DEBUG: Add of item with id Magento_Review::catalog_reviews_ratings_pending was processed [] []
[2025-05-02T19:26:02.564692+00:00] main.DEBUG: Add of item with id Magento_Review::catalog_reviews_ratings_reviews_all was processed [] []
[2025-05-02T19:26:02.564781+00:00] main.DEBUG: Add of item with id Magento_Review::report_review was processed [] []
[2025-05-02T19:26:02.564876+00:00] main.DEBUG: Add of item with id Magento_Review::report_review_customer was processed [] []
[2025-05-02T19:26:02.564987+00:00] main.DEBUG: Add of item with id Magento_Review::report_review_product was processed [] []
[2025-05-02T19:26:02.565079+00:00] main.DEBUG: Add of item with id Magento_ServicesId::configuration was processed [] []
[2025-05-02T19:26:02.565176+00:00] main.DEBUG: Add of item with id Magento_ServicesId::services_id was processed [] []
[2025-05-02T19:26:02.565266+00:00] main.DEBUG: Add of item with id Magento_UrlRewrite::urlrewrite was processed [] []
[2025-05-02T19:26:02.565353+00:00] main.DEBUG: Add of item with id Magento_Tax::sales_tax was processed [] []
[2025-05-02T19:26:02.565449+00:00] main.DEBUG: Add of item with id Magento_Tax::sales_tax_rules was processed [] []
[2025-05-02T19:26:02.565553+00:00] main.DEBUG: Add of item with id Magento_Tax::sales_tax_rates was processed [] []
[2025-05-02T19:26:02.565643+00:00] main.DEBUG: Add of item with id Magento_TaxImportExport::system_convert_tax was processed [] []
[2025-05-02T19:26:02.565732+00:00] main.DEBUG: Add of item with id Magento_AsynchronousOperations::system_magento_logging was processed [] []
[2025-05-02T19:26:02.565829+00:00] main.DEBUG: Add of item with id Magento_AsynchronousOperations::system_magento_logging_bulk_operations was processed [] []
[2025-05-02T19:26:02.565919+00:00] main.DEBUG: Add of item with id Magento_CurrencySymbol::system_currency was processed [] []
[2025-05-02T19:26:02.566028+00:00] main.DEBUG: Add of item with id Magento_CurrencySymbol::system_currency_rates was processed [] []
[2025-05-02T19:26:02.566142+00:00] main.DEBUG: Add of item with id Magento_CurrencySymbol::system_currency_symbols was processed [] []
[2025-05-02T19:26:02.566233+00:00] main.DEBUG: Add of item with id PayPal_Braintree::settlement_report was processed [] []
[2025-05-02T19:26:02.566321+00:00] main.DEBUG: Add of item with id PayPal_Braintree::virtual_terminal was processed [] []
[2025-05-02T19:26:04.039808+00:00] main.INFO: Broken reference: the 'tracking' element cannot be added as child to 'header', because the latter doesn't exist [] []
[2025-05-02T19:26:04.040390+00:00] main.INFO: Broken reference: the 'notification_area' element cannot be added as child to 'notifications', because the latter doesn't exist [] []
[2025-05-02T19:26:04.040563+00:00] main.INFO: Broken reference: the 'unread_system_messages' element cannot be added as child to 'notifications', because the latter doesn't exist [] []
[2025-05-02T19:26:04.040758+00:00] main.INFO: Broken reference: the 'notification_window' element cannot be added as child to 'notifications', because the latter doesn't exist [] []
[2025-05-02T19:26:04.040917+00:00] main.INFO: Broken reference: the 'notification.messages' element cannot be added as child to 'header', because the latter doesn't exist [] []
[2025-05-02T19:26:04.041120+00:00] main.INFO: Broken reference: the 'global_notices' element cannot be added as child to 'global.notices', because the latter doesn't exist [] []
[2025-05-02T19:26:04.041270+00:00] main.INFO: Broken reference: the 'logo' element cannot be added as child to 'header', because the latter doesn't exist [] []
[2025-05-02T19:26:04.041418+00:00] main.INFO: Broken reference: the 'global.search' element cannot be added as child to 'header', because the latter doesn't exist [] []
[2025-05-02T19:26:04.041635+00:00] main.INFO: Broken reference: the 'user' element cannot be added as child to 'header', because the latter doesn't exist [] []
[2025-05-02T19:26:04.041784+00:00] main.INFO: Broken reference: the 'menu' element cannot be added as child to 'page.menu', because the latter doesn't exist [] []
[2025-05-02T19:26:04.041932+00:00] main.INFO: Broken reference: the 'breadcrumbs' element cannot be added as child to 'page.breadcrumbs', because the latter doesn't exist [] []
[2025-05-02T19:26:04.042078+00:00] main.INFO: Broken reference: the 'formkey' element cannot be added as child to 'page.formkey', because the latter doesn't exist [] []
[2025-05-02T19:26:04.042222+00:00] main.INFO: Broken reference: the 'page.title' element cannot be added as child to 'main.top', because the latter doesn't exist [] []
[2025-05-02T19:26:04.042366+00:00] main.INFO: Broken reference: the 'messages' element cannot be added as child to 'page.messages', because the latter doesn't exist [] []
[2025-05-02T19:26:04.042511+00:00] main.INFO: Broken reference: the 'page.actions.toolbar' element cannot be added as child to 'page.main.actions', because the latter doesn't exist [] []
[2025-05-02T19:26:04.042655+00:00] main.INFO: Broken reference: the 'legal' element cannot be added as child to 'footer', because the latter doesn't exist [] []
[2025-05-02T19:26:04.042861+00:00] main.INFO: Broken reference: the 'header.inner.left' element cannot be added as child to 'header', because the latter doesn't exist [] []
[2025-05-02T19:26:04.043015+00:00] main.INFO: Broken reference: the 'header.inner.right' element cannot be added as child to 'header', because the latter doesn't exist [] []
[2025-05-02T19:26:04.043202+00:00] main.INFO: Broken reference: the 'user' tries to reorder itself towards '', but their parents are different: 'header' and '' respectively. [] []
[2025-05-02T19:26:04.043353+00:00] main.INFO: Broken reference: the 'notification.messages' tries to reorder itself towards 'user', but their parents are different: 'header' and '' respectively. [] []
[2025-05-02T19:26:04.043500+00:00] main.INFO: Broken reference: the 'logo' tries to reorder itself towards '', but their parents are different: 'header' and '' respectively. [] []
[2025-05-02T19:26:04.043644+00:00] main.INFO: Broken reference: the 'global.search' tries to reorder itself towards 'logo', but their parents are different: 'header' and '' respectively. [] []
[2025-05-02T19:26:04.043787+00:00] main.INFO: Broken reference: the 'page.actions.toolbar' tries to reorder itself towards '', but their parents are different: 'page.main.actions' and '' respectively. [] []
[2025-05-02T19:26:04.043955+00:00] main.INFO: Broken reference: the 'header.inner.left' tries to reorder itself towards '', but their parents are different: 'header' and '' respectively. [] []
[2025-05-02T19:26:04.044103+00:00] main.INFO: Broken reference: the 'header.inner.right' tries to reorder itself towards 'header.inner.left', but their parents are different: 'header' and '' respectively. [] []
[2025-05-02T19:26:04.044255+00:00] main.INFO: Broken reference: the 'notification.messages' tries to reorder itself towards 'user', but their parents are different: 'header.inner.right' and '' respectively. [] []
[2025-05-02T19:26:08.312711+00:00] main.INFO: Broken reference: the 'tracking' element cannot be added as child to 'header', because the latter doesn't exist [] []
[2025-05-02T19:26:08.313292+00:00] main.INFO: Broken reference: the 'notification_area' element cannot be added as child to 'notifications', because the latter doesn't exist [] []
[2025-05-02T19:26:08.313475+00:00] main.INFO: Broken reference: the 'unread_system_messages' element cannot be added as child to 'notifications', because the latter doesn't exist [] []
[2025-05-02T19:26:08.313637+00:00] main.INFO: Broken reference: the 'notification_window' element cannot be added as child to 'notifications', because the latter doesn't exist [] []
[2025-05-02T19:26:08.313793+00:00] main.INFO: Broken reference: the 'notification.messages' element cannot be added as child to 'header', because the latter doesn't exist [] []
[2025-05-02T19:26:08.313991+00:00] main.INFO: Broken reference: the 'global_notices' element cannot be added as child to 'global.notices', because the latter doesn't exist [] []
[2025-05-02T19:26:08.314149+00:00] main.INFO: Broken reference: the 'logo' element cannot be added as child to 'header', because the latter doesn't exist [] []
[2025-05-02T19:26:08.314303+00:00] main.INFO: Broken reference: the 'global.search' element cannot be added as child to 'header', because the latter doesn't exist [] []
[2025-05-02T19:26:08.314455+00:00] main.INFO: Broken reference: the 'user' element cannot be added as child to 'header', because the latter doesn't exist [] []
[2025-05-02T19:26:08.314608+00:00] main.INFO: Broken reference: the 'menu' element cannot be added as child to 'page.menu', because the latter doesn't exist [] []
[2025-05-02T19:26:08.314759+00:00] main.INFO: Broken reference: the 'breadcrumbs' element cannot be added as child to 'page.breadcrumbs', because the latter doesn't exist [] []
[2025-05-02T19:26:08.314909+00:00] main.INFO: Broken reference: the 'formkey' element cannot be added as child to 'page.formkey', because the latter doesn't exist [] []
[2025-05-02T19:26:08.315059+00:00] main.INFO: Broken reference: the 'page.title' element cannot be added as child to 'main.top', because the latter doesn't exist [] []
[2025-05-02T19:26:08.315234+00:00] main.INFO: Broken reference: the 'messages' element cannot be added as child to 'page.messages', because the latter doesn't exist [] []
[2025-05-02T19:26:08.315394+00:00] main.INFO: Broken reference: the 'page.actions.toolbar' element cannot be added as child to 'page.main.actions', because the latter doesn't exist [] []
[2025-05-02T19:26:08.315548+00:00] main.INFO: Broken reference: the 'legal' element cannot be added as child to 'footer', because the latter doesn't exist [] []
[2025-05-02T19:26:08.315761+00:00] main.INFO: Broken reference: the 'header.inner.left' element cannot be added as child to 'header', because the latter doesn't exist [] []
[2025-05-02T19:26:08.315920+00:00] main.INFO: Broken reference: the 'header.inner.right' element cannot be added as child to 'header', because the latter doesn't exist [] []
[2025-05-02T19:26:08.316113+00:00] main.INFO: Broken reference: the 'user' tries to reorder itself towards '', but their parents are different: 'header' and '' respectively. [] []
[2025-05-02T19:26:08.316268+00:00] main.INFO: Broken reference: the 'notification.messages' tries to reorder itself towards 'user', but their parents are different: 'header' and '' respectively. [] []
[2025-05-02T19:26:08.316453+00:00] main.INFO: Broken reference: the 'logo' tries to reorder itself towards '', but their parents are different: 'header' and '' respectively. [] []
[2025-05-02T19:26:08.316612+00:00] main.INFO: Broken reference: the 'global.search' tries to reorder itself towards 'logo', but their parents are different: 'header' and '' respectively. [] []
[2025-05-02T19:26:08.316762+00:00] main.INFO: Broken reference: the 'page.actions.toolbar' tries to reorder itself towards '', but their parents are different: 'page.main.actions' and '' respectively. [] []
[2025-05-02T19:26:08.316983+00:00] main.INFO: Broken reference: the 'header.inner.left' tries to reorder itself towards '', but their parents are different: 'header' and '' respectively. [] []
[2025-05-02T19:26:08.317145+00:00] main.INFO: Broken reference: the 'header.inner.right' tries to reorder itself towards 'header.inner.left', but their parents are different: 'header' and '' respectively. [] []
[2025-05-02T19:26:08.317307+00:00] main.INFO: Broken reference: the 'notification.messages' tries to reorder itself towards 'user', but their parents are different: 'header.inner.right' and '' respectively. [] []
[2025-05-02T19:26:36.831698+00:00] main.INFO: Broken reference: the 'tracking' element cannot be added as child to 'header', because the latter doesn't exist [] []
[2025-05-02T19:26:36.832446+00:00] main.INFO: Broken reference: the 'notification_area' element cannot be added as child to 'notifications', because the latter doesn't exist [] []
[2025-05-02T19:26:36.832619+00:00] main.INFO: Broken reference: the 'unread_system_messages' element cannot be added as child to 'notifications', because the latter doesn't exist [] []
[2025-05-02T19:26:36.832772+00:00] main.INFO: Broken reference: the 'notification_window' element cannot be added as child to 'notifications', because the latter doesn't exist [] []
[2025-05-02T19:26:36.832920+00:00] main.INFO: Broken reference: the 'notification.messages' element cannot be added as child to 'header', because the latter doesn't exist [] []
[2025-05-02T19:26:36.833073+00:00] main.INFO: Broken reference: the 'global_notices' element cannot be added as child to 'global.notices', because the latter doesn't exist [] []
[2025-05-02T19:26:36.833238+00:00] main.INFO: Broken reference: the 'logo' element cannot be added as child to 'header', because the latter doesn't exist [] []
[2025-05-02T19:26:36.833457+00:00] main.INFO: Broken reference: the 'global.search' element cannot be added as child to 'header', because the latter doesn't exist [] []
[2025-05-02T19:26:36.833617+00:00] main.INFO: Broken reference: the 'user' element cannot be added as child to 'header', because the latter doesn't exist [] []
[2025-05-02T19:26:36.833807+00:00] main.INFO: Broken reference: the 'menu' element cannot be added as child to 'page.menu', because the latter doesn't exist [] []
[2025-05-02T19:26:36.834021+00:00] main.INFO: Broken reference: the 'breadcrumbs' element cannot be added as child to 'page.breadcrumbs', because the latter doesn't exist [] []
[2025-05-02T19:26:36.834219+00:00] main.INFO: Broken reference: the 'formkey' element cannot be added as child to 'page.formkey', because the latter doesn't exist [] []
[2025-05-02T19:26:36.834426+00:00] main.INFO: Broken reference: the 'page.title' element cannot be added as child to 'main.top', because the latter doesn't exist [] []
[2025-05-02T19:26:36.834609+00:00] main.INFO: Broken reference: the 'messages' element cannot be added as child to 'page.messages', because the latter doesn't exist [] []
[2025-05-02T19:26:36.834792+00:00] main.INFO: Broken reference: the 'page.actions.toolbar' element cannot be added as child to 'page.main.actions', because the latter doesn't exist [] []
[2025-05-02T19:26:36.834951+00:00] main.INFO: Broken reference: the 'legal' element cannot be added as child to 'footer', because the latter doesn't exist [] []
[2025-05-02T19:26:36.835159+00:00] main.INFO: Broken reference: the 'header.inner.left' element cannot be added as child to 'header', because the latter doesn't exist [] []
[2025-05-02T19:26:36.835309+00:00] main.INFO: Broken reference: the 'header.inner.right' element cannot be added as child to 'header', because the latter doesn't exist [] []
[2025-05-02T19:26:36.835501+00:00] main.INFO: Broken reference: the 'user' tries to reorder itself towards '', but their parents are different: 'header' and '' respectively. [] []
[2025-05-02T19:26:36.835648+00:00] main.INFO: Broken reference: the 'notification.messages' tries to reorder itself towards 'user', but their parents are different: 'header' and '' respectively. [] []
[2025-05-02T19:26:36.835844+00:00] main.INFO: Broken reference: the 'logo' tries to reorder itself towards '', but their parents are different: 'header' and '' respectively. [] []
[2025-05-02T19:26:36.835994+00:00] main.INFO: Broken reference: the 'global.search' tries to reorder itself towards 'logo', but their parents are different: 'header' and '' respectively. [] []
[2025-05-02T19:26:36.836139+00:00] main.INFO: Broken reference: the 'page.actions.toolbar' tries to reorder itself towards '', but their parents are different: 'page.main.actions' and '' respectively. [] []
[2025-05-02T19:26:36.836305+00:00] main.INFO: Broken reference: the 'header.inner.left' tries to reorder itself towards '', but their parents are different: 'header' and '' respectively. [] []
[2025-05-02T19:26:36.836481+00:00] main.INFO: Broken reference: the 'header.inner.right' tries to reorder itself towards 'header.inner.left', but their parents are different: 'header' and '' respectively. [] []
[2025-05-02T19:26:36.836637+00:00] main.INFO: Broken reference: the 'notification.messages' tries to reorder itself towards 'user', but their parents are different: 'header.inner.right' and '' respectively. [] []
[2025-05-02T19:26:41.937169+00:00] main.INFO: Broken reference: the 'tracking' element cannot be added as child to 'header', because the latter doesn't exist [] []
[2025-05-02T19:26:41.937757+00:00] main.INFO: Broken reference: the 'notification_area' element cannot be added as child to 'notifications', because the latter doesn't exist [] []
[2025-05-02T19:26:41.937935+00:00] main.INFO: Broken reference: the 'unread_system_messages' element cannot be added as child to 'notifications', because the latter doesn't exist [] []
[2025-05-02T19:26:41.938096+00:00] main.INFO: Broken reference: the 'notification_window' element cannot be added as child to 'notifications', because the latter doesn't exist [] []
[2025-05-02T19:26:41.938253+00:00] main.INFO: Broken reference: the 'notification.messages' element cannot be added as child to 'header', because the latter doesn't exist [] []
[2025-05-02T19:26:41.938412+00:00] main.INFO: Broken reference: the 'global_notices' element cannot be added as child to 'global.notices', because the latter doesn't exist [] []
[2025-05-02T19:26:41.938564+00:00] main.INFO: Broken reference: the 'logo' element cannot be added as child to 'header', because the latter doesn't exist [] []
[2025-05-02T19:26:41.938714+00:00] main.INFO: Broken reference: the 'global.search' element cannot be added as child to 'header', because the latter doesn't exist [] []
[2025-05-02T19:26:41.938863+00:00] main.INFO: Broken reference: the 'user' element cannot be added as child to 'header', because the latter doesn't exist [] []
[2025-05-02T19:26:41.939013+00:00] main.INFO: Broken reference: the 'menu' element cannot be added as child to 'page.menu', because the latter doesn't exist [] []
[2025-05-02T19:26:41.939160+00:00] main.INFO: Broken reference: the 'breadcrumbs' element cannot be added as child to 'page.breadcrumbs', because the latter doesn't exist [] []
[2025-05-02T19:26:41.939307+00:00] main.INFO: Broken reference: the 'formkey' element cannot be added as child to 'page.formkey', because the latter doesn't exist [] []
[2025-05-02T19:26:41.939455+00:00] main.INFO: Broken reference: the 'page.title' element cannot be added as child to 'main.top', because the latter doesn't exist [] []
[2025-05-02T19:26:41.939601+00:00] main.INFO: Broken reference: the 'messages' element cannot be added as child to 'page.messages', because the latter doesn't exist [] []
[2025-05-02T19:26:41.939749+00:00] main.INFO: Broken reference: the 'page.actions.toolbar' element cannot be added as child to 'page.main.actions', because the latter doesn't exist [] []
[2025-05-02T19:26:41.939897+00:00] main.INFO: Broken reference: the 'legal' element cannot be added as child to 'footer', because the latter doesn't exist [] []
[2025-05-02T19:26:41.940108+00:00] main.INFO: Broken reference: the 'header.inner.left' element cannot be added as child to 'header', because the latter doesn't exist [] []
[2025-05-02T19:26:41.940312+00:00] main.INFO: Broken reference: the 'header.inner.right' element cannot be added as child to 'header', because the latter doesn't exist [] []
[2025-05-02T19:26:41.940512+00:00] main.INFO: Broken reference: the 'user' tries to reorder itself towards '', but their parents are different: 'header' and '' respectively. [] []
[2025-05-02T19:26:41.940670+00:00] main.INFO: Broken reference: the 'notification.messages' tries to reorder itself towards 'user', but their parents are different: 'header' and '' respectively. [] []
[2025-05-02T19:26:41.940821+00:00] main.INFO: Broken reference: the 'logo' tries to reorder itself towards '', but their parents are different: 'header' and '' respectively. [] []
[2025-05-02T19:26:41.941006+00:00] main.INFO: Broken reference: the 'global.search' tries to reorder itself towards 'logo', but their parents are different: 'header' and '' respectively. [] []
[2025-05-02T19:26:41.941160+00:00] main.INFO: Broken reference: the 'page.actions.toolbar' tries to reorder itself towards '', but their parents are different: 'page.main.actions' and '' respectively. [] []
[2025-05-02T19:26:41.941332+00:00] main.INFO: Broken reference: the 'header.inner.left' tries to reorder itself towards '', but their parents are different: 'header' and '' respectively. [] []
[2025-05-02T19:26:41.941485+00:00] main.INFO: Broken reference: the 'header.inner.right' tries to reorder itself towards 'header.inner.left', but their parents are different: 'header' and '' respectively. [] []
[2025-05-02T19:26:41.941642+00:00] main.INFO: Broken reference: the 'notification.messages' tries to reorder itself towards 'user', but their parents are different: 'header.inner.right' and '' respectively. [] []
[2025-05-02T19:26:43.819311+00:00] main.ERROR: Requested path adminhtml/Magento/backend/pt_BR/underscore-umd.js.map is wrong. [] []
[2025-05-02T19:26:43.820044+00:00] main.CRITICAL: Requested path adminhtml/Magento/backend/pt_BR/underscore-umd.js.map is wrong. [] []
[2025-05-02T19:39:37.778736+00:00] main.DEBUG: cache_invalidate:  {"method":"GET","url":"http:/","invalidateInfo":{"tags":["CONFIG"],"mode":"matchingTag"}} []
[2025-05-02T19:39:37.800835+00:00] main.DEBUG: cache_invalidate:  {"method":"GET","url":"http:/","invalidateInfo":{"tags":["LAYOUT_GENERAL_CACHE_TAG"],"mode":"matchingTag"}} []
[2025-05-02T19:39:37.801556+00:00] main.DEBUG: cache_invalidate:  {"method":"GET","url":"http:/","invalidateInfo":{"tags":["BLOCK_HTML"],"mode":"matchingTag"}} []
[2025-05-02T19:39:37.802257+00:00] main.DEBUG: cache_invalidate:  {"method":"GET","url":"http:/","invalidateInfo":{"tags":["COLLECTION_DATA"],"mode":"matchingTag"}} []
[2025-05-02T19:39:37.802935+00:00] main.DEBUG: cache_invalidate:  {"method":"GET","url":"http:/","invalidateInfo":{"tags":["REFLECTION"],"mode":"matchingTag"}} []
[2025-05-02T19:39:37.803604+00:00] main.DEBUG: cache_invalidate:  {"method":"GET","url":"http:/","invalidateInfo":{"tags":["DB_DDL"],"mode":"matchingTag"}} []
[2025-05-02T19:39:37.804955+00:00] main.DEBUG: cache_invalidate:  {"method":"GET","url":"http:/","invalidateInfo":{"tags":["COMPILED_CONFIG"],"mode":"matchingTag"}} []
[2025-05-02T19:39:37.805936+00:00] main.DEBUG: cache_invalidate:  {"method":"GET","url":"http:/","invalidateInfo":{"tags":["EAV"],"mode":"matchingTag"}} []
[2025-05-02T19:39:37.806620+00:00] main.DEBUG: cache_invalidate:  {"method":"GET","url":"http:/","invalidateInfo":{"tags":["CUSTOMER_NOTIFICATION"],"mode":"matchingTag"}} []
[2025-05-02T19:39:37.807288+00:00] main.DEBUG: cache_invalidate:  {"method":"GET","url":"http:/","invalidateInfo":{"tags":["INTEGRATION"],"mode":"matchingTag"}} []
[2025-05-02T19:39:37.807966+00:00] main.DEBUG: cache_invalidate:  {"method":"GET","url":"http:/","invalidateInfo":{"tags":["INTEGRATION_API_CONFIG"],"mode":"matchingTag"}} []
[2025-05-02T19:39:37.808639+00:00] main.DEBUG: cache_invalidate:  {"method":"GET","url":"http:/","invalidateInfo":{"tags":["GRAPHQL_QUERY_RESOLVER_RESULT"],"mode":"matchingTag"}} []
[2025-05-02T19:39:37.811702+00:00] main.DEBUG: cache_invalidate:  {"method":"GET","url":"http:/","invalidateInfo":{"tags":["FPC"],"mode":"matchingTag"}} []
[2025-05-02T19:39:37.812444+00:00] main.DEBUG: cache_invalidate:  {"method":"GET","url":"http:/","invalidateInfo":{"tags":["WEBSERVICE"],"mode":"matchingTag"}} []
[2025-05-02T19:39:37.813123+00:00] main.DEBUG: cache_invalidate:  {"method":"GET","url":"http:/","invalidateInfo":{"tags":["TRANSLATE"],"mode":"matchingTag"}} []
[2025-05-02T19:40:04.566587+00:00] main.DEBUG: cache_invalidate:  {"method":"GET","url":"http:/","invalidateInfo":{"tags":["CONFIG"],"mode":"matchingTag"}} []
[2025-05-02T19:40:16.748395+00:00] main.DEBUG: cache_invalidate:  {"method":"GET","url":"http:/","invalidateInfo":{"identifier":"DB_PDO_MYSQL_DDL_sales_order_status_data_exporter_cl_1"}} []
[2025-05-02T19:40:16.749875+00:00] main.DEBUG: cache_invalidate:  {"method":"GET","url":"http:/","invalidateInfo":{"identifier":"DB_PDO_MYSQL_DDL_sales_order_status_data_exporter_cl_2"}} []
[2025-05-02T19:40:16.750131+00:00] main.DEBUG: cache_invalidate:  {"method":"GET","url":"http:/","invalidateInfo":{"identifier":"DB_PDO_MYSQL_DDL_sales_order_status_data_exporter_cl_3"}} []
[2025-05-02T19:40:16.750308+00:00] main.DEBUG: cache_invalidate:  {"method":"GET","url":"http:/","invalidateInfo":{"identifier":"DB_PDO_MYSQL_DDL_sales_order_status_data_exporter_cl_4"}} []
[2025-05-02T19:40:16.751588+00:00] main.DEBUG: cache_invalidate:  {"method":"GET","url":"http:/","invalidateInfo":{"identifier":"DB_PDO_MYSQL_DDL_sales_order_status_data_exporter_cl_5"}} []
[2025-05-02T19:40:17.996721+00:00] main.DEBUG: cache_invalidate:  {"method":"GET","url":"http:/","invalidateInfo":{"tags":["CONFIG"],"mode":"matchingTag"}} []
[2025-05-02T19:40:18.009761+00:00] main.DEBUG: cache_invalidate:  {"method":"GET","url":"http:/","invalidateInfo":{"tags":["LAYOUT_GENERAL_CACHE_TAG"],"mode":"matchingTag"}} []
[2025-05-02T19:40:18.010519+00:00] main.DEBUG: cache_invalidate:  {"method":"GET","url":"http:/","invalidateInfo":{"tags":["BLOCK_HTML"],"mode":"matchingTag"}} []
[2025-05-02T19:40:18.011224+00:00] main.DEBUG: cache_invalidate:  {"method":"GET","url":"http:/","invalidateInfo":{"tags":["COLLECTION_DATA"],"mode":"matchingTag"}} []
[2025-05-02T19:40:18.118914+00:00] main.DEBUG: cache_invalidate:  {"method":"GET","url":"http:/","invalidateInfo":{"tags":["REFLECTION"],"mode":"matchingTag"}} []
[2025-05-02T19:40:18.167797+00:00] main.DEBUG: cache_invalidate:  {"method":"GET","url":"http:/","invalidateInfo":{"tags":["DB_DDL"],"mode":"matchingTag"}} []
[2025-05-02T19:40:18.185129+00:00] main.DEBUG: cache_invalidate:  {"method":"GET","url":"http:/","invalidateInfo":{"tags":["COMPILED_CONFIG"],"mode":"matchingTag"}} []
[2025-05-02T19:40:18.197808+00:00] main.DEBUG: cache_invalidate:  {"method":"GET","url":"http:/","invalidateInfo":{"tags":["EAV"],"mode":"matchingTag"}} []
[2025-05-02T19:40:18.198947+00:00] main.DEBUG: cache_invalidate:  {"method":"GET","url":"http:/","invalidateInfo":{"tags":["CUSTOMER_NOTIFICATION"],"mode":"matchingTag"}} []
[2025-05-02T19:40:18.199675+00:00] main.DEBUG: cache_invalidate:  {"method":"GET","url":"http:/","invalidateInfo":{"tags":["INTEGRATION"],"mode":"matchingTag"}} []
[2025-05-02T19:40:18.200445+00:00] main.DEBUG: cache_invalidate:  {"method":"GET","url":"http:/","invalidateInfo":{"tags":["INTEGRATION_API_CONFIG"],"mode":"matchingTag"}} []
[2025-05-02T19:40:18.201208+00:00] main.DEBUG: cache_invalidate:  {"method":"GET","url":"http:/","invalidateInfo":{"tags":["GRAPHQL_QUERY_RESOLVER_RESULT"],"mode":"matchingTag"}} []
[2025-05-02T19:40:18.202133+00:00] main.DEBUG: cache_invalidate:  {"method":"GET","url":"http:/","invalidateInfo":{"tags":["FPC"],"mode":"matchingTag"}} []
[2025-05-02T19:40:18.208289+00:00] main.DEBUG: cache_invalidate:  {"method":"GET","url":"http:/","invalidateInfo":{"tags":["WEBSERVICE"],"mode":"matchingTag"}} []
[2025-05-02T19:40:18.209382+00:00] main.DEBUG: cache_invalidate:  {"method":"GET","url":"http:/","invalidateInfo":{"tags":["TRANSLATE"],"mode":"matchingTag"}} []
[2025-05-02T19:41:05.454579+00:00] main.DEBUG: cache_invalidate:  {"method":"GET","url":"http:/","invalidateInfo":{"tags":["FPC"],"mode":"matchingTag"}} []
[2025-05-02T19:41:50.267020+00:00] main.INFO: Broken reference: the 'tracking' element cannot be added as child to 'header', because the latter doesn't exist [] []
[2025-05-02T19:41:50.267760+00:00] main.INFO: Broken reference: the 'notification_area' element cannot be added as child to 'notifications', because the latter doesn't exist [] []
[2025-05-02T19:41:50.267937+00:00] main.INFO: Broken reference: the 'unread_system_messages' element cannot be added as child to 'notifications', because the latter doesn't exist [] []
[2025-05-02T19:41:50.268098+00:00] main.INFO: Broken reference: the 'notification_window' element cannot be added as child to 'notifications', because the latter doesn't exist [] []
[2025-05-02T19:41:50.268254+00:00] main.INFO: Broken reference: the 'notification.messages' element cannot be added as child to 'header', because the latter doesn't exist [] []
[2025-05-02T19:41:50.268412+00:00] main.INFO: Broken reference: the 'global_notices' element cannot be added as child to 'global.notices', because the latter doesn't exist [] []
[2025-05-02T19:41:50.268564+00:00] main.INFO: Broken reference: the 'logo' element cannot be added as child to 'header', because the latter doesn't exist [] []
[2025-05-02T19:41:50.268714+00:00] main.INFO: Broken reference: the 'global.search' element cannot be added as child to 'header', because the latter doesn't exist [] []
[2025-05-02T19:41:50.268865+00:00] main.INFO: Broken reference: the 'user' element cannot be added as child to 'header', because the latter doesn't exist [] []
[2025-05-02T19:41:50.269015+00:00] main.INFO: Broken reference: the 'menu' element cannot be added as child to 'page.menu', because the latter doesn't exist [] []
[2025-05-02T19:41:50.269166+00:00] main.INFO: Broken reference: the 'breadcrumbs' element cannot be added as child to 'page.breadcrumbs', because the latter doesn't exist [] []
[2025-05-02T19:41:50.269315+00:00] main.INFO: Broken reference: the 'formkey' element cannot be added as child to 'page.formkey', because the latter doesn't exist [] []
[2025-05-02T19:41:50.269463+00:00] main.INFO: Broken reference: the 'page.title' element cannot be added as child to 'main.top', because the latter doesn't exist [] []
[2025-05-02T19:41:50.269612+00:00] main.INFO: Broken reference: the 'messages' element cannot be added as child to 'page.messages', because the latter doesn't exist [] []
[2025-05-02T19:41:50.269761+00:00] main.INFO: Broken reference: the 'page.actions.toolbar' element cannot be added as child to 'page.main.actions', because the latter doesn't exist [] []
[2025-05-02T19:41:50.269908+00:00] main.INFO: Broken reference: the 'legal' element cannot be added as child to 'footer', because the latter doesn't exist [] []
[2025-05-02T19:41:50.270119+00:00] main.INFO: Broken reference: the 'header.inner.left' element cannot be added as child to 'header', because the latter doesn't exist [] []
[2025-05-02T19:41:50.270318+00:00] main.INFO: Broken reference: the 'header.inner.right' element cannot be added as child to 'header', because the latter doesn't exist [] []
[2025-05-02T19:41:50.270513+00:00] main.INFO: Broken reference: the 'user' tries to reorder itself towards '', but their parents are different: 'header' and '' respectively. [] []
[2025-05-02T19:41:50.270670+00:00] main.INFO: Broken reference: the 'notification.messages' tries to reorder itself towards 'user', but their parents are different: 'header' and '' respectively. [] []
[2025-05-02T19:41:50.270822+00:00] main.INFO: Broken reference: the 'logo' tries to reorder itself towards '', but their parents are different: 'header' and '' respectively. [] []
[2025-05-02T19:41:50.270970+00:00] main.INFO: Broken reference: the 'global.search' tries to reorder itself towards 'logo', but their parents are different: 'header' and '' respectively. [] []
[2025-05-02T19:41:50.271118+00:00] main.INFO: Broken reference: the 'page.actions.toolbar' tries to reorder itself towards '', but their parents are different: 'page.main.actions' and '' respectively. [] []
[2025-05-02T19:41:50.271332+00:00] main.INFO: Broken reference: the 'header.inner.left' tries to reorder itself towards '', but their parents are different: 'header' and '' respectively. [] []
[2025-05-02T19:41:50.271492+00:00] main.INFO: Broken reference: the 'header.inner.right' tries to reorder itself towards 'header.inner.left', but their parents are different: 'header' and '' respectively. [] []
[2025-05-02T19:41:50.271654+00:00] main.INFO: Broken reference: the 'notification.messages' tries to reorder itself towards 'user', but their parents are different: 'header.inner.right' and '' respectively. [] []
[2025-05-02T19:41:50.770937+00:00] main.ERROR: Requested path adminhtml/Magento/backend/pt_BR/requirejs/require.js is wrong. [] []
[2025-05-02T19:41:50.771728+00:00] main.CRITICAL: Requested path adminhtml/Magento/backend/pt_BR/requirejs/require.js is wrong. [] []
[2025-05-02T19:41:50.771680+00:00] main.ERROR: Requested path adminhtml/Magento/backend/pt_BR/jquery/jstree/themes/default/style.css is wrong. [] []
[2025-05-02T19:41:50.772428+00:00] main.CRITICAL: Requested path adminhtml/Magento/backend/pt_BR/jquery/jstree/themes/default/style.css is wrong. [] []
[2025-05-02T19:41:50.772321+00:00] main.ERROR: Requested path adminhtml/Magento/backend/pt_BR/jquery/uppy/dist/uppy-custom.css is wrong. [] []
[2025-05-02T19:41:50.773055+00:00] main.CRITICAL: Requested path adminhtml/Magento/backend/pt_BR/jquery/uppy/dist/uppy-custom.css is wrong. [] []
[2025-05-02T19:41:50.773749+00:00] main.ERROR: Requested path adminhtml/Magento/backend/pt_BR/Magento_ReCaptchaUser/css/recaptcha.css is wrong. [] []
[2025-05-02T19:41:50.774565+00:00] main.CRITICAL: Requested path adminhtml/Magento/backend/pt_BR/Magento_ReCaptchaUser/css/recaptcha.css is wrong. [] []
[2025-05-02T19:41:50.777187+00:00] main.ERROR: Requested path adminhtml/Magento/backend/pt_BR/css/styles.css is wrong. [] []
[2025-05-02T19:41:50.778386+00:00] main.CRITICAL: Requested path adminhtml/Magento/backend/pt_BR/css/styles.css is wrong. [] []
[2025-05-02T19:41:50.787403+00:00] main.ERROR: Requested path adminhtml/Magento/backend/pt_BR/mage/requirejs/mixins.js is wrong. [] []
[2025-05-02T19:41:50.788192+00:00] main.CRITICAL: Requested path adminhtml/Magento/backend/pt_BR/mage/requirejs/mixins.js is wrong. [] []
[2025-05-02T19:41:50.978887+00:00] main.ERROR: Requested path adminhtml/Magento/backend/pt_BR/images/magento-logo.svg is wrong. [] []
[2025-05-02T19:41:50.979478+00:00] main.CRITICAL: Requested path adminhtml/Magento/backend/pt_BR/images/magento-logo.svg is wrong. [] []
[2025-05-02T19:41:51.168840+00:00] main.ERROR: Requested path adminhtml/Magento/backend/pt_BR/Magento_Theme/favicon.ico is wrong. [] []
[2025-05-02T19:41:51.169399+00:00] main.CRITICAL: Requested path adminhtml/Magento/backend/pt_BR/Magento_Theme/favicon.ico is wrong. [] []
[2025-05-02T19:41:54.551438+00:00] main.INFO: Broken reference: the 'tracking' element cannot be added as child to 'header', because the latter doesn't exist [] []
[2025-05-02T19:41:54.552006+00:00] main.INFO: Broken reference: the 'notification_area' element cannot be added as child to 'notifications', because the latter doesn't exist [] []
[2025-05-02T19:41:54.552181+00:00] main.INFO: Broken reference: the 'unread_system_messages' element cannot be added as child to 'notifications', because the latter doesn't exist [] []
[2025-05-02T19:41:54.552339+00:00] main.INFO: Broken reference: the 'notification_window' element cannot be added as child to 'notifications', because the latter doesn't exist [] []
[2025-05-02T19:41:54.552491+00:00] main.INFO: Broken reference: the 'notification.messages' element cannot be added as child to 'header', because the latter doesn't exist [] []
[2025-05-02T19:41:54.552645+00:00] main.INFO: Broken reference: the 'global_notices' element cannot be added as child to 'global.notices', because the latter doesn't exist [] []
[2025-05-02T19:41:54.552794+00:00] main.INFO: Broken reference: the 'logo' element cannot be added as child to 'header', because the latter doesn't exist [] []
[2025-05-02T19:41:54.552986+00:00] main.INFO: Broken reference: the 'global.search' element cannot be added as child to 'header', because the latter doesn't exist [] []
[2025-05-02T19:41:54.553143+00:00] main.INFO: Broken reference: the 'user' element cannot be added as child to 'header', because the latter doesn't exist [] []
[2025-05-02T19:41:54.553292+00:00] main.INFO: Broken reference: the 'menu' element cannot be added as child to 'page.menu', because the latter doesn't exist [] []
[2025-05-02T19:41:54.553439+00:00] main.INFO: Broken reference: the 'breadcrumbs' element cannot be added as child to 'page.breadcrumbs', because the latter doesn't exist [] []
[2025-05-02T19:41:54.553586+00:00] main.INFO: Broken reference: the 'formkey' element cannot be added as child to 'page.formkey', because the latter doesn't exist [] []
[2025-05-02T19:41:54.553731+00:00] main.INFO: Broken reference: the 'page.title' element cannot be added as child to 'main.top', because the latter doesn't exist [] []
[2025-05-02T19:41:54.553877+00:00] main.INFO: Broken reference: the 'messages' element cannot be added as child to 'page.messages', because the latter doesn't exist [] []
[2025-05-02T19:41:54.554021+00:00] main.INFO: Broken reference: the 'page.actions.toolbar' element cannot be added as child to 'page.main.actions', because the latter doesn't exist [] []
[2025-05-02T19:41:54.554169+00:00] main.INFO: Broken reference: the 'legal' element cannot be added as child to 'footer', because the latter doesn't exist [] []
[2025-05-02T19:41:54.554379+00:00] main.INFO: Broken reference: the 'header.inner.left' element cannot be added as child to 'header', because the latter doesn't exist [] []
[2025-05-02T19:41:54.554532+00:00] main.INFO: Broken reference: the 'header.inner.right' element cannot be added as child to 'header', because the latter doesn't exist [] []
[2025-05-02T19:41:54.554718+00:00] main.INFO: Broken reference: the 'user' tries to reorder itself towards '', but their parents are different: 'header' and '' respectively. [] []
[2025-05-02T19:41:54.554869+00:00] main.INFO: Broken reference: the 'notification.messages' tries to reorder itself towards 'user', but their parents are different: 'header' and '' respectively. [] []
[2025-05-02T19:41:54.555016+00:00] main.INFO: Broken reference: the 'logo' tries to reorder itself towards '', but their parents are different: 'header' and '' respectively. [] []
[2025-05-02T19:41:54.555162+00:00] main.INFO: Broken reference: the 'global.search' tries to reorder itself towards 'logo', but their parents are different: 'header' and '' respectively. [] []
[2025-05-02T19:41:54.555306+00:00] main.INFO: Broken reference: the 'page.actions.toolbar' tries to reorder itself towards '', but their parents are different: 'page.main.actions' and '' respectively. [] []
[2025-05-02T19:41:54.555472+00:00] main.INFO: Broken reference: the 'header.inner.left' tries to reorder itself towards '', but their parents are different: 'header' and '' respectively. [] []
[2025-05-02T19:41:54.555678+00:00] main.INFO: Broken reference: the 'header.inner.right' tries to reorder itself towards 'header.inner.left', but their parents are different: 'header' and '' respectively. [] []
[2025-05-02T19:41:54.555836+00:00] main.INFO: Broken reference: the 'notification.messages' tries to reorder itself towards 'user', but their parents are different: 'header.inner.right' and '' respectively. [] []
[2025-05-02T19:41:54.847306+00:00] main.ERROR: Requested path adminhtml/Magento/backend/pt_BR/Magento_ReCaptchaUser/css/recaptcha.css is wrong. [] []
[2025-05-02T19:41:54.847438+00:00] main.ERROR: Requested path adminhtml/Magento/backend/pt_BR/jquery/jstree/themes/default/style.css is wrong. [] []
[2025-05-02T19:41:54.847899+00:00] main.CRITICAL: Requested path adminhtml/Magento/backend/pt_BR/Magento_ReCaptchaUser/css/recaptcha.css is wrong. [] []
[2025-05-02T19:41:54.847973+00:00] main.CRITICAL: Requested path adminhtml/Magento/backend/pt_BR/jquery/jstree/themes/default/style.css is wrong. [] []
[2025-05-02T19:41:54.850155+00:00] main.ERROR: Requested path adminhtml/Magento/backend/pt_BR/mage/requirejs/mixins.js is wrong. [] []
[2025-05-02T19:41:54.850762+00:00] main.CRITICAL: Requested path adminhtml/Magento/backend/pt_BR/mage/requirejs/mixins.js is wrong. [] []
[2025-05-02T19:41:54.869053+00:00] main.ERROR: Requested path adminhtml/Magento/backend/pt_BR/jquery/uppy/dist/uppy-custom.css is wrong. [] []
[2025-05-02T19:41:54.869637+00:00] main.CRITICAL: Requested path adminhtml/Magento/backend/pt_BR/jquery/uppy/dist/uppy-custom.css is wrong. [] []
[2025-05-02T19:41:54.884552+00:00] main.ERROR: Requested path adminhtml/Magento/backend/pt_BR/requirejs/require.js is wrong. [] []
[2025-05-02T19:41:54.885126+00:00] main.CRITICAL: Requested path adminhtml/Magento/backend/pt_BR/requirejs/require.js is wrong. [] []
[2025-05-02T19:41:54.889995+00:00] main.ERROR: Requested path adminhtml/Magento/backend/pt_BR/css/styles.css is wrong. [] []
[2025-05-02T19:41:54.890554+00:00] main.CRITICAL: Requested path adminhtml/Magento/backend/pt_BR/css/styles.css is wrong. [] []
[2025-05-02T19:41:55.038323+00:00] main.ERROR: Requested path adminhtml/Magento/backend/pt_BR/images/magento-logo.svg is wrong. [] []
[2025-05-02T19:41:55.038913+00:00] main.CRITICAL: Requested path adminhtml/Magento/backend/pt_BR/images/magento-logo.svg is wrong. [] []
[2025-05-02T19:41:56.053875+00:00] main.INFO: Broken reference: the 'tracking' element cannot be added as child to 'header', because the latter doesn't exist [] []
[2025-05-02T19:41:56.054445+00:00] main.INFO: Broken reference: the 'notification_area' element cannot be added as child to 'notifications', because the latter doesn't exist [] []
[2025-05-02T19:41:56.054621+00:00] main.INFO: Broken reference: the 'unread_system_messages' element cannot be added as child to 'notifications', because the latter doesn't exist [] []
[2025-05-02T19:41:56.054780+00:00] main.INFO: Broken reference: the 'notification_window' element cannot be added as child to 'notifications', because the latter doesn't exist [] []
[2025-05-02T19:41:56.054932+00:00] main.INFO: Broken reference: the 'notification.messages' element cannot be added as child to 'header', because the latter doesn't exist [] []
[2025-05-02T19:41:56.055087+00:00] main.INFO: Broken reference: the 'global_notices' element cannot be added as child to 'global.notices', because the latter doesn't exist [] []
[2025-05-02T19:41:56.055237+00:00] main.INFO: Broken reference: the 'logo' element cannot be added as child to 'header', because the latter doesn't exist [] []
[2025-05-02T19:41:56.055386+00:00] main.INFO: Broken reference: the 'global.search' element cannot be added as child to 'header', because the latter doesn't exist [] []
[2025-05-02T19:41:56.055533+00:00] main.INFO: Broken reference: the 'user' element cannot be added as child to 'header', because the latter doesn't exist [] []
[2025-05-02T19:41:56.055722+00:00] main.INFO: Broken reference: the 'menu' element cannot be added as child to 'page.menu', because the latter doesn't exist [] []
[2025-05-02T19:41:56.055871+00:00] main.INFO: Broken reference: the 'breadcrumbs' element cannot be added as child to 'page.breadcrumbs', because the latter doesn't exist [] []
[2025-05-02T19:41:56.056019+00:00] main.INFO: Broken reference: the 'formkey' element cannot be added as child to 'page.formkey', because the latter doesn't exist [] []
[2025-05-02T19:41:56.056164+00:00] main.INFO: Broken reference: the 'page.title' element cannot be added as child to 'main.top', because the latter doesn't exist [] []
[2025-05-02T19:41:56.056310+00:00] main.INFO: Broken reference: the 'messages' element cannot be added as child to 'page.messages', because the latter doesn't exist [] []
[2025-05-02T19:41:56.056455+00:00] main.INFO: Broken reference: the 'page.actions.toolbar' element cannot be added as child to 'page.main.actions', because the latter doesn't exist [] []
[2025-05-02T19:41:56.056600+00:00] main.INFO: Broken reference: the 'legal' element cannot be added as child to 'footer', because the latter doesn't exist [] []
[2025-05-02T19:41:56.056847+00:00] main.INFO: Broken reference: the 'header.inner.left' element cannot be added as child to 'header', because the latter doesn't exist [] []
[2025-05-02T19:41:56.057011+00:00] main.INFO: Broken reference: the 'header.inner.right' element cannot be added as child to 'header', because the latter doesn't exist [] []
[2025-05-02T19:41:56.057201+00:00] main.INFO: Broken reference: the 'user' tries to reorder itself towards '', but their parents are different: 'header' and '' respectively. [] []
[2025-05-02T19:41:56.057354+00:00] main.INFO: Broken reference: the 'notification.messages' tries to reorder itself towards 'user', but their parents are different: 'header' and '' respectively. [] []
[2025-05-02T19:41:56.057502+00:00] main.INFO: Broken reference: the 'logo' tries to reorder itself towards '', but their parents are different: 'header' and '' respectively. [] []
[2025-05-02T19:41:56.057650+00:00] main.INFO: Broken reference: the 'global.search' tries to reorder itself towards 'logo', but their parents are different: 'header' and '' respectively. [] []
[2025-05-02T19:41:56.057795+00:00] main.INFO: Broken reference: the 'page.actions.toolbar' tries to reorder itself towards '', but their parents are different: 'page.main.actions' and '' respectively. [] []
[2025-05-02T19:41:56.057962+00:00] main.INFO: Broken reference: the 'header.inner.left' tries to reorder itself towards '', but their parents are different: 'header' and '' respectively. [] []
[2025-05-02T19:41:56.058193+00:00] main.INFO: Broken reference: the 'header.inner.right' tries to reorder itself towards 'header.inner.left', but their parents are different: 'header' and '' respectively. [] []
[2025-05-02T19:41:56.058454+00:00] main.INFO: Broken reference: the 'notification.messages' tries to reorder itself towards 'user', but their parents are different: 'header.inner.right' and '' respectively. [] []
[2025-05-02T19:41:56.358693+00:00] main.ERROR: Requested path adminhtml/Magento/backend/pt_BR/css/styles.css is wrong. [] []
[2025-05-02T19:41:56.359300+00:00] main.CRITICAL: Requested path adminhtml/Magento/backend/pt_BR/css/styles.css is wrong. [] []
[2025-05-02T19:41:56.361252+00:00] main.ERROR: Requested path adminhtml/Magento/backend/pt_BR/jquery/jstree/themes/default/style.css is wrong. [] []
[2025-05-02T19:41:56.361874+00:00] main.CRITICAL: Requested path adminhtml/Magento/backend/pt_BR/jquery/jstree/themes/default/style.css is wrong. [] []
[2025-05-02T19:41:56.361612+00:00] main.ERROR: Requested path adminhtml/Magento/backend/pt_BR/requirejs/require.js is wrong. [] []
[2025-05-02T19:41:56.361587+00:00] main.ERROR: Requested path adminhtml/Magento/backend/pt_BR/mage/requirejs/mixins.js is wrong. [] []
[2025-05-02T19:41:56.362221+00:00] main.CRITICAL: Requested path adminhtml/Magento/backend/pt_BR/requirejs/require.js is wrong. [] []
[2025-05-02T19:41:56.362257+00:00] main.CRITICAL: Requested path adminhtml/Magento/backend/pt_BR/mage/requirejs/mixins.js is wrong. [] []
[2025-05-02T19:41:56.362886+00:00] main.ERROR: Requested path adminhtml/Magento/backend/pt_BR/Magento_ReCaptchaUser/css/recaptcha.css is wrong. [] []
[2025-05-02T19:41:56.363427+00:00] main.CRITICAL: Requested path adminhtml/Magento/backend/pt_BR/Magento_ReCaptchaUser/css/recaptcha.css is wrong. [] []
[2025-05-02T19:41:56.364254+00:00] main.ERROR: Requested path adminhtml/Magento/backend/pt_BR/jquery/uppy/dist/uppy-custom.css is wrong. [] []
[2025-05-02T19:41:56.365193+00:00] main.CRITICAL: Requested path adminhtml/Magento/backend/pt_BR/jquery/uppy/dist/uppy-custom.css is wrong. [] []
[2025-05-02T19:41:56.559327+00:00] main.ERROR: Requested path adminhtml/Magento/backend/pt_BR/images/magento-logo.svg is wrong. [] []
[2025-05-02T19:41:56.559877+00:00] main.CRITICAL: Requested path adminhtml/Magento/backend/pt_BR/images/magento-logo.svg is wrong. [] []
[2025-05-02T19:41:57.545263+00:00] main.INFO: Broken reference: the 'tracking' element cannot be added as child to 'header', because the latter doesn't exist [] []
[2025-05-02T19:41:57.545897+00:00] main.INFO: Broken reference: the 'notification_area' element cannot be added as child to 'notifications', because the latter doesn't exist [] []
[2025-05-02T19:41:57.546078+00:00] main.INFO: Broken reference: the 'unread_system_messages' element cannot be added as child to 'notifications', because the latter doesn't exist [] []
[2025-05-02T19:41:57.546237+00:00] main.INFO: Broken reference: the 'notification_window' element cannot be added as child to 'notifications', because the latter doesn't exist [] []
[2025-05-02T19:41:57.546392+00:00] main.INFO: Broken reference: the 'notification.messages' element cannot be added as child to 'header', because the latter doesn't exist [] []
[2025-05-02T19:41:57.546549+00:00] main.INFO: Broken reference: the 'global_notices' element cannot be added as child to 'global.notices', because the latter doesn't exist [] []
[2025-05-02T19:41:57.546700+00:00] main.INFO: Broken reference: the 'logo' element cannot be added as child to 'header', because the latter doesn't exist [] []
[2025-05-02T19:41:57.546850+00:00] main.INFO: Broken reference: the 'global.search' element cannot be added as child to 'header', because the latter doesn't exist [] []
[2025-05-02T19:41:57.546999+00:00] main.INFO: Broken reference: the 'user' element cannot be added as child to 'header', because the latter doesn't exist [] []
[2025-05-02T19:41:57.547148+00:00] main.INFO: Broken reference: the 'menu' element cannot be added as child to 'page.menu', because the latter doesn't exist [] []
[2025-05-02T19:41:57.547296+00:00] main.INFO: Broken reference: the 'breadcrumbs' element cannot be added as child to 'page.breadcrumbs', because the latter doesn't exist [] []
[2025-05-02T19:41:57.547444+00:00] main.INFO: Broken reference: the 'formkey' element cannot be added as child to 'page.formkey', because the latter doesn't exist [] []
[2025-05-02T19:41:57.547591+00:00] main.INFO: Broken reference: the 'page.title' element cannot be added as child to 'main.top', because the latter doesn't exist [] []
[2025-05-02T19:41:57.547738+00:00] main.INFO: Broken reference: the 'messages' element cannot be added as child to 'page.messages', because the latter doesn't exist [] []
[2025-05-02T19:41:57.547884+00:00] main.INFO: Broken reference: the 'page.actions.toolbar' element cannot be added as child to 'page.main.actions', because the latter doesn't exist [] []
[2025-05-02T19:41:57.548031+00:00] main.INFO: Broken reference: the 'legal' element cannot be added as child to 'footer', because the latter doesn't exist [] []
[2025-05-02T19:41:57.548247+00:00] main.INFO: Broken reference: the 'header.inner.left' element cannot be added as child to 'header', because the latter doesn't exist [] []
[2025-05-02T19:41:57.548405+00:00] main.INFO: Broken reference: the 'header.inner.right' element cannot be added as child to 'header', because the latter doesn't exist [] []
[2025-05-02T19:41:57.548598+00:00] main.INFO: Broken reference: the 'user' tries to reorder itself towards '', but their parents are different: 'header' and '' respectively. [] []
[2025-05-02T19:41:57.548788+00:00] main.INFO: Broken reference: the 'notification.messages' tries to reorder itself towards 'user', but their parents are different: 'header' and '' respectively. [] []
[2025-05-02T19:41:57.548939+00:00] main.INFO: Broken reference: the 'logo' tries to reorder itself towards '', but their parents are different: 'header' and '' respectively. [] []
[2025-05-02T19:41:57.549085+00:00] main.INFO: Broken reference: the 'global.search' tries to reorder itself towards 'logo', but their parents are different: 'header' and '' respectively. [] []
[2025-05-02T19:41:57.549232+00:00] main.INFO: Broken reference: the 'page.actions.toolbar' tries to reorder itself towards '', but their parents are different: 'page.main.actions' and '' respectively. [] []
[2025-05-02T19:41:57.549404+00:00] main.INFO: Broken reference: the 'header.inner.left' tries to reorder itself towards '', but their parents are different: 'header' and '' respectively. [] []
[2025-05-02T19:41:57.549555+00:00] main.INFO: Broken reference: the 'header.inner.right' tries to reorder itself towards 'header.inner.left', but their parents are different: 'header' and '' respectively. [] []
[2025-05-02T19:41:57.549751+00:00] main.INFO: Broken reference: the 'notification.messages' tries to reorder itself towards 'user', but their parents are different: 'header.inner.right' and '' respectively. [] []
[2025-05-02T19:41:57.854358+00:00] main.ERROR: Requested path adminhtml/Magento/backend/pt_BR/jquery/uppy/dist/uppy-custom.css is wrong. [] []
[2025-05-02T19:41:57.855244+00:00] main.CRITICAL: Requested path adminhtml/Magento/backend/pt_BR/jquery/uppy/dist/uppy-custom.css is wrong. [] []
[2025-05-02T19:41:57.856645+00:00] main.ERROR: Requested path adminhtml/Magento/backend/pt_BR/css/styles.css is wrong. [] []
[2025-05-02T19:41:57.856798+00:00] main.ERROR: Requested path adminhtml/Magento/backend/pt_BR/Magento_ReCaptchaUser/css/recaptcha.css is wrong. [] []
[2025-05-02T19:41:57.857327+00:00] main.CRITICAL: Requested path adminhtml/Magento/backend/pt_BR/css/styles.css is wrong. [] []
[2025-05-02T19:41:57.857504+00:00] main.CRITICAL: Requested path adminhtml/Magento/backend/pt_BR/Magento_ReCaptchaUser/css/recaptcha.css is wrong. [] []
[2025-05-02T19:41:57.857866+00:00] main.ERROR: Requested path adminhtml/Magento/backend/pt_BR/jquery/jstree/themes/default/style.css is wrong. [] []
[2025-05-02T19:41:57.858830+00:00] main.CRITICAL: Requested path adminhtml/Magento/backend/pt_BR/jquery/jstree/themes/default/style.css is wrong. [] []
[2025-05-02T19:41:57.858492+00:00] main.ERROR: Requested path adminhtml/Magento/backend/pt_BR/requirejs/require.js is wrong. [] []
[2025-05-02T19:41:57.861341+00:00] main.CRITICAL: Requested path adminhtml/Magento/backend/pt_BR/requirejs/require.js is wrong. [] []
[2025-05-02T19:41:57.865694+00:00] main.ERROR: Requested path adminhtml/Magento/backend/pt_BR/mage/requirejs/mixins.js is wrong. [] []
[2025-05-02T19:41:57.866381+00:00] main.CRITICAL: Requested path adminhtml/Magento/backend/pt_BR/mage/requirejs/mixins.js is wrong. [] []
[2025-05-02T19:41:58.052104+00:00] main.ERROR: Requested path adminhtml/Magento/backend/pt_BR/images/magento-logo.svg is wrong. [] []
[2025-05-02T19:41:58.052697+00:00] main.CRITICAL: Requested path adminhtml/Magento/backend/pt_BR/images/magento-logo.svg is wrong. [] []
[2025-05-02T19:41:58.835742+00:00] main.INFO: Broken reference: the 'tracking' element cannot be added as child to 'header', because the latter doesn't exist [] []
[2025-05-02T19:41:58.836336+00:00] main.INFO: Broken reference: the 'notification_area' element cannot be added as child to 'notifications', because the latter doesn't exist [] []
[2025-05-02T19:41:58.836517+00:00] main.INFO: Broken reference: the 'unread_system_messages' element cannot be added as child to 'notifications', because the latter doesn't exist [] []
[2025-05-02T19:41:58.836681+00:00] main.INFO: Broken reference: the 'notification_window' element cannot be added as child to 'notifications', because the latter doesn't exist [] []
[2025-05-02T19:41:58.836883+00:00] main.INFO: Broken reference: the 'notification.messages' element cannot be added as child to 'header', because the latter doesn't exist [] []
[2025-05-02T19:41:58.837047+00:00] main.INFO: Broken reference: the 'global_notices' element cannot be added as child to 'global.notices', because the latter doesn't exist [] []
[2025-05-02T19:41:58.837203+00:00] main.INFO: Broken reference: the 'logo' element cannot be added as child to 'header', because the latter doesn't exist [] []
[2025-05-02T19:41:58.837358+00:00] main.INFO: Broken reference: the 'global.search' element cannot be added as child to 'header', because the latter doesn't exist [] []
[2025-05-02T19:41:58.837511+00:00] main.INFO: Broken reference: the 'user' element cannot be added as child to 'header', because the latter doesn't exist [] []
[2025-05-02T19:41:58.837664+00:00] main.INFO: Broken reference: the 'menu' element cannot be added as child to 'page.menu', because the latter doesn't exist [] []
[2025-05-02T19:41:58.837815+00:00] main.INFO: Broken reference: the 'breadcrumbs' element cannot be added as child to 'page.breadcrumbs', because the latter doesn't exist [] []
[2025-05-02T19:41:58.838009+00:00] main.INFO: Broken reference: the 'formkey' element cannot be added as child to 'page.formkey', because the latter doesn't exist [] []
[2025-05-02T19:41:58.838170+00:00] main.INFO: Broken reference: the 'page.title' element cannot be added as child to 'main.top', because the latter doesn't exist [] []
[2025-05-02T19:41:58.838325+00:00] main.INFO: Broken reference: the 'messages' element cannot be added as child to 'page.messages', because the latter doesn't exist [] []
[2025-05-02T19:41:58.838475+00:00] main.INFO: Broken reference: the 'page.actions.toolbar' element cannot be added as child to 'page.main.actions', because the latter doesn't exist [] []
[2025-05-02T19:41:58.838628+00:00] main.INFO: Broken reference: the 'legal' element cannot be added as child to 'footer', because the latter doesn't exist [] []
[2025-05-02T19:41:58.838865+00:00] main.INFO: Broken reference: the 'header.inner.left' element cannot be added as child to 'header', because the latter doesn't exist [] []
[2025-05-02T19:41:58.839029+00:00] main.INFO: Broken reference: the 'header.inner.right' element cannot be added as child to 'header', because the latter doesn't exist [] []
[2025-05-02T19:41:58.839230+00:00] main.INFO: Broken reference: the 'user' tries to reorder itself towards '', but their parents are different: 'header' and '' respectively. [] []
[2025-05-02T19:41:58.839389+00:00] main.INFO: Broken reference: the 'notification.messages' tries to reorder itself towards 'user', but their parents are different: 'header' and '' respectively. [] []
[2025-05-02T19:41:58.839542+00:00] main.INFO: Broken reference: the 'logo' tries to reorder itself towards '', but their parents are different: 'header' and '' respectively. [] []
[2025-05-02T19:41:58.839692+00:00] main.INFO: Broken reference: the 'global.search' tries to reorder itself towards 'logo', but their parents are different: 'header' and '' respectively. [] []
[2025-05-02T19:41:58.839841+00:00] main.INFO: Broken reference: the 'page.actions.toolbar' tries to reorder itself towards '', but their parents are different: 'page.main.actions' and '' respectively. [] []
[2025-05-02T19:41:58.840014+00:00] main.INFO: Broken reference: the 'header.inner.left' tries to reorder itself towards '', but their parents are different: 'header' and '' respectively. [] []
[2025-05-02T19:41:58.840167+00:00] main.INFO: Broken reference: the 'header.inner.right' tries to reorder itself towards 'header.inner.left', but their parents are different: 'header' and '' respectively. [] []
[2025-05-02T19:41:58.840328+00:00] main.INFO: Broken reference: the 'notification.messages' tries to reorder itself towards 'user', but their parents are different: 'header.inner.right' and '' respectively. [] []
[2025-05-02T19:41:59.125988+00:00] main.ERROR: Requested path adminhtml/Magento/backend/pt_BR/mage/requirejs/mixins.js is wrong. [] []
[2025-05-02T19:41:59.126659+00:00] main.CRITICAL: Requested path adminhtml/Magento/backend/pt_BR/mage/requirejs/mixins.js is wrong. [] []
[2025-05-02T19:41:59.128533+00:00] main.ERROR: Requested path adminhtml/Magento/backend/pt_BR/jquery/jstree/themes/default/style.css is wrong. [] []
[2025-05-02T19:41:59.129165+00:00] main.CRITICAL: Requested path adminhtml/Magento/backend/pt_BR/jquery/jstree/themes/default/style.css is wrong. [] []
[2025-05-02T19:41:59.130564+00:00] main.ERROR: Requested path adminhtml/Magento/backend/pt_BR/jquery/uppy/dist/uppy-custom.css is wrong. [] []
 [] []
[2025-05-02T19:41:59.131245+00:00] main.CRITICAL: Requested path adminhtml/Magento/backend/pt_BR/Magento_ReCaptchaUser/css/recaptcha.css is wrong. [] []
[2025-05-02T19:41:59.131266+00:00] main.CRITICAL: Requested path adminhtml/Magento/backend/pt_BR/jquery/uppy/dist/uppy-custom.css is wrong. [] []
[2025-05-02T19:41:59.132046+00:00] main.ERROR: Requested path adminhtml/Magento/backend/pt_BR/requirejs/require.js is wrong. [] []
[2025-05-02T19:41:59.132858+00:00] main.CRITICAL: Requested path adminhtml/Magento/backend/pt_BR/requirejs/require.js is wrong. [] []
[2025-05-02T19:41:59.133766+00:00] main.ERROR: Requested path adminhtml/Magento/backend/pt_BR/css/styles.css is wrong. [] []
[2025-05-02T19:41:59.134356+00:00] main.CRITICAL: Requested path adminhtml/Magento/backend/pt_BR/css/styles.css is wrong. [] []
[2025-05-02T19:41:59.315116+00:00] main.ERROR: Requested path adminhtml/Magento/backend/pt_BR/images/magento-logo.svg is wrong. [] []
[2025-05-02T19:41:59.315671+00:00] main.CRITICAL: Requested path adminhtml/Magento/backend/pt_BR/images/magento-logo.svg is wrong. [] []
[2025-05-02T19:42:00.966985+00:00] main.INFO: Broken reference: the 'tracking' element cannot be added as child to 'header', because the latter doesn't exist [] []
[2025-05-02T19:42:00.967563+00:00] main.INFO: Broken reference: the 'notification_area' element cannot be added as child to 'notifications', because the latter doesn't exist [] []
[2025-05-02T19:42:00.967741+00:00] main.INFO: Broken reference: the 'unread_system_messages' element cannot be added as child to 'notifications', because the latter doesn't exist [] []
[2025-05-02T19:42:00.967901+00:00] main.INFO: Broken reference: the 'notification_window' element cannot be added as child to 'notifications', because the latter doesn't exist [] []
[2025-05-02T19:42:00.968055+00:00] main.INFO: Broken reference: the 'notification.messages' element cannot be added as child to 'header', because the latter doesn't exist [] []
[2025-05-02T19:42:00.968214+00:00] main.INFO: Broken reference: the 'global_notices' element cannot be added as child to 'global.notices', because the latter doesn't exist [] []
[2025-05-02T19:42:00.968365+00:00] main.INFO: Broken reference: the 'logo' element cannot be added as child to 'header', because the latter doesn't exist [] []
[2025-05-02T19:42:00.968514+00:00] main.INFO: Broken reference: the 'global.search' element cannot be added as child to 'header', because the latter doesn't exist [] []
[2025-05-02T19:42:00.968666+00:00] main.INFO: Broken reference: the 'user' element cannot be added as child to 'header', because the latter doesn't exist [] []
[2025-05-02T19:42:00.968813+00:00] main.INFO: Broken reference: the 'menu' element cannot be added as child to 'page.menu', because the latter doesn't exist [] []
[2025-05-02T19:42:00.968961+00:00] main.INFO: Broken reference: the 'breadcrumbs' element cannot be added as child to 'page.breadcrumbs', because the latter doesn't exist [] []
[2025-05-02T19:42:00.969109+00:00] main.INFO: Broken reference: the 'formkey' element cannot be added as child to 'page.formkey', because the latter doesn't exist [] []
[2025-05-02T19:42:00.969257+00:00] main.INFO: Broken reference: the 'page.title' element cannot be added as child to 'main.top', because the latter doesn't exist [] []
[2025-05-02T19:42:00.969450+00:00] main.INFO: Broken reference: the 'messages' element cannot be added as child to 'page.messages', because the latter doesn't exist [] []
[2025-05-02T19:42:00.969600+00:00] main.INFO: Broken reference: the 'page.actions.toolbar' element cannot be added as child to 'page.main.actions', because the latter doesn't exist [] []
[2025-05-02T19:42:00.969749+00:00] main.INFO: Broken reference: the 'legal' element cannot be added as child to 'footer', because the latter doesn't exist [] []
[2025-05-02T19:42:00.969962+00:00] main.INFO: Broken reference: the 'header.inner.left' element cannot be added as child to 'header', because the latter doesn't exist [] []
[2025-05-02T19:42:00.970120+00:00] main.INFO: Broken reference: the 'header.inner.right' element cannot be added as child to 'header', because the latter doesn't exist [] []
[2025-05-02T19:42:00.970313+00:00] main.INFO: Broken reference: the 'user' tries to reorder itself towards '', but their parents are different: 'header' and '' respectively. [] []
[2025-05-02T19:42:00.970468+00:00] main.INFO: Broken reference: the 'notification.messages' tries to reorder itself towards 'user', but their parents are different: 'header' and '' respectively. [] []
[2025-05-02T19:42:00.970658+00:00] main.INFO: Broken reference: the 'logo' tries to reorder itself towards '', but their parents are different: 'header' and '' respectively. [] []
[2025-05-02T19:42:00.970813+00:00] main.INFO: Broken reference: the 'global.search' tries to reorder itself towards 'logo', but their parents are different: 'header' and '' respectively. [] []
[2025-05-02T19:42:00.970965+00:00] main.INFO: Broken reference: the 'page.actions.toolbar' tries to reorder itself towards '', but their parents are different: 'page.main.actions' and '' respectively. [] []
[2025-05-02T19:42:00.971139+00:00] main.INFO: Broken reference: the 'header.inner.left' tries to reorder itself towards '', but their parents are different: 'header' and '' respectively. [] []
[2025-05-02T19:42:00.971292+00:00] main.INFO: Broken reference: the 'header.inner.right' tries to reorder itself towards 'header.inner.left', but their parents are different: 'header' and '' respectively. [] []
[2025-05-02T19:42:00.971449+00:00] main.INFO: Broken reference: the 'notification.messages' tries to reorder itself towards 'user', but their parents are different: 'header.inner.right' and '' respectively. [] []
[2025-05-02T19:42:01.274234+00:00] main.ERROR: Requested path adminhtml/Magento/backend/pt_BR/Magento_ReCaptchaUser/css/recaptcha.css is wrong. [] []
[2025-05-02T19:42:01.274465+00:00] main.ERROR: Requested path adminhtml/Magento/backend/pt_BR/css/styles.css is wrong. [] []
[2025-05-02T19:42:01.274656+00:00] main.ERROR: Requested path adminhtml/Magento/backend/pt_BR/jquery/uppy/dist/uppy-custom.css is wrong. [] []
[2025-05-02T19:42:01.275196+00:00] main.CRITICAL: Requested path adminhtml/Magento/backend/pt_BR/Magento_ReCaptchaUser/css/recaptcha.css is wrong. [] []
[2025-05-02T19:42:01.275229+00:00] main.CRITICAL: Requested path adminhtml/Magento/backend/pt_BR/css/styles.css is wrong. [] []
[2025-05-02T19:42:01.275419+00:00] main.CRITICAL: Requested path adminhtml/Magento/backend/pt_BR/jquery/uppy/dist/uppy-custom.css is wrong. [] []
[2025-05-02T19:42:01.280342+00:00] main.ERROR: Requested path adminhtml/Magento/backend/pt_BR/requirejs/require.js is wrong. [] []
[2025-05-02T19:42:01.280450+00:00] main.ERROR: Requested path adminhtml/Magento/backend/pt_BR/jquery/jstree/themes/default/style.css is wrong. [] []
[2025-05-02T19:42:01.280987+00:00] main.CRITICAL: Requested path adminhtml/Magento/backend/pt_BR/requirejs/require.js is wrong. [] []
[2025-05-02T19:42:01.281202+00:00] main.CRITICAL: Requested path adminhtml/Magento/backend/pt_BR/jquery/jstree/themes/default/style.css is wrong. [] []
[2025-05-02T19:42:01.293914+00:00] main.ERROR: Requested path adminhtml/Magento/backend/pt_BR/mage/requirejs/mixins.js is wrong. [] []
[2025-05-02T19:42:01.294518+00:00] main.CRITICAL: Requested path adminhtml/Magento/backend/pt_BR/mage/requirejs/mixins.js is wrong. [] []
[2025-05-02T19:42:01.473919+00:00] main.ERROR: Requested path adminhtml/Magento/backend/pt_BR/images/magento-logo.svg is wrong. [] []
[2025-05-02T19:42:01.474499+00:00] main.CRITICAL: Requested path adminhtml/Magento/backend/pt_BR/images/magento-logo.svg is wrong. [] []
[2025-05-02T19:42:02.116869+00:00] main.INFO: Broken reference: the 'tracking' element cannot be added as child to 'header', because the latter doesn't exist [] []
[2025-05-02T19:42:02.117447+00:00] main.INFO: Broken reference: the 'notification_area' element cannot be added as child to 'notifications', because the latter doesn't exist [] []
[2025-05-02T19:42:02.117624+00:00] main.INFO: Broken reference: the 'unread_system_messages' element cannot be added as child to 'notifications', because the latter doesn't exist [] []
[2025-05-02T19:42:02.117783+00:00] main.INFO: Broken reference: the 'notification_window' element cannot be added as child to 'notifications', because the latter doesn't exist [] []
[2025-05-02T19:42:02.117937+00:00] main.INFO: Broken reference: the 'notification.messages' element cannot be added as child to 'header', because the latter doesn't exist [] []
[2025-05-02T19:42:02.118095+00:00] main.INFO: Broken reference: the 'global_notices' element cannot be added as child to 'global.notices', because the latter doesn't exist [] []
[2025-05-02T19:42:02.118295+00:00] main.INFO: Broken reference: the 'logo' element cannot be added as child to 'header', because the latter doesn't exist [] []
[2025-05-02T19:42:02.118452+00:00] main.INFO: Broken reference: the 'global.search' element cannot be added as child to 'header', because the latter doesn't exist [] []
[2025-05-02T19:42:02.118604+00:00] main.INFO: Broken reference: the 'user' element cannot be added as child to 'header', because the latter doesn't exist [] []
[2025-05-02T19:42:02.118753+00:00] main.INFO: Broken reference: the 'menu' element cannot be added as child to 'page.menu', because the latter doesn't exist [] []
[2025-05-02T19:42:02.118901+00:00] main.INFO: Broken reference: the 'breadcrumbs' element cannot be added as child to 'page.breadcrumbs', because the latter doesn't exist [] []
[2025-05-02T19:42:02.119049+00:00] main.INFO: Broken reference: the 'formkey' element cannot be added as child to 'page.formkey', because the latter doesn't exist [] []
[2025-05-02T19:42:02.119199+00:00] main.INFO: Broken reference: the 'page.title' element cannot be added as child to 'main.top', because the latter doesn't exist [] []
[2025-05-02T19:42:02.119345+00:00] main.INFO: Broken reference: the 'messages' element cannot be added as child to 'page.messages', because the latter doesn't exist [] []
[2025-05-02T19:42:02.119491+00:00] main.INFO: Broken reference: the 'page.actions.toolbar' element cannot be added as child to 'page.main.actions', because the latter doesn't exist [] []
[2025-05-02T19:42:02.119637+00:00] main.INFO: Broken reference: the 'legal' element cannot be added as child to 'footer', because the latter doesn't exist [] []
[2025-05-02T19:42:02.119848+00:00] main.INFO: Broken reference: the 'header.inner.left' element cannot be added as child to 'header', because the latter doesn't exist [] []
[2025-05-02T19:42:02.120005+00:00] main.INFO: Broken reference: the 'header.inner.right' element cannot be added as child to 'header', because the latter doesn't exist [] []
[2025-05-02T19:42:02.120199+00:00] main.INFO: Broken reference: the 'user' tries to reorder itself towards '', but their parents are different: 'header' and '' respectively. [] []
[2025-05-02T19:42:02.120352+00:00] main.INFO: Broken reference: the 'notification.messages' tries to reorder itself towards 'user', but their parents are different: 'header' and '' respectively. [] []
[2025-05-02T19:42:02.120500+00:00] main.INFO: Broken reference: the 'logo' tries to reorder itself towards '', but their parents are different: 'header' and '' respectively. [] []
[2025-05-02T19:42:02.120646+00:00] main.INFO: Broken reference: the 'global.search' tries to reorder itself towards 'logo', but their parents are different: 'header' and '' respectively. [] []
[2025-05-02T19:42:02.120831+00:00] main.INFO: Broken reference: the 'page.actions.toolbar' tries to reorder itself towards '', but their parents are different: 'page.main.actions' and '' respectively. [] []
[2025-05-02T19:42:02.121005+00:00] main.INFO: Broken reference: the 'header.inner.left' tries to reorder itself towards '', but their parents are different: 'header' and '' respectively. [] []
[2025-05-02T19:42:02.121180+00:00] main.INFO: Broken reference: the 'header.inner.right' tries to reorder itself towards 'header.inner.left', but their parents are different: 'header' and '' respectively. [] []
[2025-05-02T19:42:02.121337+00:00] main.INFO: Broken reference: the 'notification.messages' tries to reorder itself towards 'user', but their parents are different: 'header.inner.right' and '' respectively. [] []
[2025-05-02T19:42:02.407518+00:00] main.ERROR: Requested path adminhtml/Magento/backend/pt_BR/jquery/uppy/dist/uppy-custom.css is wrong. [] []
[2025-05-02T19:42:02.408137+00:00] main.CRITICAL: Requested path adminhtml/Magento/backend/pt_BR/jquery/uppy/dist/uppy-custom.css is wrong. [] []
[2025-05-02T19:42:02.407843+00:00] main.ERROR: Requested path adminhtml/Magento/backend/pt_BR/mage/requirejs/mixins.js is wrong. [] []
[2025-05-02T19:42:02.408510+00:00] main.CRITICAL: Requested path adminhtml/Magento/backend/pt_BR/mage/requirejs/mixins.js is wrong. [] []
[2025-05-02T19:42:02.410377+00:00] main.ERROR: Requested path adminhtml/Magento/backend/pt_BR/requirejs/require.js is wrong. [] []
[2025-05-02T19:42:02.411463+00:00] main.CRITICAL: Requested path adminhtml/Magento/backend/pt_BR/requirejs/require.js is wrong. [] []
[2025-05-02T19:42:02.417829+00:00] main.ERROR: Requested path adminhtml/Magento/backend/pt_BR/jquery/jstree/themes/default/style.css is wrong. [] []
[2025-05-02T19:42:02.418448+00:00] main.CRITICAL: Requested path adminhtml/Magento/backend/pt_BR/jquery/jstree/themes/default/style.css is wrong. [] []
[2025-05-02T19:42:02.423026+00:00] main.ERROR: Requested path adminhtml/Magento/backend/pt_BR/css/styles.css is wrong. [] []
[2025-05-02T19:42:02.423629+00:00] main.CRITICAL: Requested path adminhtml/Magento/backend/pt_BR/css/styles.css is wrong. [] []
[2025-05-02T19:42:02.428724+00:00] main.ERROR: Requested path adminhtml/Magento/backend/pt_BR/Magento_ReCaptchaUser/css/recaptcha.css is wrong. [] []
[2025-05-02T19:42:02.429316+00:00] main.CRITICAL: Requested path adminhtml/Magento/backend/pt_BR/Magento_ReCaptchaUser/css/recaptcha.css is wrong. [] []
[2025-05-02T19:42:02.615007+00:00] main.ERROR: Requested path adminhtml/Magento/backend/pt_BR/images/magento-logo.svg is wrong. [] []
[2025-05-02T19:42:02.615586+00:00] main.CRITICAL: Requested path adminhtml/Magento/backend/pt_BR/images/magento-logo.svg is wrong. [] []
[2025-05-02T19:42:03.152300+00:00] main.INFO: Broken reference: the 'tracking' element cannot be added as child to 'header', because the latter doesn't exist [] []
[2025-05-02T19:42:03.152903+00:00] main.INFO: Broken reference: the 'notification_area' element cannot be added as child to 'notifications', because the latter doesn't exist [] []
[2025-05-02T19:42:03.153084+00:00] main.INFO: Broken reference: the 'unread_system_messages' element cannot be added as child to 'notifications', because the latter doesn't exist [] []
[2025-05-02T19:42:03.153247+00:00] main.INFO: Broken reference: the 'notification_window' element cannot be added as child to 'notifications', because the latter doesn't exist [] []
[2025-05-02T19:42:03.153406+00:00] main.INFO: Broken reference: the 'notification.messages' element cannot be added as child to 'header', because the latter doesn't exist [] []
[2025-05-02T19:42:03.153567+00:00] main.INFO: Broken reference: the 'global_notices' element cannot be added as child to 'global.notices', because the latter doesn't exist [] []
[2025-05-02T19:42:03.153722+00:00] main.INFO: Broken reference: the 'logo' element cannot be added as child to 'header', because the latter doesn't exist [] []
[2025-05-02T19:42:03.153923+00:00] main.INFO: Broken reference: the 'global.search' element cannot be added as child to 'header', because the latter doesn't exist [] []
[2025-05-02T19:42:03.154081+00:00] main.INFO: Broken reference: the 'user' element cannot be added as child to 'header', because the latter doesn't exist [] []
[2025-05-02T19:42:03.154235+00:00] main.INFO: Broken reference: the 'menu' element cannot be added as child to 'page.menu', because the latter doesn't exist [] []
[2025-05-02T19:42:03.154400+00:00] main.INFO: Broken reference: the 'breadcrumbs' element cannot be added as child to 'page.breadcrumbs', because the latter doesn't exist [] []
[2025-05-02T19:42:03.154553+00:00] main.INFO: Broken reference: the 'formkey' element cannot be added as child to 'page.formkey', because the latter doesn't exist [] []
[2025-05-02T19:42:03.154704+00:00] main.INFO: Broken reference: the 'page.title' element cannot be added as child to 'main.top', because the latter doesn't exist [] []
[2025-05-02T19:42:03.154854+00:00] main.INFO: Broken reference: the 'messages' element cannot be added as child to 'page.messages', because the latter doesn't exist [] []
[2025-05-02T19:42:03.155008+00:00] main.INFO: Broken reference: the 'page.actions.toolbar' element cannot be added as child to 'page.main.actions', because the latter doesn't exist [] []
[2025-05-02T19:42:03.155203+00:00] main.INFO: Broken reference: the 'legal' element cannot be added as child to 'footer', because the latter doesn't exist [] []
[2025-05-02T19:42:03.155428+00:00] main.INFO: Broken reference: the 'header.inner.left' element cannot be added as child to 'header', because the latter doesn't exist [] []
[2025-05-02T19:42:03.155591+00:00] main.INFO: Broken reference: the 'header.inner.right' element cannot be added as child to 'header', because the latter doesn't exist [] []
[2025-05-02T19:42:03.155789+00:00] main.INFO: Broken reference: the 'user' tries to reorder itself towards '', but their parents are different: 'header' and '' respectively. [] []
[2025-05-02T19:42:03.155946+00:00] main.INFO: Broken reference: the 'notification.messages' tries to reorder itself towards 'user', but their parents are different: 'header' and '' respectively. [] []
[2025-05-02T19:42:03.156100+00:00] main.INFO: Broken reference: the 'logo' tries to reorder itself towards '', but their parents are different: 'header' and '' respectively. [] []
[2025-05-02T19:42:03.156250+00:00] main.INFO: Broken reference: the 'global.search' tries to reorder itself towards 'logo', but their parents are different: 'header' and '' respectively. [] []
[2025-05-02T19:42:03.156412+00:00] main.INFO: Broken reference: the 'page.actions.toolbar' tries to reorder itself towards '', but their parents are different: 'page.main.actions' and '' respectively. [] []
[2025-05-02T19:42:03.156589+00:00] main.INFO: Broken reference: the 'header.inner.left' tries to reorder itself towards '', but their parents are different: 'header' and '' respectively. [] []
[2025-05-02T19:42:03.156743+00:00] main.INFO: Broken reference: the 'header.inner.right' tries to reorder itself towards 'header.inner.left', but their parents are different: 'header' and '' respectively. [] []
[2025-05-02T19:42:03.156903+00:00] main.INFO: Broken reference: the 'notification.messages' tries to reorder itself towards 'user', but their parents are different: 'header.inner.right' and '' respectively. [] []
[2025-05-02T19:42:03.443074+00:00] main.ERROR: Requested path adminhtml/Magento/backend/pt_BR/mage/requirejs/mixins.js is wrong. [] []
[2025-05-02T19:42:03.443734+00:00] main.CRITICAL: Requested path adminhtml/Magento/backend/pt_BR/mage/requirejs/mixins.js is wrong. [] []
[2025-05-02T19:42:03.446783+00:00] main.ERROR: Requested path adminhtml/Magento/backend/pt_BR/jquery/jstree/themes/default/style.css is wrong. [] []
[2025-05-02T19:42:03.447430+00:00] main.CRITICAL: Requested path adminhtml/Magento/backend/pt_BR/jquery/jstree/themes/default/style.css is wrong. [] []
[2025-05-02T19:42:03.447344+00:00] main.ERROR: Requested path adminhtml/Magento/backend/pt_BR/jquery/uppy/dist/uppy-custom.css is wrong. [] []
[2025-05-02T19:42:03.448151+00:00] main.CRITICAL: Requested path adminhtml/Magento/backend/pt_BR/jquery/uppy/dist/uppy-custom.css is wrong. [] []
[2025-05-02T19:42:03.456189+00:00] main.ERROR: Requested path adminhtml/Magento/backend/pt_BR/css/styles.css is wrong. [] []
[2025-05-02T19:42:03.456809+00:00] main.CRITICAL: Requested path adminhtml/Magento/backend/pt_BR/css/styles.css is wrong. [] []
[2025-05-02T19:42:03.459921+00:00] main.ERROR: Requested path adminhtml/Magento/backend/pt_BR/Magento_ReCaptchaUser/css/recaptcha.css is wrong. [] []
[2025-05-02T19:42:03.460553+00:00] main.CRITICAL: Requested path adminhtml/Magento/backend/pt_BR/Magento_ReCaptchaUser/css/recaptcha.css is wrong. [] []
[2025-05-02T19:42:03.472382+00:00] main.ERROR: Requested path adminhtml/Magento/backend/pt_BR/requirejs/require.js is wrong. [] []
[2025-05-02T19:42:03.472952+00:00] main.CRITICAL: Requested path adminhtml/Magento/backend/pt_BR/requirejs/require.js is wrong. [] []
[2025-05-02T19:42:03.622485+00:00] main.ERROR: Requested path adminhtml/Magento/backend/pt_BR/images/magento-logo.svg is wrong. [] []
[2025-05-02T19:42:03.623058+00:00] main.CRITICAL: Requested path adminhtml/Magento/backend/pt_BR/images/magento-logo.svg is wrong. [] []
[2025-05-02T19:42:11.197366+00:00] main.INFO: Broken reference: the 'catalog.compare.sidebar' element cannot be added as child to 'sidebar.additional', because the latter doesn't exist [] []
[2025-05-02T19:42:11.198169+00:00] main.INFO: Broken reference: the 'sale.reorder.sidebar' element cannot be added as child to 'sidebar.additional', because the latter doesn't exist [] []
[2025-05-02T19:42:11.198464+00:00] main.INFO: Broken reference: the 'wishlist_sidebar' element cannot be added as child to 'sidebar.additional', because the latter doesn't exist [] []
[2025-05-02T19:42:11.198654+00:00] main.INFO: Broken reference: the 'paypal.partner.right.logo' element cannot be added as child to 'sidebar.additional', because the latter doesn't exist [] []
[2025-05-02T19:42:11.198809+00:00] main.INFO: Broken reference: the 'bml.right.logo' element cannot be added as child to 'sidebar.additional', because the latter doesn't exist [] []
[2025-05-02T19:42:11.198961+00:00] main.INFO: Broken reference: the 'sidebar.container.paylater' element cannot be added as child to 'sidebar.additional', because the latter doesn't exist [] []
[2025-05-02T19:42:11.501295+00:00] main.ERROR: Braintree\Configuration::merchantId needs to be set (or accessToken needs to be passed to Braintree\Gateway). [] []
[2025-05-02T19:42:11.859905+00:00] main.ERROR: Requested path frontend/Magento/luma/pt_BR/css/styles-m.css is wrong. [] []
[2025-05-02T19:42:11.860732+00:00] main.CRITICAL: Requested path frontend/Magento/luma/pt_BR/css/styles-m.css is wrong. [] []
[2025-05-02T19:42:11.861249+00:00] main.ERROR: Requested path frontend/Magento/luma/pt_BR/requirejs/require.js is wrong. [] []
[2025-05-02T19:42:11.861828+00:00] main.CRITICAL: Requested path frontend/Magento/luma/pt_BR/requirejs/require.js is wrong. [] []
[2025-05-02T19:42:11.862184+00:00] main.ERROR: Requested path frontend/Magento/luma/pt_BR/jquery/uppy/dist/uppy-custom.css is wrong. [] []
[2025-05-02T19:42:11.862213+00:00] main.ERROR: Requested path frontend/Magento/luma/pt_BR/mage/requirejs/mixins.js is wrong. [] []
[2025-05-02T19:42:11.862771+00:00] main.CRITICAL: Requested path frontend/Magento/luma/pt_BR/jquery/uppy/dist/uppy-custom.css is wrong. [] []
[2025-05-02T19:42:11.862909+00:00] main.CRITICAL: Requested path frontend/Magento/luma/pt_BR/mage/requirejs/mixins.js is wrong. [] []
[2025-05-02T19:42:11.867797+00:00] main.ERROR: Requested path frontend/Magento/luma/pt_BR/css/styles-l.css is wrong. [] []
[2025-05-02T19:42:11.868511+00:00] main.CRITICAL: Requested path frontend/Magento/luma/pt_BR/css/styles-l.css is wrong. [] []
[2025-05-02T19:42:11.923056+00:00] main.ERROR: Requested path frontend/Magento/luma/pt_BR/mage/calendar.css is wrong. [] []
[2025-05-02T19:42:11.923802+00:00] main.CRITICAL: Requested path frontend/Magento/luma/pt_BR/mage/calendar.css is wrong. [] []
[2025-05-02T19:42:12.054232+00:00] main.ERROR: Requested path frontend/Magento/luma/pt_BR/fonts/opensans/light/opensans-300.woff2 is wrong. [] []
[2025-05-02T19:42:12.054538+00:00] main.ERROR: Requested path frontend/Magento/luma/pt_BR/fonts/opensans/regular/opensans-400.woff2 is wrong. [] []
[2025-05-02T19:42:12.054676+00:00] main.ERROR: Requested path frontend/Magento/luma/pt_BR/fonts/opensans/semibold/opensans-600.woff2 is wrong. [] []
[2025-05-02T19:42:12.055083+00:00] main.CRITICAL: Requested path frontend/Magento/luma/pt_BR/fonts/opensans/regular/opensans-400.woff2 is wrong. [] []
[2025-05-02T19:42:12.055236+00:00] main.CRITICAL: Requested path frontend/Magento/luma/pt_BR/fonts/opensans/semibold/opensans-600.woff2 is wrong. [] []
[2025-05-02T19:42:12.057752+00:00] main.ERROR: Requested path frontend/Magento/luma/pt_BR/fonts/opensans/bold/opensans-700.woff2 is wrong. [] []
[2025-05-02T19:42:12.058513+00:00] main.CRITICAL: Requested path frontend/Magento/luma/pt_BR/fonts/opensans/bold/opensans-700.woff2 is wrong. [] []
[2025-05-02T19:42:12.061989+00:00] main.ERROR: Requested path frontend/Magento/luma/pt_BR/fonts/Luma-Icons.woff2 is wrong. [] []
[2025-05-02T19:42:12.062653+00:00] main.CRITICAL: Requested path frontend/Magento/luma/pt_BR/fonts/Luma-Icons.woff2 is wrong. [] []
[2025-05-02T19:42:12.110245+00:00] main.ERROR: Requested path frontend/Magento/luma/pt_BR/images/logo.svg is wrong. [] []
[2025-05-02T19:42:12.110813+00:00] main.CRITICAL: Requested path frontend/Magento/luma/pt_BR/images/logo.svg is wrong. [] []
[2025-05-02T19:42:12.261384+00:00] main.ERROR: Requested path frontend/Magento/luma/pt_BR/css/print.css is wrong. [] []
[2025-05-02T19:42:12.261998+00:00] main.CRITICAL: Requested path frontend/Magento/luma/pt_BR/css/print.css is wrong. [] []
[2025-05-02T19:42:12.450774+00:00] main.ERROR: Requested path frontend/Magento/luma/pt_BR/Magento_Theme/favicon.ico is wrong. [] []
[2025-05-02T19:42:12.451337+00:00] main.CRITICAL: Requested path frontend/Magento/luma/pt_BR/Magento_Theme/favicon.ico is wrong. [] []
[2025-05-02T19:42:13.553838+00:00] main.ERROR: Requested path frontend/Magento/luma/pt_BR/mage/calendar.css is wrong. [] []
[2025-05-02T19:42:13.554439+00:00] main.CRITICAL: Requested path frontend/Magento/luma/pt_BR/mage/calendar.css is wrong. [] []
[2025-05-02T19:42:13.561231+00:00] main.ERROR: Requested path frontend/Magento/luma/pt_BR/css/styles-m.css is wrong. [] []
[2025-05-02T19:42:13.561856+00:00] main.CRITICAL: Requested path frontend/Magento/luma/pt_BR/css/styles-m.css is wrong. [] []
[2025-05-02T19:42:13.561650+00:00] main.ERROR: Requested path frontend/Magento/luma/pt_BR/css/styles-l.css is wrong. [] []
[2025-05-02T19:42:13.561745+00:00] main.ERROR: Requested path frontend/Magento/luma/pt_BR/requirejs/require.js is wrong. [] []
[2025-05-02T19:42:13.562206+00:00] main.CRITICAL: Requested path frontend/Magento/luma/pt_BR/css/styles-l.css is wrong. [] []
[2025-05-02T19:42:13.562295+00:00] main.CRITICAL: Requested path frontend/Magento/luma/pt_BR/requirejs/require.js is wrong. [] []
[2025-05-02T19:42:13.569629+00:00] main.ERROR: Requested path frontend/Magento/luma/pt_BR/jquery/uppy/dist/uppy-custom.css is wrong. [] []
[2025-05-02T19:42:13.569855+00:00] main.ERROR: Requested path frontend/Magento/luma/pt_BR/mage/requirejs/mixins.js is wrong. [] []
[2025-05-02T19:42:13.570252+00:00] main.CRITICAL: Requested path frontend/Magento/luma/pt_BR/jquery/uppy/dist/uppy-custom.css is wrong. [] []
[2025-05-02T19:42:13.570392+00:00] main.CRITICAL: Requested path frontend/Magento/luma/pt_BR/mage/requirejs/mixins.js is wrong. [] []
[2025-05-02T19:42:13.746531+00:00] main.ERROR: Requested path frontend/Magento/luma/pt_BR/fonts/opensans/light/opensans-300.woff2 is wrong. [] []
[2025-05-02T19:42:13.747139+00:00] main.CRITICAL: Requested path frontend/Magento/luma/pt_BR/fonts/opensans/light/opensans-300.woff2 is wrong. [] []
[2025-05-02T19:42:13.758117+00:00] main.ERROR: Requested path frontend/Magento/luma/pt_BR/fonts/opensans/regular/opensans-400.woff2 is wrong. [] []
[2025-05-02T19:42:13.758257+00:00] main.ERROR: Requested path frontend/Magento/luma/pt_BR/fonts/opensans/bold/opensans-700.woff2 is wrong. [] []
[2025-05-02T19:42:13.758830+00:00] main.CRITICAL: Requested path frontend/Magento/luma/pt_BR/fonts/opensans/regular/opensans-400.woff2 is wrong. [] []
[2025-05-02T19:42:13.758899+00:00] main.CRITICAL: Requested path frontend/Magento/luma/pt_BR/fonts/opensans/bold/opensans-700.woff2 is wrong. [] []
[2025-05-02T19:42:13.762836+00:00] main.ERROR: Requested path frontend/Magento/luma/pt_BR/images/logo.svg is wrong. [] []
[2025-05-02T19:42:13.763453+00:00] main.CRITICAL: Requested path frontend/Magento/luma/pt_BR/images/logo.svg is wrong. [] []
[2025-05-02T19:42:13.763300+00:00] main.ERROR: Requested path frontend/Magento/luma/pt_BR/fonts/opensans/semibold/opensans-600.woff2 is wrong. [] []
[2025-05-02T19:42:13.763854+00:00] main.CRITICAL: Requested path frontend/Magento/luma/pt_BR/fonts/opensans/semibold/opensans-600.woff2 is wrong. [] []
[2025-05-02T19:42:13.765066+00:00] main.ERROR: Requested path frontend/Magento/luma/pt_BR/fonts/Luma-Icons.woff2 is wrong. [] []
[2025-05-02T19:42:13.765621+00:00] main.CRITICAL: Requested path frontend/Magento/luma/pt_BR/fonts/Luma-Icons.woff2 is wrong. [] []
[2025-05-02T19:42:13.943433+00:00] main.ERROR: Requested path frontend/Magento/luma/pt_BR/css/print.css is wrong. [] []
[2025-05-02T19:42:13.943994+00:00] main.CRITICAL: Requested path frontend/Magento/luma/pt_BR/css/print.css is wrong. [] []
[2025-05-02T19:42:14.132763+00:00] main.ERROR: Requested path frontend/Magento/luma/pt_BR/Magento_Theme/favicon.ico is wrong. [] []
[2025-05-02T19:42:14.133316+00:00] main.CRITICAL: Requested path frontend/Magento/luma/pt_BR/Magento_Theme/favicon.ico is wrong. [] []
[2025-05-02T19:54:40.754940+00:00] main.ERROR: Requested path frontend/Magento/luma/pt_BR/mage/calendar.css is wrong. [] []
[2025-05-02T19:54:40.755804+00:00] main.CRITICAL: Requested path frontend/Magento/luma/pt_BR/mage/calendar.css is wrong. [] []
[2025-05-02T19:54:40.839965+00:00] main.ERROR: Requested path frontend/Magento/luma/pt_BR/jquery/uppy/dist/uppy-custom.css is wrong. [] []
[2025-05-02T19:54:40.840756+00:00] main.CRITICAL: Requested path frontend/Magento/luma/pt_BR/jquery/uppy/dist/uppy-custom.css is wrong. [] []
[2025-05-02T19:54:40.841764+00:00] main.ERROR: Requested path frontend/Magento/luma/pt_BR/css/styles-l.css is wrong. [] []
[2025-05-02T19:54:40.842501+00:00] main.CRITICAL: Requested path frontend/Magento/luma/pt_BR/css/styles-l.css is wrong. [] []
[2025-05-02T19:54:40.850466+00:00] main.ERROR: Requested path frontend/Magento/luma/pt_BR/mage/requirejs/mixins.js is wrong. [] []
[2025-05-02T19:54:40.851250+00:00] main.CRITICAL: Requested path frontend/Magento/luma/pt_BR/mage/requirejs/mixins.js is wrong. [] []
[2025-05-02T19:54:40.852503+00:00] main.ERROR: Requested path frontend/Magento/luma/pt_BR/css/styles-m.css is wrong. [] []
[2025-05-02T19:54:40.853472+00:00] main.CRITICAL: Requested path frontend/Magento/luma/pt_BR/css/styles-m.css is wrong. [] []
[2025-05-02T19:54:40.856738+00:00] main.ERROR: Requested path frontend/Magento/luma/pt_BR/requirejs/require.js is wrong. [] []
[2025-05-02T19:54:40.857607+00:00] main.CRITICAL: Requested path frontend/Magento/luma/pt_BR/requirejs/require.js is wrong. [] []
[2025-05-02T19:54:40.963055+00:00] main.ERROR: Requested path frontend/Magento/luma/pt_BR/fonts/opensans/light/opensans-300.woff2 is wrong. [] []
[2025-05-02T19:54:40.963713+00:00] main.CRITICAL: Requested path frontend/Magento/luma/pt_BR/fonts/opensans/light/opensans-300.woff2 is wrong. [] []
[2025-05-02T19:54:41.047821+00:00] main.ERROR: Requested path frontend/Magento/luma/pt_BR/fonts/opensans/regular/opensans-400.woff2 is wrong. [] []
[2025-05-02T19:54:41.048422+00:00] main.CRITICAL: Requested path frontend/Magento/luma/pt_BR/fonts/opensans/regular/opensans-400.woff2 is wrong. [] []
[2025-05-02T19:54:41.051819+00:00] main.ERROR: Requested path frontend/Magento/luma/pt_BR/fonts/opensans/semibold/opensans-600.woff2 is wrong. [] []
[2025-05-02T19:54:41.052635+00:00] main.CRITICAL: Requested path frontend/Magento/luma/pt_BR/fonts/opensans/semibold/opensans-600.woff2 is wrong. [] []
[2025-05-02T19:54:41.057201+00:00] main.ERROR: Requested path frontend/Magento/luma/pt_BR/fonts/opensans/bold/opensans-700.woff2 is wrong. [] []
[2025-05-02T19:54:41.057814+00:00] main.CRITICAL: Requested path frontend/Magento/luma/pt_BR/fonts/opensans/bold/opensans-700.woff2 is wrong. [] []
[2025-05-02T19:54:41.065219+00:00] main.ERROR: Requested path frontend/Magento/luma/pt_BR/fonts/Luma-Icons.woff2 is wrong. [] []
[2025-05-02T19:54:41.065801+00:00] main.CRITICAL: Requested path frontend/Magento/luma/pt_BR/fonts/Luma-Icons.woff2 is wrong. [] []
[2025-05-02T19:54:41.073987+00:00] main.ERROR: Requested path frontend/Magento/luma/pt_BR/images/logo.svg is wrong. [] []
[2025-05-02T19:54:41.074551+00:00] main.CRITICAL: Requested path frontend/Magento/luma/pt_BR/images/logo.svg is wrong. [] []
[2025-05-02T19:54:41.164647+00:00] main.ERROR: Requested path frontend/Magento/luma/pt_BR/css/print.css is wrong. [] []
[2025-05-02T19:54:41.165214+00:00] main.CRITICAL: Requested path frontend/Magento/luma/pt_BR/css/print.css is wrong. [] []
[2025-05-02T19:54:47.180384+00:00] main.INFO: Broken reference: the 'catalog.compare.sidebar' element cannot be added as child to 'sidebar.additional', because the latter doesn't exist [] []
[2025-05-02T19:54:47.181095+00:00] main.INFO: Broken reference: the 'sale.reorder.sidebar' element cannot be added as child to 'sidebar.additional', because the latter doesn't exist [] []
[2025-05-02T19:54:47.181398+00:00] main.INFO: Broken reference: the 'wishlist_sidebar' element cannot be added as child to 'sidebar.additional', because the latter doesn't exist [] []
[2025-05-02T19:54:47.181593+00:00] main.INFO: Broken reference: the 'paypal.partner.right.logo' element cannot be added as child to 'sidebar.additional', because the latter doesn't exist [] []
[2025-05-02T19:54:47.181754+00:00] main.INFO: Broken reference: the 'bml.right.logo' element cannot be added as child to 'sidebar.additional', because the latter doesn't exist [] []
[2025-05-02T19:54:47.181905+00:00] main.INFO: Broken reference: the 'sidebar.container.paylater' element cannot be added as child to 'sidebar.additional', because the latter doesn't exist [] []
[2025-05-02T19:54:47.370761+00:00] main.ERROR: Braintree\Configuration::merchantId needs to be set (or accessToken needs to be passed to Braintree\Gateway). [] []
[2025-05-02T19:54:47.690799+00:00] main.ERROR: Requested path frontend/Magento/luma/pt_BR/mage/calendar.css is wrong. [] []
[2025-05-02T19:54:47.690842+00:00] main.ERROR: Requested path frontend/Magento/luma/pt_BR/css/styles-l.css is wrong. [] []
[2025-05-02T19:54:47.691420+00:00] main.CRITICAL: Requested path frontend/Magento/luma/pt_BR/mage/calendar.css is wrong. [] []
[2025-05-02T19:54:47.691469+00:00] main.CRITICAL: Requested path frontend/Magento/luma/pt_BR/css/styles-l.css is wrong. [] []
[2025-05-02T19:54:47.695611+00:00] main.ERROR: Requested path frontend/Magento/luma/pt_BR/fonts/opensans/semibold/opensans-600.woff2 is wrong. [] []
[2025-05-02T19:54:47.696278+00:00] main.CRITICAL: Requested path frontend/Magento/luma/pt_BR/fonts/opensans/semibold/opensans-600.woff2 is wrong. [] []
[2025-05-02T19:54:47.697715+00:00] main.ERROR: Requested path frontend/Magento/luma/pt_BR/css/styles-m.css is wrong. [] []
[2025-05-02T19:54:47.698260+00:00] main.CRITICAL: Requested path frontend/Magento/luma/pt_BR/css/styles-m.css is wrong. [] []
[2025-05-02T19:54:47.741515+00:00] main.ERROR: Requested path frontend/Magento/luma/pt_BR/requirejs/require.js is wrong. [] []
[2025-05-02T19:54:47.742121+00:00] main.CRITICAL: Requested path frontend/Magento/luma/pt_BR/requirejs/require.js is wrong. [] []
[2025-05-02T19:54:47.777108+00:00] main.ERROR: Requested path frontend/Magento/luma/pt_BR/fonts/opensans/regular/opensans-400.woff2 is wrong. [] []
[2025-05-02T19:54:47.778244+00:00] main.CRITICAL: Requested path frontend/Magento/luma/pt_BR/fonts/opensans/regular/opensans-400.woff2 is wrong. [] []
[2025-05-02T19:54:47.879806+00:00] main.ERROR: Requested path frontend/Magento/luma/pt_BR/fonts/opensans/light/opensans-300.woff2 is wrong. [] []
[2025-05-02T19:54:47.879830+00:00] main.ERROR: Requested path frontend/Magento/luma/pt_BR/mage/requirejs/mixins.js is wrong. [] []
[2025-05-02T19:54:47.879855+00:00] main.ERROR: Requested path frontend/Magento/luma/pt_BR/fonts/opensans/bold/opensans-700.woff2 is wrong. [] []
[2025-05-02T19:54:47.880511+00:00] main.CRITICAL: Requested path frontend/Magento/luma/pt_BR/fonts/opensans/light/opensans-300.woff2 is wrong. [] []
[2025-05-02T19:54:47.880529+00:00] main.CRITICAL: Requested path frontend/Magento/luma/pt_BR/mage/requirejs/mixins.js is wrong. [] []
[2025-05-02T19:54:47.880574+00:00] main.CRITICAL: Requested path frontend/Magento/luma/pt_BR/fonts/opensans/bold/opensans-700.woff2 is wrong. [] []
[2025-05-02T19:54:47.884953+00:00] main.ERROR: Requested path frontend/Magento/luma/pt_BR/fonts/Luma-Icons.woff2 is wrong. [] []
[2025-05-02T19:54:47.885575+00:00] main.CRITICAL: Requested path frontend/Magento/luma/pt_BR/fonts/Luma-Icons.woff2 is wrong. [] []
[2025-05-02T19:54:47.924331+00:00] main.ERROR: Requested path frontend/Magento/luma/pt_BR/images/logo.svg is wrong. [] []
[2025-05-02T19:54:47.924940+00:00] main.CRITICAL: Requested path frontend/Magento/luma/pt_BR/images/logo.svg is wrong. [] []
[2025-05-02T19:54:48.059195+00:00] main.ERROR: Requested path frontend/Magento/luma/pt_BR/css/print.css is wrong. [] []
[2025-05-02T19:54:48.059778+00:00] main.CRITICAL: Requested path frontend/Magento/luma/pt_BR/css/print.css is wrong. [] []
[2025-05-02T19:54:48.258155+00:00] main.ERROR: Requested path frontend/Magento/luma/pt_BR/Magento_Theme/favicon.ico is wrong. [] []
[2025-05-02T19:54:48.258718+00:00] main.CRITICAL: Requested path frontend/Magento/luma/pt_BR/Magento_Theme/favicon.ico is wrong. [] []
[2025-05-02T19:55:02.905341+00:00] main.ERROR: Requested path frontend/Magento/luma/pt_BR/css/styles-m.css is wrong. [] []
[2025-05-02T19:55:02.906194+00:00] main.CRITICAL: Requested path frontend/Magento/luma/pt_BR/css/styles-m.css is wrong. [] []
[2025-05-02T19:55:02.908255+00:00] main.ERROR: Requested path frontend/Magento/luma/pt_BR/jquery/uppy/dist/uppy-custom.css is wrong. [] []
[2025-05-02T19:55:02.908903+00:00] main.CRITICAL: Requested path frontend/Magento/luma/pt_BR/jquery/uppy/dist/uppy-custom.css is wrong. [] []
[2025-05-02T19:55:02.908644+00:00] main.ERROR: Requested path frontend/Magento/luma/pt_BR/css/styles-l.css is wrong. [] []
[2025-05-02T19:55:02.909301+00:00] main.CRITICAL: Requested path frontend/Magento/luma/pt_BR/css/styles-l.css is wrong. [] []
[2025-05-02T19:55:02.911600+00:00] main.ERROR: Requested path frontend/Magento/luma/pt_BR/mage/calendar.css is wrong. [] []
[2025-05-02T19:55:02.912302+00:00] main.CRITICAL: Requested path frontend/Magento/luma/pt_BR/mage/calendar.css is wrong. [] []
[2025-05-02T19:55:02.916019+00:00] main.ERROR: Requested path frontend/Magento/luma/pt_BR/css/print.css is wrong. [] []
[2025-05-02T19:55:02.916632+00:00] main.CRITICAL: Requested path frontend/Magento/luma/pt_BR/css/print.css is wrong. [] []
[2025-05-02T19:55:06.718712+00:00] main.ERROR: Requested path frontend/Magento/luma/pt_BR/Magento_Theme/favicon.ico is wrong. [] []
[2025-05-02T19:55:06.719324+00:00] main.CRITICAL: Requested path frontend/Magento/luma/pt_BR/Magento_Theme/favicon.ico is wrong. [] []
[2025-05-02T19:56:50.861060+00:00] main.INFO: Broken reference: the 'tracking' element cannot be added as child to 'header', because the latter doesn't exist [] []
[2025-05-02T19:56:50.861887+00:00] main.INFO: Broken reference: the 'notification_area' element cannot be added as child to 'notifications', because the latter doesn't exist [] []
[2025-05-02T19:56:50.862062+00:00] main.INFO: Broken reference: the 'unread_system_messages' element cannot be added as child to 'notifications', because the latter doesn't exist [] []
[2025-05-02T19:56:50.862220+00:00] main.INFO: Broken reference: the 'notification_window' element cannot be added as child to 'notifications', because the latter doesn't exist [] []
[2025-05-02T19:56:50.862471+00:00] main.INFO: Broken reference: the 'notification.messages' element cannot be added as child to 'header', because the latter doesn't exist [] []
[2025-05-02T19:56:50.862669+00:00] main.INFO: Broken reference: the 'global_notices' element cannot be added as child to 'global.notices', because the latter doesn't exist [] []
[2025-05-02T19:56:50.862855+00:00] main.INFO: Broken reference: the 'logo' element cannot be added as child to 'header', because the latter doesn't exist [] []
[2025-05-02T19:56:50.863057+00:00] main.INFO: Broken reference: the 'global.search' element cannot be added as child to 'header', because the latter doesn't exist [] []
[2025-05-02T19:56:50.863213+00:00] main.INFO: Broken reference: the 'user' element cannot be added as child to 'header', because the latter doesn't exist [] []
[2025-05-02T19:56:50.863409+00:00] main.INFO: Broken reference: the 'menu' element cannot be added as child to 'page.menu', because the latter doesn't exist [] []
[2025-05-02T19:56:50.863576+00:00] main.INFO: Broken reference: the 'breadcrumbs' element cannot be added as child to 'page.breadcrumbs', because the latter doesn't exist [] []
[2025-05-02T19:56:50.863741+00:00] main.INFO: Broken reference: the 'formkey' element cannot be added as child to 'page.formkey', because the latter doesn't exist [] []
[2025-05-02T19:56:50.863935+00:00] main.INFO: Broken reference: the 'page.title' element cannot be added as child to 'main.top', because the latter doesn't exist [] []
[2025-05-02T19:56:50.864092+00:00] main.INFO: Broken reference: the 'messages' element cannot be added as child to 'page.messages', because the latter doesn't exist [] []
[2025-05-02T19:56:50.864241+00:00] main.INFO: Broken reference: the 'page.actions.toolbar' element cannot be added as child to 'page.main.actions', because the latter doesn't exist [] []
[2025-05-02T19:56:50.864423+00:00] main.INFO: Broken reference: the 'legal' element cannot be added as child to 'footer', because the latter doesn't exist [] []
[2025-05-02T19:56:50.864685+00:00] main.INFO: Broken reference: the 'header.inner.left' element cannot be added as child to 'header', because the latter doesn't exist [] []
[2025-05-02T19:56:50.864916+00:00] main.INFO: Broken reference: the 'header.inner.right' element cannot be added as child to 'header', because the latter doesn't exist [] []
[2025-05-02T19:56:50.865127+00:00] main.INFO: Broken reference: the 'user' tries to reorder itself towards '', but their parents are different: 'header' and '' respectively. [] []
[2025-05-02T19:56:50.865287+00:00] main.INFO: Broken reference: the 'notification.messages' tries to reorder itself towards 'user', but their parents are different: 'header' and '' respectively. [] []
[2025-05-02T19:56:50.865442+00:00] main.INFO: Broken reference: the 'logo' tries to reorder itself towards '', but their parents are different: 'header' and '' respectively. [] []
[2025-05-02T19:56:50.865594+00:00] main.INFO: Broken reference: the 'global.search' tries to reorder itself towards 'logo', but their parents are different: 'header' and '' respectively. [] []
[2025-05-02T19:56:50.865744+00:00] main.INFO: Broken reference: the 'page.actions.toolbar' tries to reorder itself towards '', but their parents are different: 'page.main.actions' and '' respectively. [] []
[2025-05-02T19:56:50.865923+00:00] main.INFO: Broken reference: the 'header.inner.left' tries to reorder itself towards '', but their parents are different: 'header' and '' respectively. [] []
[2025-05-02T19:56:50.866080+00:00] main.INFO: Broken reference: the 'header.inner.right' tries to reorder itself towards 'header.inner.left', but their parents are different: 'header' and '' respectively. [] []
[2025-05-02T19:56:50.866244+00:00] main.INFO: Broken reference: the 'notification.messages' tries to reorder itself towards 'user', but their parents are different: 'header.inner.right' and '' respectively. [] []
[2025-05-02T19:56:56.263949+00:00] main.INFO: Broken reference: the 'tracking' element cannot be added as child to 'header', because the latter doesn't exist [] []
[2025-05-02T19:56:56.264726+00:00] main.INFO: Broken reference: the 'notification_area' element cannot be added as child to 'notifications', because the latter doesn't exist [] []
[2025-05-02T19:56:56.264905+00:00] main.INFO: Broken reference: the 'unread_system_messages' element cannot be added as child to 'notifications', because the latter doesn't exist [] []
[2025-05-02T19:56:56.265064+00:00] main.INFO: Broken reference: the 'notification_window' element cannot be added as child to 'notifications', because the latter doesn't exist [] []
[2025-05-02T19:56:56.265218+00:00] main.INFO: Broken reference: the 'notification.messages' element cannot be added as child to 'header', because the latter doesn't exist [] []
[2025-05-02T19:56:56.265373+00:00] main.INFO: Broken reference: the 'global_notices' element cannot be added as child to 'global.notices', because the latter doesn't exist [] []
[2025-05-02T19:56:56.265526+00:00] main.INFO: Broken reference: the 'logo' element cannot be added as child to 'header', because the latter doesn't exist [] []
[2025-05-02T19:56:56.265675+00:00] main.INFO: Broken reference: the 'global.search' element cannot be added as child to 'header', because the latter doesn't exist [] []
[2025-05-02T19:56:56.265869+00:00] main.INFO: Broken reference: the 'user' element cannot be added as child to 'header', because the latter doesn't exist [] []
[2025-05-02T19:56:56.266027+00:00] main.INFO: Broken reference: the 'menu' element cannot be added as child to 'page.menu', because the latter doesn't exist [] []
[2025-05-02T19:56:56.266179+00:00] main.INFO: Broken reference: the 'breadcrumbs' element cannot be added as child to 'page.breadcrumbs', because the latter doesn't exist [] []
[2025-05-02T19:56:56.266330+00:00] main.INFO: Broken reference: the 'formkey' element cannot be added as child to 'page.formkey', because the latter doesn't exist [] []
[2025-05-02T19:56:56.266479+00:00] main.INFO: Broken reference: the 'page.title' element cannot be added as child to 'main.top', because the latter doesn't exist [] []
[2025-05-02T19:56:56.266627+00:00] main.INFO: Broken reference: the 'messages' element cannot be added as child to 'page.messages', because the latter doesn't exist [] []
[2025-05-02T19:56:56.266774+00:00] main.INFO: Broken reference: the 'page.actions.toolbar' element cannot be added as child to 'page.main.actions', because the latter doesn't exist [] []
[2025-05-02T19:56:56.266921+00:00] main.INFO: Broken reference: the 'legal' element cannot be added as child to 'footer', because the latter doesn't exist [] []
[2025-05-02T19:56:56.267134+00:00] main.INFO: Broken reference: the 'header.inner.left' element cannot be added as child to 'header', because the latter doesn't exist [] []
[2025-05-02T19:56:56.267290+00:00] main.INFO: Broken reference: the 'header.inner.right' element cannot be added as child to 'header', because the latter doesn't exist [] []
[2025-05-02T19:56:56.267482+00:00] main.INFO: Broken reference: the 'user' tries to reorder itself towards '', but their parents are different: 'header' and '' respectively. [] []
[2025-05-02T19:56:56.267635+00:00] main.INFO: Broken reference: the 'notification.messages' tries to reorder itself towards 'user', but their parents are different: 'header' and '' respectively. [] []
[2025-05-02T19:56:56.267783+00:00] main.INFO: Broken reference: the 'logo' tries to reorder itself towards '', but their parents are different: 'header' and '' respectively. [] []
[2025-05-02T19:56:56.267930+00:00] main.INFO: Broken reference: the 'global.search' tries to reorder itself towards 'logo', but their parents are different: 'header' and '' respectively. [] []
[2025-05-02T19:56:56.268077+00:00] main.INFO: Broken reference: the 'page.actions.toolbar' tries to reorder itself towards '', but their parents are different: 'page.main.actions' and '' respectively. [] []
[2025-05-02T19:56:56.268246+00:00] main.INFO: Broken reference: the 'header.inner.left' tries to reorder itself towards '', but their parents are different: 'header' and '' respectively. [] []
[2025-05-02T19:56:56.268440+00:00] main.INFO: Broken reference: the 'header.inner.right' tries to reorder itself towards 'header.inner.left', but their parents are different: 'header' and '' respectively. [] []
[2025-05-02T19:56:56.268603+00:00] main.INFO: Broken reference: the 'notification.messages' tries to reorder itself towards 'user', but their parents are different: 'header.inner.right' and '' respectively. [] []
[2025-05-02T19:57:00.652825+00:00] main.INFO: Broken reference: the 'tracking' element cannot be added as child to 'header', because the latter doesn't exist [] []
[2025-05-02T19:57:00.653462+00:00] main.INFO: Broken reference: the 'notification_area' element cannot be added as child to 'notifications', because the latter doesn't exist [] []
[2025-05-02T19:57:00.653647+00:00] main.INFO: Broken reference: the 'unread_system_messages' element cannot be added as child to 'notifications', because the latter doesn't exist [] []
[2025-05-02T19:57:00.653812+00:00] main.INFO: Broken reference: the 'notification_window' element cannot be added as child to 'notifications', because the latter doesn't exist [] []
[2025-05-02T19:57:00.653970+00:00] main.INFO: Broken reference: the 'notification.messages' element cannot be added as child to 'header', because the latter doesn't exist [] []
[2025-05-02T19:57:00.654184+00:00] main.INFO: Broken reference: the 'global_notices' element cannot be added as child to 'global.notices', because the latter doesn't exist [] []
[2025-05-02T19:57:00.654348+00:00] main.INFO: Broken reference: the 'logo' element cannot be added as child to 'header', because the latter doesn't exist [] []
[2025-05-02T19:57:00.654504+00:00] main.INFO: Broken reference: the 'global.search' element cannot be added as child to 'header', because the latter doesn't exist [] []
[2025-05-02T19:57:00.654658+00:00] main.INFO: Broken reference: the 'user' element cannot be added as child to 'header', because the latter doesn't exist [] []
[2025-05-02T19:57:00.654812+00:00] main.INFO: Broken reference: the 'menu' element cannot be added as child to 'page.menu', because the latter doesn't exist [] []
[2025-05-02T19:57:00.654965+00:00] main.INFO: Broken reference: the 'breadcrumbs' element cannot be added as child to 'page.breadcrumbs', because the latter doesn't exist [] []
[2025-05-02T19:57:00.655121+00:00] main.INFO: Broken reference: the 'formkey' element cannot be added as child to 'page.formkey', because the latter doesn't exist [] []
[2025-05-02T19:57:00.655320+00:00] main.INFO: Broken reference: the 'page.title' element cannot be added as child to 'main.top', because the latter doesn't exist [] []
[2025-05-02T19:57:00.655480+00:00] main.INFO: Broken reference: the 'messages' element cannot be added as child to 'page.messages', because the latter doesn't exist [] []
[2025-05-02T19:57:00.655641+00:00] main.INFO: Broken reference: the 'page.actions.toolbar' element cannot be added as child to 'page.main.actions', because the latter doesn't exist [] []
[2025-05-02T19:57:00.655795+00:00] main.INFO: Broken reference: the 'legal' element cannot be added as child to 'footer', because the latter doesn't exist [] []
[2025-05-02T19:57:00.656017+00:00] main.INFO: Broken reference: the 'header.inner.left' element cannot be added as child to 'header', because the latter doesn't exist [] []
[2025-05-02T19:57:00.656180+00:00] main.INFO: Broken reference: the 'header.inner.right' element cannot be added as child to 'header', because the latter doesn't exist [] []
[2025-05-02T19:57:00.656388+00:00] main.INFO: Broken reference: the 'user' tries to reorder itself towards '', but their parents are different: 'header' and '' respectively. [] []
[2025-05-02T19:57:00.656544+00:00] main.INFO: Broken reference: the 'notification.messages' tries to reorder itself towards 'user', but their parents are different: 'header' and '' respectively. [] []
[2025-05-02T19:57:00.656696+00:00] main.INFO: Broken reference: the 'logo' tries to reorder itself towards '', but their parents are different: 'header' and '' respectively. [] []
[2025-05-02T19:57:00.656893+00:00] main.INFO: Broken reference: the 'global.search' tries to reorder itself towards 'logo', but their parents are different: 'header' and '' respectively. [] []
[2025-05-02T19:57:00.657052+00:00] main.INFO: Broken reference: the 'page.actions.toolbar' tries to reorder itself towards '', but their parents are different: 'page.main.actions' and '' respectively. [] []
[2025-05-02T19:57:00.657230+00:00] main.INFO: Broken reference: the 'header.inner.left' tries to reorder itself towards '', but their parents are different: 'header' and '' respectively. [] []
[2025-05-02T19:57:00.657385+00:00] main.INFO: Broken reference: the 'header.inner.right' tries to reorder itself towards 'header.inner.left', but their parents are different: 'header' and '' respectively. [] []
[2025-05-02T19:57:00.657545+00:00] main.INFO: Broken reference: the 'notification.messages' tries to reorder itself towards 'user', but their parents are different: 'header.inner.right' and '' respectively. [] []
[2025-05-02T19:57:14.977045+00:00] main.ERROR: Requested path frontend/Magento/luma/pt_BR/underscore-umd.js.map is wrong. [] []
[2025-05-02T19:57:14.977730+00:00] main.CRITICAL: Requested path frontend/Magento/luma/pt_BR/underscore-umd.js.map is wrong. [] []
[2025-05-02T20:56:20.268901+00:00] main.INFO: Broken reference: the 'catalog.compare.sidebar' element cannot be added as child to 'sidebar.additional', because the latter doesn't exist [] []
[2025-05-02T20:56:20.269686+00:00] main.INFO: Broken reference: the 'sale.reorder.sidebar' element cannot be added as child to 'sidebar.additional', because the latter doesn't exist [] []
[2025-05-02T20:56:20.269980+00:00] main.INFO: Broken reference: the 'wishlist_sidebar' element cannot be added as child to 'sidebar.additional', because the latter doesn't exist [] []
[2025-05-02T20:56:20.443150+00:00] main.ERROR: Braintree\Configuration::merchantId needs to be set (or accessToken needs to be passed to Braintree\Gateway). [] []
[2025-05-02T20:56:25.303603+00:00] main.INFO: Broken reference: the 'catalog.compare.sidebar' element cannot be added as child to 'sidebar.additional', because the latter doesn't exist [] []
[2025-05-02T20:56:25.304394+00:00] main.INFO: Broken reference: the 'sale.reorder.sidebar' element cannot be added as child to 'sidebar.additional', because the latter doesn't exist [] []
[2025-05-02T20:56:25.304704+00:00] main.INFO: Broken reference: the 'wishlist_sidebar' element cannot be added as child to 'sidebar.additional', because the latter doesn't exist [] []
[2025-05-02T20:56:25.477404+00:00] main.ERROR: Braintree\Configuration::merchantId needs to be set (or accessToken needs to be passed to Braintree\Gateway). [] []
[2025-05-02T20:56:29.244402+00:00] main.INFO: Broken reference: the 'catalog.compare.sidebar' element cannot be added as child to 'sidebar.additional', because the latter doesn't exist [] []
[2025-05-02T20:56:29.245279+00:00] main.INFO: Broken reference: the 'sale.reorder.sidebar' element cannot be added as child to 'sidebar.additional', because the latter doesn't exist [] []
[2025-05-02T20:56:29.245583+00:00] main.INFO: Broken reference: the 'wishlist_sidebar' element cannot be added as child to 'sidebar.additional', because the latter doesn't exist [] []
[2025-05-02T20:56:29.424626+00:00] main.ERROR: Braintree\Configuration::merchantId needs to be set (or accessToken needs to be passed to Braintree\Gateway). [] []
[2025-05-02T20:56:38.309925+00:00] main.INFO: Broken reference: the 'catalog.compare.sidebar' element cannot be added as child to 'sidebar.additional', because the latter doesn't exist [] []
[2025-05-02T20:56:38.310543+00:00] main.INFO: Broken reference: the 'sale.reorder.sidebar' element cannot be added as child to 'sidebar.additional', because the latter doesn't exist [] []
[2025-05-02T20:56:38.310852+00:00] main.INFO: Broken reference: the 'wishlist_sidebar' element cannot be added as child to 'sidebar.additional', because the latter doesn't exist [] []
[2025-05-02T20:56:38.459697+00:00] main.ERROR: Braintree\Configuration::merchantId needs to be set (or accessToken needs to be passed to Braintree\Gateway). [] []
[2025-05-02T20:56:40.302129+00:00] main.INFO: Broken reference: the 'catalog.compare.sidebar' element cannot be added as child to 'sidebar.additional', because the latter doesn't exist [] []
[2025-05-02T20:56:40.302929+00:00] main.INFO: Broken reference: the 'sale.reorder.sidebar' element cannot be added as child to 'sidebar.additional', because the latter doesn't exist [] []
[2025-05-02T20:56:40.303246+00:00] main.INFO: Broken reference: the 'wishlist_sidebar' element cannot be added as child to 'sidebar.additional', because the latter doesn't exist [] []
[2025-05-02T20:56:40.494010+00:00] main.ERROR: Braintree\Configuration::merchantId needs to be set (or accessToken needs to be passed to Braintree\Gateway). [] []
